6.726146091173963e-10,683646.267938338,90.77124581002799
4.3262222645621583e-10,456572.85464890813,27.564062942790976
5.815626493395219e-10,140209.88682247573,155.39524510183628
2.418955736923226e-09,352080.83830056054,112.56116635576676
2.3523743673961773e-09,368481.77573215123,163.24617641338514
3.935677625187886e-10,310950.3753692365,23.300361467019503
3.40574906301278e-10,267164.44710424746,197.4433700267758
1.7997500584206405e-09,142178.74821902305,63.598871564636504
3.051386361098235e-09,518585.54512990726,110.92682347012018
6.916128111192147e-10,466691.205339761,185.73883840708248
2.0350673430645133e-09,146083.40454568362,28.817138667662494
1.9700743917978112e-09,961299.7506748772,138.7064416121227
1.9666716086620673e-09,235799.93417178947,61.016919300750196
5.664174457746661e-10,233168.87532331835,20.017368023173578
7.48377075686013e-10,540289.3700031646,23.251151617986434
1.8436199200227135e-09,774742.1941696085,119.2999569047846
7.199880826966712e-10,302436.33779694635,66.75067146376377
1.8346053933662374e-09,245551.89272796927,54.567925486220524
1.1302924213995508e-09,159928.72727997522,57.857171326600955
3.893376477734773e-10,816415.1052960138,137.4953271595094
2.330293428069511e-09,664326.8911723347,21.059194294457615
9.656320056511471e-10,680569.3576948191,126.58095714701949
8.879979582248051e-10,135993.91786342108,77.22628040693814
6.746022645256431e-10,479650.2840125701,69.40929756686639
2.3691090276215397e-09,322030.87758133444,79.22066618610123
3.169731632411753e-10,131489.77074750376,27.167338124536293
1.5694741530145762e-09,828173.8856528023,50.79427206719152
3.1016057010976413e-09,151539.5511556498,152.70780915746187
7.735493874704112e-10,916119.5367871918,69.39617552939602
4.766268039303811e-10,915759.3556960765,115.7593138202899
4.0878628957989814e-10,494853.7166636956,80.1650879758018
6.012181470132935e-10,308633.96883646364,31.61376019284904
4.248243891988147e-10,119851.69475222118,67.47750522757413
6.546341628717587e-10,437626.37926412025,37.384642329238694
5.642617906846446e-10,288529.89315409056,23.643830539869743
2.259943095504136e-09,117676.70154495092,144.3469875155582
6.621604500766474e-10,625443.7766301186,23.44116210623823
3.944605541748783e-10,691135.035083931,72.18284698050675
6.640271295807667e-10,380922.4947285482,56.39871965148148
1.1679610847768802e-09,188962.92848834442,112.95921220526692
1.261974812700355e-09,237502.45239855166,47.87728106558518
7.54884682653579e-10,123797.44338179607,133.34818283067952
2.8970270235026176e-09,787429.0611146998,120.81140617701458
8.255055506579946e-10,342635.176053387,48.66898922130921
2.445023446443016e-09,121479.1974772868,45.77475558383092
1.0965402760881467e-09,247054.8760807944,166.95935502315845
9.519036109664718e-10,122093.85809878234,73.88774164394553
3.146653448753312e-09,219728.7952479773,176.1356734940778
2.803940099970066e-09,258841.84468376532,118.26836442968161
4.873502372059438e-10,295373.7821171624,22.902776212523765
7.128836803757235e-10,640167.4747410188,74.1612281325396
3.2853930423627075e-10,428188.1577036204,50.507519126932465
2.0995416434029568e-09,170341.8852980895,121.2255432923628
7.128929715251008e-10,207149.80806923195,62.42331827272833
1.606982000502486e-09,327589.04270212137,102.45399692855219
8.920845307754981e-10,223570.56780467808,78.29758364348257
6.951054206911903e-10,200557.82893899846,42.36323922469795
6.523567660690126e-10,553124.3742801744,136.0484693458226
4.935968167988389e-10,249184.38049056657,122.18070813754234
2.609696715832315e-09,698350.0556822086,20.230472550156566
9.453342903122915e-10,341999.4175413992,181.82447367614975
2.536991061305866e-09,461195.5565024965,158.83190306594406
6.778547258899841e-10,133309.8163286304,29.35623762611065
8.664585776519601e-10,390032.8467489879,108.02587990794245
1.9256858934485456e-09,228648.9941005397,35.35866152769136
1.766822657126191e-09,368062.4651017565,29.909330701055577
3.1261170881113126e-09,132511.9256025202,27.779755492286924
1.63416280553564e-09,236321.71962037744,113.253246441202
1.0987414563315443e-09,141690.1735691733,22.655340422954154
1.3064689052703625e-09,918776.2388955868,178.22052974888246
5.12867002752324e-10,222577.33796887347,36.091104836553775
4.429683158932536e-10,199242.37036845347,30.48943917616263
3.3945762678657064e-10,311760.97524600977,34.087608629372816
4.4177631910942726e-10,136071.7426637575,45.410029743922024
1.8536845344133753e-09,148299.2028579067,73.45224962432083
3.3772878426645954e-10,248658.6960187511,51.544370076160845
4.235762400039508e-10,139068.43213378818,77.10572030867733
1.6117295806283956e-09,363805.66856048175,65.4211520022502
4.6321785719610196e-10,483302.66644040856,198.4229620452305
3.7827740648744955e-10,475092.0381586829,85.61079494054803
2.7299150144065544e-09,134440.39401251316,45.64176656826037
1.9274390476469286e-09,116262.79752684315,55.726297098210395
4.929148280639869e-10,319840.72168209474,103.37950791689856
8.312156141226473e-10,816034.5465162179,131.29362549403865
7.91237920294022e-10,144359.91728880038,96.46140833910887
3.146162709473156e-09,498709.4395683816,83.34850354559785
1.830809243046751e-09,608032.6852314321,31.121703827322445
1.3465847728797851e-09,722032.8036774128,46.9028953940169
4.3320396612293164e-10,618281.7149954217,20.598249290709333
1.0879395142199561e-09,136576.98443286485,84.96298146019777
5.941352599004794e-10,168563.12456368105,88.7256990799498
1.4100020414663434e-09,711506.783693602,68.31299096166582
3.4509744996770805e-10,150403.48018022077,42.51865076936829
3.3062111177411974e-10,432828.52570538793,71.9643725986423
6.202993566061702e-10,916337.7995140888,25.651381458512937
3.900417564686499e-10,871830.1138417316,157.70063823096805
5.148058971904094e-10,241881.53329404062,104.85349799102855
3.633294333399288e-10,664422.2698108739,45.55379483232712
7.682499399180665e-10,274884.9609561592,197.3589504531716
7.717451594639579e-10,646907.2910595605,60.09411005262771
8.273263696804063e-10,105851.4524776177,43.8830111619725
1.3399609846267825e-09,391505.21696805785,33.673890760551615
1.3665645608435029e-09,250202.63111046166,34.03067673189527
4.6456173462975414e-10,304516.8952581696,40.13826613791816
1.1078096453411587e-09,333791.3534184629,166.6981321960238
2.4350994340711168e-09,174607.49951416574,109.35332784638575
1.7715911485786275e-09,304707.8915832632,25.960686758159017
2.696636913287045e-09,170384.04188371394,43.78447244694968
3.585906811853134e-10,560481.7798076932,51.277848973176475
1.7949042934129042e-09,189327.8746840887,33.95581694340427
6.263719991505936e-10,343227.8601181923,25.952261052239322
1.2615127317672777e-09,725705.9360201638,169.4695386840458
3.857394816428328e-10,953547.0228447744,81.66618173893525
3.889476674166901e-10,460222.67270292545,25.64159181366407
1.498386945082386e-09,339054.16751874896,21.114601351254855
2.530278778989926e-09,379452.7290472281,34.04103692993713
3.200276927473057e-10,150995.5476600038,165.13632070791758
1.3353628669104382e-09,240281.78424691426,55.71617029723901
8.801420414940327e-10,970975.8551775523,26.855613237620855
3.583159481019531e-10,248028.44464041648,177.2479144688956
1.4794667212604216e-09,218974.00595336355,25.945736960138824
3.7926161708375476e-10,121423.245777199,79.74928500471155
2.6831592578635013e-09,118642.48741545712,28.445819681173074
1.663863507213908e-09,273866.65487049345,107.59502947624466
4.905804854575588e-10,130181.0093269313,29.089881667543093
8.929816072253575e-10,222150.2476088478,151.89148386020406
6.080238777059769e-10,117965.96277500883,112.40203048332205
2.4446138447099933e-09,794111.4574786037,28.724677666067752
2.378565535364695e-09,294546.97776867996,52.131457706845204
3.0535328891385565e-09,191695.70325849418,25.806876588600037
3.4281514671774523e-10,324102.0556268536,76.47152529585809
2.073775832738276e-09,300515.8217516151,48.645730244241456
2.085879732500857e-09,577075.5759727813,110.60089592402117
9.584522495641536e-10,713956.2433739135,123.15683634921572
2.6513739341204336e-09,217523.69811575534,58.7643810226182
1.5251124943414236e-09,817450.5058079296,24.985539485335853
3.773695010539053e-10,980248.0123243579,39.12506734034091
2.976754793687498e-09,123862.47947716704,33.66842365515144
7.398347199675957e-10,800875.2648065733,106.07620331027815
1.7613447846131557e-09,613288.5491549766,76.01727419628575
9.616208061026473e-10,788090.3704690045,21.87445576083143
1.5826739841773345e-09,489154.3134042484,144.24286175183744
5.93639747079061e-10,112951.18861928413,72.18711855466721
1.2574021358455084e-09,747495.5992239837,41.52939541929256
4.591989174576036e-10,196764.94470450323,25.914885162634103
2.095696711522707e-09,397041.4836825662,33.62822639708566
5.413379384145945e-10,197004.5259065612,131.4527462706823
1.449219145111488e-09,605951.6948287827,89.74863889613495
2.836288682662732e-09,107433.91019669158,164.96731242675355
1.325418249833861e-09,425859.0203033569,90.93001828842146
1.7549028574331435e-09,362038.195723815,36.80018104517859
2.1150545060003494e-09,217217.8268800007,23.856667694667703
1.5363733290676217e-09,712700.1896077689,23.728141183128606
6.547130420288105e-10,233378.27279203074,59.077945150975765
4.0477975644299514e-10,294177.75740008755,56.65826214447689
5.553707697318031e-10,420646.69356107333,33.878713939820386
1.3377483166134277e-09,407431.9338566334,113.02501291615768
7.188519962081288e-10,163804.7287188954,162.67132865087768
2.7481631115612486e-09,146218.84475358276,62.21894019364086
8.26534517141855e-10,140562.26165845734,116.90073877583261
2.144886824930743e-09,632472.7363648593,25.80288791220362
2.486559635538327e-09,260341.03287291402,96.5057817268152
8.004432101308493e-10,554857.551127759,22.058000237879465
5.091949956539919e-10,122746.21704443647,171.2846463105009
5.992459605802867e-10,112545.4450802343,81.96525130709799
4.921451660162446e-10,186094.5870923434,24.175877286623138
2.453536712607967e-09,261391.79211558198,31.086023204035467
3.682143904446192e-10,650323.5015714925,67.91224076315432
1.0318577995894472e-09,276482.65937543684,137.5101515796353
7.309732682787531e-10,141532.13733280415,156.09774640368664
6.669416285980966e-10,534142.8161128515,31.515974855002824
2.6954244408957796e-09,949989.0445423495,151.2039617201009
1.6213910812267006e-09,183203.0397406261,63.16803143617143
1.4137650900010884e-09,150639.71715078483,30.25074435724433
1.6373751703198997e-09,109474.80764170918,106.16738857727248
4.2981016381922744e-10,152956.32876161343,101.82567068321275
1.7847629357174831e-09,171913.7392186461,54.79880659934345
4.028450710150768e-10,711467.7139690969,52.31768026515629
4.4431838304479806e-10,247517.20044260338,30.517927437749744
3.2156083020397364e-10,316702.2328962313,34.04734422211871
5.726077802822821e-10,334473.95790944126,90.58519119152801
1.4614688155593144e-09,355291.60035476024,22.917241826796136
1.4929223614292895e-09,409457.6869119295,44.530359549188034
1.294854729056536e-09,407323.00623427454,58.95334977135304
4.355546512381677e-10,127838.35671164274,33.20673744204951
3.953187335580247e-10,154609.79719041585,60.51404309876095
2.063286986502845e-09,871924.2272841645,20.281083877844946
8.15532280630384e-10,346050.18314629083,32.108538831988554
4.0645388794668624e-10,679960.7062136795,71.4153464395446
2.2417258590084607e-09,228978.35008395012,67.23690327508956
4.4674589824969825e-10,652128.5089334474,147.67241295275787
2.3688356653005427e-09,259000.02671479955,56.424952989340206
2.0579062870465642e-09,240839.92871977444,49.9951801304778
1.3913076669839558e-09,303736.1218154708,108.74247343183772
1.2395861814609461e-09,138224.68446955425,20.073103855740502
3.514256074546481e-10,222736.97164551867,77.1587887409919
1.2787560099545494e-09,993514.0909744132,27.774878469233283
5.729085846538961e-10,254610.0267798518,109.98898034080584
1.1430111669820204e-09,145883.70765812995,49.561914131408685
1.2027815087002436e-09,852617.1672635813,40.355648514398155
2.3760045232777933e-09,776511.4678768863,193.1805906121744
1.9480294201902522e-09,383695.6929588095,90.21731286782605
1.0048792624643675e-09,242350.6575252612,144.36324281883878
1.130058787049835e-09,915539.3992991172,123.84616727099842
6.32199979847803e-10,877050.1931030252,24.369203254397394
3.1002146767208366e-09,889580.7020622935,25.340495533485505
5.775607955028828e-10,117490.47417301228,175.22949985338744
8.713518910088971e-10,140434.85801047715,129.3369041844855
1.4300738640467963e-09,132459.440860643,110.15428339312638
8.266147165233723e-10,560977.012904285,35.94826683605194
1.1081258712387015e-09,317103.891931979,29.26386942954081
1.877541980713508e-09,605253.0830085708,113.05129793575888
2.8832516750072937e-09,112591.84044751283,23.882960221161238
9.735728895383673e-10,124550.55862152932,120.97768145107248
5.733619626317604e-10,253626.05101194285,78.52449787412587
5.065570373468226e-10,443045.6295868031,34.149502873949665
1.0991516800439714e-09,465956.2955906362,150.45761868951251
8.690159794379178e-10,163953.91969378307,197.09924144294567
5.243347249735342e-10,247667.6165904995,29.312950016162254
4.497144577754646e-10,169385.49783017242,39.70899210036153
6.315154649390516e-10,582283.2588073657,38.483589037663066
2.6694667844175788e-09,206721.03967679388,153.01277119032747
3.1154274739360206e-09,156145.73356819525,48.63567810580076
1.1963553402929496e-09,379484.3613235208,195.3276531047312
9.311282360738507e-10,977160.9177859455,33.85259562823761
9.299719443490215e-10,206443.88738609172,53.69463525035167
2.8978107941864537e-09,146762.7583212429,27.465636561301945
2.5091318941846636e-09,219292.26231615516,181.35224276447642
1.395054898444116e-09,737426.7783768412,170.19357608119677
2.2285525390990864e-09,270760.05527365435,114.30813428876242
2.4234665879687075e-09,509442.89781001717,146.12326401673585
1.2101248687555212e-09,340877.7399466815,101.2791951229575
7.503172819081179e-10,520410.72425808996,21.77736711339285
1.2105899600560507e-09,144076.26495870345,73.55817013522828
2.176691625964022e-09,944502.1523037662,125.2472518956348
1.0739259407639498e-09,855288.4991007845,199.27002210065461
1.6544405615809627e-09,123579.14037682618,167.28061701217388
1.1451556574417156e-09,137548.94854883157,93.09672627502322
1.1923296787501485e-09,285250.768008739,132.32994485926324
7.885508935725895e-10,161266.6716869127,107.99745348685649
5.78936028372838e-10,337018.09454208484,181.9553113221712
1.4183468733076085e-09,141246.18319394373,55.67442632005198
5.190947590215733e-10,389970.72703818494,33.93769192530029
6.972244681378181e-10,592135.3527062264,76.45062358472765
2.7932189954938985e-09,213021.23291121813,25.843164711694733
9.657581020240733e-10,367874.6070130648,20.050815727388986
8.048458297797845e-10,934346.3311438108,130.3660015386275
3.1318104648881297e-09,467319.4266569047,20.446657045292863
1.8224830057910741e-09,237627.71937134207,33.025416813850136
6.759924586938061e-10,677982.1676365805,47.94178599584108
4.0747627929821686e-10,828527.7814529537,187.00908249023894
8.626157774863515e-10,122043.38945035795,26.932299528176912
7.802835573353227e-10,194032.4663523774,89.96001047102044
7.916264251829134e-10,636318.3735305134,28.882538200823998
5.978489518653297e-10,194063.90847432907,130.21226746045002
6.228918232404485e-10,445547.97496657935,41.53014217409228
1.9852866729831e-09,153130.97833439388,101.90596477607654
1.301040676538927e-09,258542.23329320326,170.17729047278897
1.3009253591028552e-09,131098.14223636428,81.1477782618521
7.480497515552934e-10,413713.020335066,92.71860504247293
8.941236718473094e-10,826063.1887460639,24.07675896255367
3.2626460102424196e-10,600201.5534731282,67.7850989848223
2.706975701070271e-09,416384.6748659701,149.8951939331797
5.334755125854468e-10,367946.7622679629,21.398661082898016
1.7213613185001824e-09,544087.0733667489,47.65380067430698
1.9329415543251134e-09,344119.6050487512,97.11397089059014
1.020647833572644e-09,601436.1172996871,27.345606608583346
5.699370306347875e-10,132739.49370897852,94.60350243061487
4.713602293902687e-10,296217.8667850372,94.91535238517088
1.232607393206936e-09,256675.94722352,118.67667118174809
4.395946332262326e-10,263147.2515676203,95.4902680847805
1.202430795132278e-09,862560.2428146448,57.50205372165833
1.8892175438037996e-09,162167.2813086531,173.3658111706596
3.270871962291061e-10,252703.3370105406,172.8838121705976
2.5033032110021122e-09,818920.0090513087,48.64103163227933
1.130594335200848e-09,854467.4530093516,69.87787366792416
1.970041953152004e-09,303195.509957789,154.68117846415666
1.4510271077335425e-09,308236.41791207273,66.09943766912144
4.602198389558599e-10,827417.1550180018,43.061974082304
3.5038849141302514e-10,278964.80077512737,90.43559594886031
5.86040186938728e-10,512407.30640054337,24.577600270700994
7.296567382257819e-10,287152.29927772057,39.8451778720017
6.286228758969958e-10,257068.39412623364,61.83282522015307
1.2522101356727599e-09,116835.27043471682,66.60750113422426
1.6808529162364234e-09,929438.1951330359,99.9492832927374
2.8268431939181007e-09,212129.15371306235,34.91743716433206
6.344347823661232e-10,323467.6270457605,110.62194691130617
1.1934743881322937e-09,412321.14965034055,47.23976855227826
1.8630372572600043e-09,117257.49818420342,99.78511203110378
2.580284652024434e-09,318887.61558904947,62.09619921385122
2.9641927104579625e-09,176430.45872950729,28.743222173751988
2.0983490590154816e-09,693940.2499909007,21.632300304378624
4.3850283468531894e-10,177482.59188564442,179.07547610487592
2.3309118530861835e-09,212657.7219718304,49.622765021438674
1.2238443774355913e-09,100871.2439101398,45.39411537068394
8.173817148557325e-10,175303.920497991,27.12970705103594
2.21703269348039e-09,118503.51909919007,144.89217846430157
3.9682223029575433e-10,703413.4203336412,141.45291165622842
5.336358441620123e-10,866985.8056370767,57.6019734026221
1.1773694387992109e-09,102472.90030660061,41.886579369582996
2.4474535783342846e-09,100668.13999727908,21.056041190453808
2.634476399442292e-09,321976.4597863591,121.70525199765754
4.924829986225563e-10,162020.18978699832,122.55661257487034
4.00505552425226e-10,557118.4464325464,78.46248619236634
9.99941752495689e-10,551460.8830411108,32.509049260606524
5.083340540658299e-10,138380.19042792605,77.14357323152527
2.8927234280173483e-09,278549.30801983114,47.9295856026789
8.721038467377423e-10,244503.41899564976,23.35126913025708
6.877344819266432e-10,309238.061613627,45.04100636204678
4.815225339458209e-10,114838.61165406212,30.52902398714848
1.4123761240182723e-09,589580.5249192289,147.31829186900208
1.8427671268927211e-09,276695.0547648656,127.98853530902473
1.2487602557007404e-09,133894.9604879049,55.34408431272175
1.7231179773362371e-09,895282.3731684473,46.92446353167556
1.8993665186765417e-09,242603.13461993024,51.59716635902244
1.1292100470088468e-09,263783.87211481854,37.706012844613326
2.836387513016159e-09,827721.8876977321,127.6733079203769
3.4558202754725346e-10,680597.5190147671,31.191939265968283
7.371028359600164e-10,317823.14214041526,194.8684940377907
5.661215195967972e-10,113747.33528668922,125.71929930100504
1.138883527005604e-09,260885.48261504518,124.84411962616377
1.144288068722372e-09,328578.1381610469,29.898521914936275
1.5051502086447498e-09,563009.5936028785,91.19040545803428
7.38296331346625e-10,773540.111141294,111.76326667766014
8.579075001075989e-10,117445.095877001,190.26717353853235
6.197282623203939e-10,146699.05363067065,26.581015952463847
3.441216949053769e-10,267736.48027251335,72.41637495118283
8.852226670982901e-10,227114.43428376756,25.020660955377355
2.1922170240296514e-09,199173.49999275335,33.87583365993356
1.7738954011152808e-09,757134.9766156485,21.594426155746344
8.817279214364507e-10,100800.08717337457,35.509983792792326
5.250334671688438e-10,882326.8857105757,177.80448881810827
1.3603893328318566e-09,367723.3326586422,87.94819057908471
7.637411143092435e-10,256899.18857913458,41.808473602055386
3.6901969154770476e-10,248621.00716310734,70.70892493707663
4.420166148125549e-10,968195.1114403809,149.44258439122322
7.518239973362642e-10,151421.85144534224,39.39694348580645
4.58823045595519e-10,206526.5744301161,37.782065079549106
1.2245874045647737e-09,482868.2751343739,21.175012908474816
1.0475159689240617e-09,187200.56700524484,31.395443205948823
3.7605542408178856e-10,286330.03151847766,44.04895394827455
2.7089809914669005e-09,922231.1855573942,62.76735215794543
4.0109491169805897e-10,218871.1726951409,47.15020770084531
7.64000164347615e-10,111923.72828637488,157.16445246325705
4.990361522012162e-10,117858.83912058016,46.887450711538456
9.108650157740861e-10,624762.1692306692,169.09012976947287
6.196525964636984e-10,396346.8920689883,41.82445061151964
1.2479759219127876e-09,168552.9119012127,26.839336909539625
1.4759126293939281e-09,377511.1240932275,42.527118649414824
1.3684671242542183e-09,264326.93371259747,170.60435130093066
8.77596681009176e-10,305673.9278444019,90.9694524576803
1.1319438183490738e-09,266500.4803988129,127.81155636613666
1.7733704376956832e-09,898556.8630101719,113.19156885072118
2.4008282941898984e-09,952530.7768026945,130.80942549406328
2.3403781661571266e-09,416144.66300709447,151.3360136571548
1.4391613789093235e-09,191351.42127085576,31.095343795907773
7.891592712342284e-10,104183.8273038955,83.98360753561482
5.384093826254076e-10,237482.30137741976,174.901650947662
6.10931056902638e-10,920262.6533642628,169.5340652284895
3.855446646666657e-10,234165.30244026042,59.31804240952768
3.4966068257819726e-10,218603.06561292414,24.600264392934985
1.1567499200661095e-09,196490.17247358247,25.829274452471445
6.968834595965587e-10,638420.4987103011,47.35610258464549
8.604865011198284e-10,956338.6955398702,94.03027866624565
8.644544044293241e-10,210915.90100936953,155.66192049993774
2.535589469712506e-09,107723.7871725153,38.09225122924147
2.5332525441398324e-09,271976.65634551336,30.569481840788082
6.996691109621559e-10,123355.41680278069,108.59212076191888
8.317936343821495e-10,312363.9344840441,31.825532551497634
5.041804291176936e-10,413917.20495137415,67.61276016140708
1.1507183553582905e-09,400985.721089147,54.40124313213766
9.856865294503856e-10,124266.22053327385,187.1072088488328
2.2046257463262725e-09,590893.578835168,128.41152583097846
6.357330820181686e-10,642485.336463537,34.38525006056862
1.8371326180839543e-09,322413.17281600134,45.03782896697144
1.1964611956461663e-09,985952.2736870195,105.99306575190737
1.2422086298448551e-09,198492.32295307756,43.2295336192178
2.400022936934513e-09,153605.01325374478,99.0108400171587
1.320527523378974e-09,828491.7957034821,77.41984552085695
8.782949011008938e-10,515082.6044563139,99.58616654449554
1.3642558074861958e-09,546680.2309306677,94.22566092780265
4.2420347018163986e-10,753183.1587250225,140.03621729847998
4.659586819258149e-10,327188.9108543902,36.95039962484627
1.0099201331714896e-09,102673.5688065842,190.09321659248195
6.659089101235946e-10,335351.9718119192,28.041893060413773
8.020444423740151e-10,393627.8171373776,170.56979973913192
1.7202539598721888e-09,612549.1084015903,47.31002669245646
1.8005355005441338e-09,320800.8023635945,176.61795183915825
2.5830017571044773e-09,300917.96361291874,22.46536451025965
4.44408117186282e-10,732066.7941978675,38.19627341893993
2.5126236021928503e-09,148806.50834643608,41.99311921389729
2.302380283952698e-09,117002.56973286749,20.96785937591417
4.664899833957e-10,256920.53630234278,34.72707830350061
2.9518302191965267e-09,298231.7038609399,117.05754415787078
2.603865202975726e-09,240184.0531148801,24.04307790743763
8.435673192719227e-10,414473.12967127335,134.89559804496255
4.825055120258919e-10,713648.3310484136,40.76534654059801
2.016414327026673e-09,612727.0663294179,176.29568511860472
1.7191534158168773e-09,877074.1645656031,53.47260932607027
1.7779238088773445e-09,666843.7050759754,36.70671381742607
7.564316616107747e-10,282375.50531855476,22.042179865395187
1.187385731193177e-09,218576.15602938112,122.13301226886124
1.0740429566189264e-09,112696.9244742299,30.660043722377665
1.1579106889016598e-09,623876.6473198237,82.17674855877905
1.4913218365671116e-09,329709.34911992255,119.33724759184658
2.7862734816235867e-09,738376.3243210932,29.28889772413323
7.38243132918071e-10,878849.6338247267,75.1042365901031
8.120626241480781e-10,223930.78924688636,38.65166447996213
3.0620796479912842e-09,709399.4481829081,41.58038226380856
2.2705977234674685e-09,656457.6399932182,90.12022388856276
1.4277469284431654e-09,184980.54224390074,166.92042946536492
3.6251763099441264e-10,100236.8276461669,43.93670277684965
1.5808888805000088e-09,139630.7262909148,41.3840017443798
3.419097148332503e-10,249514.39562361827,46.54692796841474
7.839515054384142e-10,261376.373658042,24.03840511933701
9.719183098165529e-10,858256.177470882,187.0710698595657
1.0584631738529973e-09,132310.46974066313,95.19070874023137
4.700549814680802e-10,184316.77572652407,35.92489104175049
2.3355324127638895e-09,141332.7061985245,20.324804817845724
1.3297690720561076e-09,260266.29979672673,34.88907990641207
1.0615411843070586e-09,177749.53695093514,148.69707118110705
1.4014087530827568e-09,603014.7274520517,52.74125179298518
8.786384581289431e-10,421032.7057106988,70.99036765001118
1.993695270430961e-09,710314.4583653143,91.48480840359481
1.404839462854555e-09,796753.8514376888,21.328884745557044
3.9659328737522915e-10,312288.3707090207,149.9813487452434
2.7400309417489197e-09,499999.4937498709,144.71953328828795
1.9792721407798216e-09,224931.83693045384,182.29054252484698
2.802945962298545e-09,913766.026957459,172.034799497764
4.85225156284756e-10,152497.9047487797,45.520259527086175
6.503453575936441e-10,242309.76161178848,146.15127494960385
5.827282458746306e-10,466034.64361891156,78.10924520751229
6.437222994614462e-10,846582.4823341966,30.75277851311617
3.8388483341079057e-10,253696.82211558585,45.05457221771408
2.28547946077485e-09,909639.3168583831,58.965541041942956
1.8290503234023049e-09,236354.82939720564,99.30407819119112
1.420114703103946e-09,463579.8370996601,155.40207462796005
3.020814168678843e-09,177181.55027005402,26.03940696630279
6.307648299967877e-10,207863.28251790217,52.54090229397406
4.6003188311251703e-10,910008.892845973,135.5867284020758
6.880813105445415e-10,158759.62964474843,187.42895151640965
1.8943750236327113e-09,951773.8046136994,65.13907586534407
9.801910171891111e-10,895385.2267238759,37.76258166414272
7.497780351451987e-10,727618.035569455,182.85620195187832
4.2784338791836897e-10,432597.0383108058,140.209320180779
1.6923576540702921e-09,682898.67582292,25.777875284956796
1.3457639956134578e-09,188458.33552140807,42.31943382034524
1.6786991489620847e-09,475860.7783303598,46.60729454954765
2.396094048237603e-09,146728.93669875542,136.8714830392859
1.3405164594703902e-09,535663.0402116836,81.73109552025387
7.626836841073068e-10,260625.30971657735,69.76985078515371
1.5212826539626447e-09,367495.1712949327,35.50772599760438
7.063738476875802e-10,523208.96719611675,179.14645560637146
5.254263726784755e-10,459338.8577581069,52.2602378362651
3.1713278813700246e-10,426393.60277723573,146.8363879417744
1.1619421313597336e-09,190864.01994568476,25.881879213866565
7.575076684379723e-10,149770.52200705252,130.85224614968587
1.6306900232939665e-09,385437.3933733907,26.050430797173664
1.5074779272354715e-09,100765.11200354983,165.76409256100806
6.426914914802428e-10,742285.8359450692,116.13346292483538
8.848055440823936e-10,691638.0427278194,70.74815975548853
3.263700962716719e-10,156964.33204369538,47.906265363421
1.7840342558023339e-09,179502.52327443945,112.4132570494973
3.61033061784836e-10,761077.3689909466,54.16597759760457
4.5534656711341186e-10,835411.003838564,73.45275079769333
2.4112277067488705e-09,227022.07929236308,61.55792839380473
5.170401330984651e-10,826345.8642991016,83.39740607390937
4.945359324327934e-10,267694.1948753164,45.447196055347845
2.3726438063355386e-09,216152.0377488807,26.016351570079568
1.8085649744253853e-09,462462.3167562835,22.974642657545342
7.953453015263759e-10,377253.90261160367,60.96927886119785
8.081767581630919e-10,304364.302705943,177.40172115502912
1.9020617134367575e-09,182929.86014190057,170.0579414961255
1.0956302793271896e-09,580764.6461342407,196.32187225808428
2.6027630864306372e-09,184049.06814919025,94.2933330001603
1.2281470846261968e-09,122730.0233398132,163.20588725714993
8.199875340653207e-10,342516.39782909706,130.74390957711262
1.267332069823877e-09,692951.2594360904,35.86387154799402
4.0126939991513966e-10,296007.16099319776,180.95238727719567
8.22231291330573e-10,931203.8280225535,37.235750076115124
8.060162488098775e-10,273172.47170907474,48.298429029064756
5.295781332102025e-10,255556.7206575364,130.73407574676432
1.175129377041174e-09,596736.0956462243,157.1557847418526
8.674020623885685e-10,733167.2507817517,32.534696196457055
8.972574097437666e-10,107588.55945227428,50.92371633421625
1.8290674653532906e-09,197437.56497843194,38.82871458358063
1.1943581019077174e-09,337897.82027427433,106.34840305044175
1.0783368253616844e-09,194002.0661341092,56.30071997921494
3.091288027780855e-09,836383.7406017121,50.72973851811679
2.4280094432551573e-09,115647.68118190861,39.210749618192835
3.647638421791324e-10,161826.71633149934,22.680524360664602
5.32340300531825e-10,676852.4434987622,58.25929713697946
1.1162711617605376e-09,217568.32275844086,44.639157176808816
5.711594526969928e-10,177459.61830924364,38.80378397583009
4.31699556577105e-10,103804.23125407578,28.350589848410326
1.8442164858870516e-09,178032.7821952553,183.30849149824152
5.440045418378989e-10,724855.8504958103,67.70961283100452
1.2473327933864568e-09,183459.14099233568,164.59186347013807
6.06633161163075e-10,524644.4453384021,56.74292258408947
1.6476006722623421e-09,115969.40293029799,194.27195086733389
1.6636940993859592e-09,734325.2993428421,106.89600204386662
1.509985290412892e-09,375817.9165594658,51.13194928850656
1.261337501190965e-09,124358.4769349704,154.13419297449065
1.5035783418821423e-09,506355.004306915,46.70221918466505
2.033501700305442e-09,346097.2156827993,20.780828656995958
4.805053166781679e-10,425081.21610846365,22.76525779982262
8.83172102725874e-10,393008.2959906208,51.17137061590597
2.109799918268236e-09,332447.37078632513,31.895309660748442
4.894062600606834e-10,105745.7325698643,105.99003566237448
4.739466358597692e-10,180700.51397665325,117.66986937778873
5.111266064699102e-10,439241.2685491948,30.705379075422464
4.1928468629990126e-10,105429.79466511459,141.64822168769427
9.987952570557363e-10,210813.84592504808,121.96107140314443
2.4388411585315555e-09,140623.33646164223,58.77493626286871
6.164964541152569e-10,430414.0508209832,34.78995775558308
3.3398282301026195e-10,929402.4218850821,27.731864718939292
6.737876956220739e-10,399703.1511156756,48.27687906098585
1.719697705120793e-09,692478.1813253899,27.165162629570148
2.5583163976380482e-09,590383.5261934326,94.59632651005391
1.1250231206811358e-09,578649.8718785093,137.19907655407377
3.349758907365925e-10,221330.4976951918,175.8097967112846
1.2315300528098817e-09,652548.7920081754,35.94293863825886
4.711246126786768e-10,308157.77094836853,196.68202641908042
9.678218494571371e-10,517790.03850319877,22.762636108876137
1.017557863410203e-09,166026.490098463,20.302125269271983
7.406537870111255e-10,194681.9173934237,198.8164886291188
8.432376166935602e-10,188396.4226259019,106.20758413132971
1.6932999106344328e-09,489204.40207236196,51.69527315948805
6.361258365372936e-10,138913.40923489124,48.17815217237762
6.820248571064393e-10,444582.0666372225,148.8156515584267
5.444609907367557e-10,620534.5905139735,66.05706583888262
3.9217339001451894e-10,559107.1974691594,46.23178224648247
5.200970988284843e-10,273640.8556431107,24.880098585520233
9.93285595364457e-10,139325.313013197,22.20022791389793
1.4249820688447117e-09,166453.99512599345,82.71356799768353
5.694258991243211e-10,909804.1152151217,70.57731217688278
5.77384965140561e-10,524585.2436276553,41.30090536312508
2.7231984062963183e-09,272364.1017429319,31.01038293155343
2.917260702534733e-09,121115.5370514445,31.601048654126277
1.6013933201031648e-09,120502.70716036123,23.522550615454303
6.737243118879163e-10,181549.63068400414,159.34656640634546
9.854736218089248e-10,419969.38314605213,33.6218601324674
3.791273770837691e-10,464570.6592042996,22.233257301370724
6.744541103965508e-10,137954.25272287003,94.83635300137514
9.245017690354258e-10,853635.9913839621,84.95725467149428
1.7568829192539315e-09,690444.3856246711,40.92914841421908
1.4687714333290831e-09,167011.129760381,144.7098912147953
2.5286893674540313e-09,189634.3884620166,41.752475076953786
2.4551089188726293e-09,566860.0784428982,130.6158108005271
1.5439866989750907e-09,128119.47435791843,22.76163099953193
1.9953289128236094e-09,148509.5417560455,142.93478013960387
6.694492041662901e-10,721824.9549824061,68.28162207443228
2.42779854793451e-09,364052.7333079646,154.03442779379907
8.47746455063382e-10,183456.31198258593,29.503894360115297
9.228826553450396e-10,501499.5584462558,64.30733131247617
8.764308525566448e-10,556409.5056299159,110.14318226811751
2.073177421787385e-09,206622.15239060225,183.81126129522164
3.054860263854289e-09,435737.91179189726,83.01480636524698
2.013944256223276e-09,172374.40250519026,22.64110039367282
1.4960895606180107e-09,205429.6183934125,75.58604491289154
1.1640838425648717e-09,232918.6130640595,86.71699407103632
3.9156785664298416e-10,835145.8545501261,49.407229250227644
1.3498248384700098e-09,309528.2127142456,23.280498361998728
1.200971392997419e-09,248806.61079496273,24.912221145529006
2.2503385948782187e-09,969469.2206275838,96.69456858273007
7.209771677248715e-10,100084.63722830144,127.91166160621141
3.232704138528831e-10,316314.70274874213,43.34940649584868
4.865053821022705e-10,945693.0203032781,24.984115752925565
1.960650310656721e-09,575359.7079754992,101.86019289446575
4.625633437352957e-10,558514.460332417,42.4390602810608
5.260499901052965e-10,224427.67534703424,60.8552046461757
4.2294101673808257e-10,135187.205029503,102.00363050905858
2.139031057557538e-09,236599.00951920313,21.538740108064037
1.514855520105284e-09,661228.7935889175,24.322165199788472
6.29868211509934e-10,575282.5438813361,59.08236503142595
1.4563310734674056e-09,516695.89654821024,116.45647536589945
5.314470541674957e-10,351848.0978199212,72.84512095716057
6.745329732615849e-10,641622.7588613419,36.918518551483416
2.643750213761281e-09,459621.9709658478,196.21756594979905
7.09983684781807e-10,417285.76128600736,32.1150441932936
2.9193341009137357e-09,104490.26397931243,57.171363512533624
2.100890368870891e-09,771622.7702346998,82.73255606848507
2.980069892484549e-09,262745.5189369718,106.43019644822691
2.232426067558989e-09,154961.63591889062,39.988293066068785
3.0233830413942293e-09,504734.5194048459,157.69274638049092
6.17422550838444e-10,380987.8345637781,34.49164960138895
6.9899518061256e-10,194305.72268945453,82.2277938047966
1.7336274903709323e-09,208001.4342198924,49.44857194306849
3.411014710917819e-10,346109.484454944,31.337906011014454
3.4646649501698015e-10,223507.16347472358,62.63249455856278
2.138805615880952e-09,590992.8023650616,146.57250571968956
1.6486834934728795e-09,417811.1303695234,66.24836012580238
4.890350340521555e-10,390111.5769936998,112.28797702957628
3.2709355655844293e-10,153485.9984328268,55.93814750904668
2.126681669781195e-09,992838.1295938612,29.513285788070775
6.817665309925875e-10,180064.29138746325,170.95326316387198
4.000818931634701e-10,433844.281596326,71.13067841688569
4.4263938290139945e-10,127375.47293813356,106.89996772135791
3.01927281700117e-09,934800.9113741033,152.37316097291736
8.217673384615988e-10,516807.8916528021,49.586947992011766
1.3540737605804075e-09,869165.8670266357,31.926930891819076
1.0236412313765418e-09,345741.2077483343,158.5580711150677
4.929001383198999e-10,662788.1127859036,79.12668324554681
1.4904428449894458e-09,376349.8728682029,133.7054159992334
1.3626589281824304e-09,204634.83875186136,33.949666113483595
3.0435346869825677e-09,380789.8775375452,26.77111041750204
3.852521389150348e-10,428664.4608295374,66.22154658591086
7.629275663359605e-10,858442.4339226218,34.874265163
1.5928337057246324e-09,237197.79238518802,95.70546339186926
2.4487648894760855e-09,131321.52812505924,52.57274571629598
1.3992243302583993e-09,684977.8820572359,20.545116426485293
4.0498374122892507e-10,394776.91696669994,188.70080166991875
2.429486327170549e-09,865113.9596659614,116.99647828524061
8.786101969476621e-10,705060.4668360464,31.02885052280912
3.624975411318065e-10,159317.31860002855,39.41583641250375
4.1020242963197753e-10,296947.3335875325,91.37557771154054
3.9534430435479917e-10,212432.97349865208,171.4842678630317
2.3005085147503673e-09,817464.4375781516,45.414208808959316
1.6526376876466511e-09,521499.72826194303,163.47406112258912
1.0011977446250547e-09,245086.37919846206,20.76756078672809
3.553470454600838e-10,475496.5280074349,126.36597391949888
1.4268809500088014e-09,434044.52598408447,83.64532626013961
8.59776307936745e-10,302507.9901920188,146.14857767814843
2.356238684961634e-09,331465.4763467973,199.2293328322718
1.1027547900929306e-09,335984.22699479235,35.72868505339131
2.9062829243045774e-09,285339.46117363183,48.51890257591191
1.9925574615473078e-09,273727.00579010823,22.67776516155976
6.643866544543401e-10,419082.22295040655,52.32035301939779
1.603589456543087e-09,572946.0145701806,32.36919729474314
9.35188974956243e-10,916977.3232172618,42.40885332841914
2.7827584539313495e-09,335031.4995567055,28.071619225462868
1.0129697907918105e-09,133097.20442287947,181.86680826661078
9.381761661622729e-10,177118.68728937092,20.120443743098544
2.8766388108377185e-09,778772.0550087692,117.6595654013932
7.907321278499873e-10,565004.2029325094,185.9071077931495
5.077003281597296e-10,217788.31376026623,25.578939225224413
1.5823637259712414e-09,300515.782283811,113.51757740698406
1.3590186390586948e-09,362280.8667982808,65.43775616268016
5.235207670158512e-10,185498.83999406613,22.99126930657358
2.6889668344340494e-09,375049.59628229414,32.32905793894737
2.70377376075579e-09,160515.51806320573,92.98687777997101
5.758945547949202e-10,375888.9421475341,185.74631785325522
2.536001608344621e-09,786757.6440587614,21.0892714247688
2.714014731735882e-09,617037.0774600906,114.82903135653274
1.768552026518726e-09,139974.0806032351,51.533696169399654
1.228333318314594e-09,114593.9328407708,57.22097226637549
6.866382999773495e-10,468586.6487905363,45.92546439887933
4.2453589835420356e-10,229096.0179527921,174.69550826684457
5.334433563260145e-10,267993.77894668333,20.019285705449278
1.0981294571697921e-09,287006.6795046948,91.63611288001015
1.6171390249044796e-09,317673.1344710656,49.553765292681554
1.2159576774316884e-09,335739.03146316955,24.464946374838124
1.2457639807518331e-09,153225.54196956256,156.00516499969294
1.6470237038054615e-09,117041.70353431973,31.80718272760781
1.135349880196953e-09,301624.5385917975,47.449405374321024
4.4201505624489073e-10,706938.5085183369,79.9493631489535
4.76851697710162e-10,839073.7001188966,62.14712015708408
6.070562396638184e-10,372359.9853579914,38.726876766610346
6.9733773275278e-10,196672.46841874233,31.1027180769524
8.527040280294651e-10,554543.4444665296,26.815579051180606
1.1403763660526938e-09,521342.18637486006,116.46132353276181
1.2178295243611454e-09,255752.80937959993,30.935397626546067
2.4793871105905526e-09,235704.44896151428,101.65255251199855
2.105008493291774e-09,125011.50191504507,51.252042487543996
1.014938060323358e-09,761457.4518798281,55.87103360062911
1.8038962808689019e-09,630027.8143244546,34.20609446207124
5.010775973923084e-10,144730.17981479567,99.84780325041191
6.284142647394452e-10,295231.40554937086,28.609700705547393
2.8802504265458847e-09,538171.9368410422,45.561963362967084
5.343581358073072e-10,199403.41317484246,105.5125868006518
4.5824523982030984e-10,821892.5552790735,57.204099560778275
1.551908179315111e-09,264614.54252887506,43.48296321525022
6.822488096949686e-10,449515.65403354896,33.931489243233706
6.381158417264755e-10,247233.0914655343,153.4475821832584
3.0250762611517915e-09,532389.8930934105,32.92648705214239
6.123257778000473e-10,649287.2166041526,82.96549103043473
3.638653596666938e-10,175956.33769465477,50.90564234383618
1.352258133082254e-09,463729.56423187756,76.34540863871487
3.032048244648667e-09,219728.13176390168,67.2540111920071
1.1680045318524617e-09,235652.79277562912,22.523446143875663
7.239414209112245e-10,178934.59042078754,84.80601426046486
1.4918330508149619e-09,556565.1129682863,37.79074215184862
1.045541362527473e-09,392912.48207370273,87.5080930856879
3.172298871043591e-10,417525.0059133088,107.91292742665578
6.017735404183837e-10,215543.73389889326,21.109712262241157
7.057480417267335e-10,446672.2794489694,48.186787519144694
3.841027395485182e-10,524680.44048144,24.804100868900175
2.041299519622456e-09,133064.9932082173,86.62030267974383
1.0888067964040239e-09,236929.895969534,39.50205860885298
2.276097560533592e-09,181337.98381156317,56.06616414363037
6.919260372241799e-10,433262.47352195275,23.7564756727942
2.0968708472683137e-09,277877.6992740962,37.31681034212464
5.016196431993999e-10,618321.5500932111,133.18960735115346
1.6425803056817577e-09,274714.6908277872,46.2032682162191
3.8584349361213945e-10,231096.05348784255,104.44676907500426
2.390336658454442e-09,156910.18287306972,69.54416722493548
4.620743512962105e-10,905092.9814851417,135.27249359205166
2.8633339240006863e-09,277702.5835993432,127.49906934754522
2.3299052242911885e-09,188697.03133534436,32.755213234061735
5.802252709105599e-10,311252.84444747726,131.47415867833905
7.036181523223402e-10,430422.1455404495,33.042377753840455
1.9051085006012348e-09,222428.37169891587,28.684140377155845
1.4393349778180645e-09,380357.2001398845,21.15589925227278
5.680124703530099e-10,341566.38244712853,37.097928950992824
9.933406901931907e-10,307646.2950357541,69.96121141915147
2.1210043672227215e-09,478588.2960320914,46.46700238959087
2.957265933081963e-09,327019.197980181,148.50661012237137
4.860949801156646e-10,157997.67877579387,148.40939911376287
3.3852997942351543e-10,201985.83314727893,144.06445929221488
1.60638539462494e-09,132965.5292886504,21.343413919810512
2.6829546543842797e-09,371134.4343731053,26.782150922602444
3.4964773903804415e-10,389500.5505330077,98.06624576872444
8.542070464263747e-10,106431.62104811784,117.18312491467874
2.4770075437451273e-09,192038.00896259668,186.16069902604733
2.893272606778486e-09,165858.73819978765,32.34240470092996
3.311400958045074e-10,277796.2263299844,108.77218658741158
9.870963668161347e-10,387306.78238322126,41.01911147277057
2.1427709431722696e-09,547407.9597699236,130.9611125461721
1.2430546004499368e-09,235539.06375454977,100.57674530934551
1.065141410126321e-09,390818.23564735457,109.78470598944024
1.736651492232438e-09,669449.6264529561,32.16716712405189
2.508655499420865e-09,834101.4007089527,112.27097974540445
1.7651070027416004e-09,635388.012891384,23.20897179867801
1.2872076292218765e-09,284324.90316673723,42.20556100242524
1.984364227860125e-09,244928.05997448348,63.542112275406915
2.3292308503476492e-09,157786.89087536576,29.32788863255766
2.0441523997371296e-09,217279.32504978037,74.32377253651845
1.9234571964175865e-09,212824.72559387726,23.89343152060051
1.860690964784909e-09,788535.562936011,66.39530195162759
2.733680063690701e-09,266020.81635864504,160.8311419583377
1.4841606807403663e-09,113456.66184236138,29.767965192737037
1.4647629612320503e-09,108479.0168561529,37.652890990303604
7.416249181095914e-10,829221.9229096291,120.92844336514248
1.5611577641729409e-09,434338.57245414355,122.73759745434272
1.7557730252072017e-09,307092.3368389177,151.55045026166295
3.5956562963967863e-10,664098.3906428599,92.80297550224682
1.912378814033888e-09,126090.87495085862,40.889584378492195
6.263263300297317e-10,280842.4063867904,144.37138650740175
6.50891745479411e-10,175401.92009013984,29.75174560889196
8.615437703648839e-10,270262.74075341655,22.74634429796892
2.0659054230126967e-09,158910.79717146908,27.10839878809982
7.950494990654026e-10,178506.4383852751,47.632479266070504
1.1498713805329397e-09,905011.0352675554,28.412678359391677
1.6372714192820653e-09,178195.86166202716,24.103442043661403
4.831626963205081e-10,341669.30006925744,70.97507766095832
9.672550872836922e-10,103118.93939052867,173.83254342349306
3.9810678228965616e-10,112211.96139337032,24.79533832453606
1.257252816708074e-09,268840.09516932786,56.643472038751334
3.7724443844276664e-10,247393.94116821082,183.6383440760658
1.367366616778194e-09,524358.3130650066,22.84800012731713
6.22652746614505e-10,792446.5206378549,130.70249985669219
7.633280024712274e-10,538095.651655481,45.911431446929065
5.318109679216319e-10,314297.9586374677,39.12844791918817
1.186950705758948e-09,174286.26779210498,155.33647179237963
6.559608905585634e-10,955787.3790966675,20.577900134506574
2.942109943269152e-09,190388.83852738477,38.46324722546608
3.523244185844221e-10,106707.9363764587,61.88186821289798
9.752502490189108e-10,276501.83015629236,98.73770400018542
1.2472685666953407e-09,232725.1928887412,81.51487060975664
3.442357557540889e-10,188236.1717515185,92.64800230805561
1.2300590043555448e-09,815178.6537575035,92.03302953783808
3.1984729241508316e-10,722230.0350600005,23.22079934187943
2.483568045446127e-09,789976.5665778916,44.84872374595264
1.7209044690151327e-09,248931.53647492608,33.806352574812095
1.5837351926239733e-09,206210.13363839235,50.98846758293062
8.993878465879421e-10,119504.52489095106,53.16863581983865
4.3991672471336574e-10,155151.37531536864,158.81949209313748
2.568352921621298e-09,388727.24417192343,23.31852370386285
1.3296416215796386e-09,372966.1378621173,148.15697001820047
6.166062293691054e-10,365758.3662102862,144.10259256317448
4.706166835042065e-10,872437.6881474552,74.16982532954661
5.296010633925555e-10,176714.62715697108,25.133259776411016
2.074052842793731e-09,739486.532248352,20.553694495722855
2.0004723281560313e-09,926052.7924170808,56.35090703339964
5.919751770666606e-10,684339.6701003906,119.95052148679669
4.940475524148945e-10,471759.21871951973,40.43055668173878
2.0479730544081986e-09,643394.8767405071,50.181575643904466
3.2973637306793307e-10,108628.01695063243,34.93076647707007
5.140420723462777e-10,211307.26466144802,60.11004450624738
8.142624497658253e-10,181711.12524364714,157.1601945451306
1.35966307916861e-09,136284.35518489705,92.74919684079435
1.1545300385335625e-09,728936.9883155968,23.801637567089287
1.0808605575717676e-09,150224.1275323617,49.554553599874865
7.248950555303798e-10,170092.47720494823,24.456494954025402
3.0451002745079535e-09,809520.1049394102,73.24899380058653
2.9765598030011344e-09,386365.09251191217,61.25748983249594
4.2404586452595844e-10,839368.843380528,30.58544725669015
2.3967284326058783e-09,244478.49104668913,94.23085916181121
1.3862332287927886e-09,341387.0341319992,20.76011579818985
8.322837972196257e-10,253710.25420073906,94.65856200134547
4.2555083502805584e-10,381536.32303934597,50.44262771503859
1.042477994108588e-09,394244.8982552202,136.47437457213783
1.2692230493038794e-09,125503.89551858121,73.84159515084608
1.044789748916927e-09,138328.3747821344,184.33141207371514
3.3389806873444007e-10,146625.61281797793,28.429410065504467
4.486511495679124e-10,395758.9273718605,45.69952270152468
1.4096195080436122e-09,144372.89869553407,133.66410159270782
4.869687317289605e-10,990590.6287034292,74.59143876365799
4.960570836646173e-10,290688.7686792165,30.783029996190677
1.4203532144180455e-09,315936.61666153,25.604999770008956
1.4328708806668906e-09,769547.8245568313,75.04725950166485
4.722205759839783e-10,938842.1284034817,88.92274126881694
1.6573701003750795e-09,247110.28184395042,40.851829411979665
1.4169711669949183e-09,855976.610064445,33.01954918685531
1.8585652562846437e-09,409237.52989246725,110.63498747522846
1.005270531258496e-09,593441.4390140055,173.38400032305958
4.401671174237344e-10,555743.2828879737,142.9041856380819
4.870746936204507e-10,708211.4743766758,169.0561029258258
1.8088751495207053e-09,347178.85954437184,77.30491173363112
2.5905944077629784e-09,855860.644796967,23.078717429263676
2.8612623182745357e-09,244394.96010466476,146.6398319822537
6.014864502573947e-10,148314.68378256971,36.566099174063176
5.119810798785366e-10,135072.43589412616,86.39012518075967
9.776639805538043e-10,108073.99719504523,63.983176343342876
6.021981284365751e-10,331660.12821745215,197.60621071851466
1.7440046343422463e-09,163987.32227538762,102.31948557769478
2.8806517360009886e-09,446234.0956813897,176.94939009495508
4.338926393219386e-10,445250.6591692558,114.05152814078197
5.545277899991205e-10,466406.55275510636,113.99588511796132
3.054881146823569e-09,249552.9344063058,148.63424275628014
4.4952833887449266e-10,332460.35101035837,31.742061644218197
7.320463477104731e-10,810997.2749595246,50.72057143732726
1.6841516532484253e-09,224914.1242284078,21.106216622483963
5.138727628019523e-10,449482.4459263019,148.71117124744964
3.356156059970352e-10,545029.6086939309,56.53574747147693
2.0674008569061644e-09,167683.95428595805,53.0321769262539
1.4167927605364026e-09,417964.8933286372,90.99665494286415
1.0611671400840567e-09,269808.01046767866,42.35262584324465
1.1433916242192391e-09,276444.2011688265,85.5105118433689
5.858240988821969e-10,322015.61859718274,44.00614496147657
1.2508452503695345e-09,118337.21334636644,24.819168307599924
3.563435349952548e-10,203217.67816656188,118.45370832313799
4.160822949092409e-10,492218.7440023222,42.978060595951355
5.507939120975748e-10,169422.98744796388,50.1951947790748
1.921169843119916e-09,174328.9241459763,102.89014777811464
3.3858081841349666e-10,642890.1010921377,26.50775630548059
8.46110611083402e-10,623936.9938161117,99.98254387603032
8.73475931553694e-10,416937.00795274734,62.09000691586611
1.7970827770393201e-09,493376.2840970557,53.28777803146754
3.2246364869676585e-10,116647.25157757741,44.1325932975092
5.726497278534526e-10,769098.479492235,142.92932036733092
1.0293200777985515e-09,137845.86222030877,21.51974853536976
1.8101060944453772e-09,994630.0958742038,92.12097220163434
4.399537638426744e-10,392548.31672960694,137.45370378128695
8.50493744421203e-10,541884.8399200748,56.819608652354795
5.16538093733614e-10,791112.6091497609,192.18396989237436
1.4166919667492551e-09,396773.8672742543,57.438472684527476
4.5997614759583627e-10,248259.73449809823,20.00885407938834
2.5367090815815615e-09,116887.71730095096,20.699307871329573
1.8915591413811165e-09,919513.0489435743,37.01635343412784
1.1774679933921577e-09,382326.12582714885,145.6600833466531
7.819856396487725e-10,233268.3660379099,60.330308075982586
5.177635716428022e-10,119561.38676854233,162.93016672433586
2.9581305230529944e-09,904903.4356631656,172.04115942778566
2.9833587374505753e-09,110980.21304057943,123.22926752306081
7.125864088739479e-10,186688.4861903328,41.09663248213379
9.447785822585267e-10,183953.5895371003,24.605237232372886
7.076362159476143e-10,358271.5215046941,29.912069717400556
9.731365664510635e-10,134997.76255440724,22.311779128345236
3.8711226758960774e-10,559003.5264053714,157.39199754478773
8.645826467555599e-10,593894.487316136,24.792433130199896
1.5988381504337364e-09,786087.5612177064,25.242818241675995
4.825317454861038e-10,305700.8282492906,58.790881514359036
4.825506400775471e-10,103379.48909377851,62.36434364163313
8.324773289011757e-10,114807.66764154538,70.65772258728232
2.3228570756677232e-09,626333.0446200278,82.85124107607771
1.5097595338257396e-09,231646.8603380532,22.941329459801263
2.913466584343485e-09,106109.04878188173,30.791710924863303
1.1976631283628965e-09,621682.6523992794,122.17410609126031
5.037910302519144e-10,139406.62080918666,36.38029901286436
2.432308925037577e-09,192642.07939385864,123.83009498115418
1.0593889462505192e-09,641866.4062956871,198.71873080189417
1.0691853168895444e-09,114257.2781389384,196.69963000726423
6.78732430452817e-10,992303.8692649915,30.673946024870222
2.193408815957922e-09,217172.15849528066,36.843868134001326
8.064704677627079e-10,273195.6161703532,72.33493978252247
6.914196070526268e-10,227818.01601069878,27.67776592240247
6.346356222872672e-10,169213.82833601788,90.78636821788348
6.298074249159082e-10,283760.0810637484,87.91073115484947
2.577861158417611e-09,122207.49233112628,39.53695109207708
3.3656247061214557e-10,498752.98888403876,108.0676218722259
1.4394048126520196e-09,205071.230933291,143.33818701836714
1.6464854805113663e-09,525127.1280606888,112.29253648923113
6.797616985200915e-10,137947.5087068933,33.017658147977755
5.326839640189024e-10,126982.12460687058,27.29538312202456
3.1643658063383806e-10,339071.3763685856,24.16532670173957
1.4559437362662442e-09,127356.7345685167,40.642356524246566
2.8430363915317267e-09,373383.47364036913,93.10008590065578
1.2834868258552379e-09,375789.15675917,23.97022369081509
3.4046897709102227e-10,568327.8380517331,73.05471028841767
4.0709295729338634e-10,141112.515589326,43.20534465145064
8.666217699797686e-10,150224.9775559109,64.01612225345094
1.4639441994882743e-09,695423.7752132837,159.00241037148004
3.720433175242286e-10,661892.4849413615,109.99065385702711
3.588281595390013e-10,165680.9477963391,162.67900145958197
1.7383980859226449e-09,138701.39814814492,24.601533270424987
2.8373579680233825e-09,305687.05448933423,58.665716336015585
6.509827890373087e-10,360455.2851523321,22.282969727557678
1.271207578370036e-09,512684.05142262124,29.123671600453818
2.37268436408997e-09,776713.8054441923,143.69639763602066
9.521004310273543e-10,306591.1026961738,67.77434344381362
1.7566868423360299e-09,781538.0098717967,133.06639489543915
9.035832192627245e-10,138929.79124761347,90.25008682049481
1.4327974131940426e-09,461245.8712341645,87.68661238870315
6.38057027837269e-10,102209.11099779818,94.91072394301393
3.703623812141854e-10,115033.65079934103,70.50294374027638
4.0696086691643074e-10,296837.5211754543,58.97131472680984
4.968476147448444e-10,392282.96028875076,23.76269486156508
1.3244233101746827e-09,496897.9217213243,144.3438080427888
7.748531128510537e-10,297631.3199957767,34.55335879612951
9.421825880436987e-10,358179.0375345155,106.42546041453957
1.3556394546871142e-09,895039.7652458729,58.900902569372946
1.8235424309669356e-09,361360.063020153,34.433836820361726
6.352922015197049e-10,836236.401223884,72.20697988586585
5.821285199072157e-10,650840.9011177644,104.7625636557553
3.364447968588473e-10,202246.05248433337,33.79466102497403
3.6265741392083053e-10,198828.22337634352,41.37512960855113
3.0917341707921518e-09,741259.5233469295,173.50857810256457
1.757363069649697e-09,108939.50977983366,145.86519265538328
2.93267136856246e-09,225731.86157482478,65.79450565153473
8.429589325858924e-10,304195.06488893036,26.486459579718737
8.002702183711228e-10,278409.7123425734,51.65480730239534
9.239098352065865e-10,362067.38297849946,22.531660237887028
9.40830884424294e-10,224246.4373972086,31.901238102362512
2.232200350057758e-09,212519.0385982497,55.369356399604634
2.7652599582844434e-09,751151.1311391721,42.493256451384234
2.6451805993647964e-09,182570.34195063883,26.897062405667906
6.073223768467609e-10,652104.2471630292,181.49221178050541
2.471341901016423e-09,792686.6563853283,91.17029720359187
9.00621722429528e-10,897344.2035535868,29.709039722098204
2.3516681005043575e-09,207802.005036604,22.966387312319988
1.8020110709686348e-09,144403.4775825083,24.14538422074509
9.64871261056049e-10,532693.7378742606,25.205590756974043
3.083985346774551e-09,376643.7090762098,69.50922331159275
1.4215673663669445e-09,115856.0750280169,67.64640628774801
8.494201471955242e-10,577384.7407402924,32.21776331510548
9.451607109491506e-10,833101.9253503848,40.93490908947132
1.035998970127924e-09,136318.52665245716,74.19370757245139
1.5204017053711258e-09,591171.4243592744,35.19747694905109
1.1445364938882836e-09,274166.92073917727,29.0369573703922
5.7811316575538e-10,135287.4648161952,31.811608256161325
7.89426850904784e-10,436189.0809136341,51.540501677328585
5.290742044910831e-10,263366.10945308866,29.45823267068668
2.0289784901395543e-09,547109.9544556192,123.19977828705113
4.37982193438268e-10,316177.0900294039,67.34750579483426
9.435716839517362e-10,829035.7493130584,32.322422926697165
3.083617493504584e-09,870379.7162786779,171.24288856950204
2.889840689834878e-09,188992.8776983266,36.837841447745625
1.946195579725595e-09,311580.198949495,165.9416614961914
7.377093424784141e-10,267547.0649877252,50.01744168147748
2.0567712888982412e-09,440390.9463663809,37.300354347317324
1.0569234060473106e-09,954016.3814971745,24.35931339462506
2.1424682257186543e-09,466808.21110946045,99.34152503575014
7.989938449384367e-10,571868.1496432984,77.64020211669202
4.438391164398539e-10,563261.5936955991,38.200875850482284
9.340311528768635e-10,365679.4538310038,104.46629485764753
2.5044288487484863e-09,413023.7978470855,67.40108503312334
7.069073763609029e-10,867212.4023421216,145.28773646385005
2.9551258929890544e-09,131303.29905982164,122.17334826680337
4.326736501844951e-10,101454.25245990555,33.548772087291624
2.750960073310207e-09,319739.01521876984,68.49630200747178
3.1522069457784135e-09,362171.06179607095,121.94184798540479
1.5722490262428857e-09,173207.41580125218,59.15593303498758
4.3959348726239294e-10,283181.82448178355,195.6659362714914
1.8131995298514093e-09,804002.0765788733,124.46037530020867
8.356439704656644e-10,278557.5590298424,89.33724380547801
2.87813794825848e-09,259417.315664739,81.952771681373
1.450805751869701e-09,224347.5771253461,159.74784335773927
2.489800200557915e-09,209951.65263795195,42.81253665583126
7.245075791707805e-10,428765.76818653214,65.5653404020489
7.741963089735009e-10,968284.0770148465,108.98834237745453
7.455583616737843e-10,830850.336982135,38.29548136447621
2.256706687877609e-09,643320.970903101,195.1874895199281
1.8368152004855056e-09,388961.77827316633,40.41152351831811
1.2504422997900096e-09,821367.3290613742,27.894573465628724
9.97358182818083e-10,182601.97581820376,35.34879874052263
1.3485262855865697e-09,990260.1785915492,157.96583615603518
5.240643656130183e-10,216526.09337935285,56.02253514246964
2.4992315036697747e-09,220668.61660511352,80.64711377221796
4.713762130990203e-10,417654.2336833519,81.57832987229894
8.29473611350288e-10,208784.82558534987,37.41877626078104
1.1888093809471018e-09,450188.23754200054,187.27084499738086
1.8461312812651155e-09,594436.0082562525,44.26109931047488
5.700993512429526e-10,332615.19364632136,127.29044055018956
2.121439858673027e-09,366533.514028973,64.02974433221395
5.425950053368424e-10,847151.6156305117,31.804661673745834
1.829402252235522e-09,455205.47840760247,21.170727481962327
2.7724982650641327e-09,158612.1824837053,55.377467196217324
5.554698008077028e-10,545304.2865869002,192.6368738435625
1.1985707494106526e-09,541356.0992771677,21.757224008079557
7.835951990061109e-10,230222.09223852248,181.59485932118517
8.257180236476406e-10,467765.29635824397,20.848697687655086
1.8129341075473716e-09,255085.26505198007,29.695101266596016
5.062042599188533e-10,123540.53938778045,110.55083940254869
6.341223740990508e-10,108597.09258125698,105.03027665999508
3.2209787325336786e-10,491577.28527981724,49.639856113218094
1.2535586870153499e-09,121950.13001826435,53.7505574884513
6.749637187350627e-10,262310.8025288378,174.91098905951486
9.836491416251362e-10,397683.7648655001,28.052143860384835
3.493040843183285e-10,376290.692176546,39.952822432035774
