0.0006367896470660436,45.120992967982325,5,0
0.0013912034149301967,45.669917544409884,5,0
0.00018535913861803633,44.72814658860254,5,0
0.7410293755968771,0.8935099429780642,3,2018000.0
0.0013970818821703644,45.5030968553762,5,0
0.0014515684923877272,45.29558884360015,5,0
0.00012568594545626447,45.0002347099562,5,0
0.001692053197652973,44.74441274244474,5,0
0.013769457273230421,28.627461668256316,2,946619.87605
0.00026937869703111384,44.54145648105296,5,0
0.0023741297689309705,45.256621523701185,5,0
0.4495590695208276,3.301964883733396,4,2806000.0
0.0019790662451425064,44.12548817245846,4,5537346.92273
0.0013622737976544887,45.25985358837828,5,0
0.0018634340714048876,46.279083173229075,5,0
0.04651468076699503,15.53318489999897,3,2492000.0
0.0009560858017229302,45.11173597382129,5,0
0.0017659821860406349,44.85350656727152,5,0
0.0015859359769002206,45.09630592389197,5,0
0.0002682931945924142,44.71243739418068,5,0
0.00480491129671816,43.72672322390284,5,0
0.0007296276906904436,45.48190122322148,5,0
0.0008450882604236169,46.06690642621711,5,0
0.0012875152496571857,44.99739650724536,5,0
0.012641496574792091,28.909631333195694,3,2520000.0
0.0007217497018519117,44.786641749270956,5,0
0.21281798490800863,5.807916358435484,3,896780.36061
0.019373694410111397,27.36252381346654,3,1158388.99749
0.0013659525231111025,45.99800137971206,5,0
0.0004278378108745179,45.00470457602048,5,0
0.00039343293250005556,44.84479145305371,5,0
0.001702250907015261,45.27080387297663,5,0
0.0006291864185353361,44.59436173204938,5,0
0.0013792897122503552,45.67245541496673,5,0
0.0017687505808997857,45.148985345322394,5,0
0.17369540944768597,7.689392063365426,4,6920000.0
0.0018613723467212286,45.870273988817125,5,0
0.0006854561280156006,45.29232584664284,5,0
0.0013594404427290578,45.92789162031271,5,0
0.000809195255132182,45.142824457555975,5,0
0.005628793360180137,25.10572355390269,3,1654000.0
0.0004284529776935066,45.7937226075204,5,0
0.029015570710808746,20.445322987042225,3,8644000.0
0.0015101862215546413,45.6038397069866,5,0
0.0024945535284706007,43.65690555555211,5,0
0.00043952591244208556,45.938003895364744,5,0
0.0008883803013434066,45.39759589754377,5,0
0.011053059141748287,27.16841235470673,3,1532000.0
0.04665071028815833,20.17435497263002,4,6578807.82356
0.0014692332870043028,45.69835400770345,5,0
0.0007232360400834664,45.53059253186636,5,0
0.0007600254601023566,44.972421920823365,5,0
0.016734640979034886,28.81971749110321,4,4068000.0
0.001328032466911747,45.48155991879,5,0
0.5806087277312741,2.1317965674719113,4,2481830.53172
0.0008268422596739375,45.62983945404536,5,0
0.0011546175765862483,45.50478317743977,5,0
0.00039788871709276174,44.7044795072144,5,0
0.00038082077992235427,44.88074260157888,5,0
0.005585334377156632,41.734935287493286,5,0
0.00042433988481870895,45.08497855197024,5,0
0.1702825329897796,7.252735528877021,4,2798000.0
0.0011834740194189113,46.27942677931049,4,7622242.11629
0.0006850708045153435,45.31574129767177,5,0
0.008549833852355615,78.65518787156897,2,1319784.13173
0.05126029705423663,17.07850286585279,3,5011377.24787
0.0019607449885488725,43.64980170267758,5,0
0.0009001179529100427,45.535957428144954,5,0
0.0016446324452411498,44.25037568668995,5,0
0.0006747745912971814,44.66374963979244,5,0
0.0016289681841762911,45.50072548702355,5,0
0.0009632154538472244,45.17803505025142,5,0
0.0008604126009531638,45.096857560037584,5,0
0.0004877034826639022,45.424489244454826,5,0
0.00239332919560405,44.485165509606205,5,0
0.00047137919373123024,45.31836351048866,5,0
0.00038722175627674976,45.02950698817917,5,0
0.03160603677120548,21.30424894767251,2,2076000.0
0.0002750147077342944,44.19960782438651,5,0
0.0002009688218228855,45.63157597737128,5,0
0.0761755013812054,12.09022207019294,3,2202000.0
0.0023473083665219467,45.59917052397885,5,0
0.00040416350717244675,44.929498412050854,5,0
0.0005696335787768558,45.237546451551815,5,0
0.0004977222602883554,45.89195099701228,5,0
0.009251780618678618,36.80157516186356,3,2650000.0
0.020364565392776025,21.67982597472712,3,2254000.0
0.0018500868512013192,45.74210164067316,4,1129129.40107
0.0017414165137432421,44.81510384116385,5,0
0.000801274471607082,45.506461739160486,5,0
0.00042416701293159875,45.07935544807104,5,0
0.00022829673960338747,49.26788731833331,3,1360445.63327
0.0006742796126552645,45.01532624789465,5,0
0.00035730111519691687,45.083687072791705,5,0
0.0018098959827621234,45.646341445227726,5,0
0.00033923982496719603,44.770721599549745,5,0
0.00035152217703997605,44.97910870370455,5,0
0.0006234029317239844,45.575542524606625,5,0
0.00022394259358432487,44.83073420543063,5,0
0.0012393764794711303,45.20707139516551,5,0
0.001111857432218885,45.26807005457458,5,0
0.016103620576013656,22.152325022417536,3,8586000.0
0.0028659634397960126,45.456661570413466,5,0
0.0009412262525729426,45.74203392777817,5,0
0.00043517225935854403,45.215713893717464,5,0
0.024282854334595823,22.12364296829454,2,1183877.19706
0.3182054660980289,3.4534700781735337,3,9482000.0
0.6896829305559281,2.258022998790376,3,2886000.0
0.0038082765264021066,41.8425651376084,4,9274000.0
0.009286965238814386,29.836290902378984,3,2624000.0
0.0018145532972337437,45.46184746929603,5,0
0.019546363921513286,22.75425213546002,3,7688000.0
0.0003844815031710226,45.58675226348635,5,0
0.0014149440777435586,45.29873359332951,5,0
0.0016009854427852502,43.54852740303679,4,1514580.90585
0.00749488532264615,44.147102663286866,4,9426000.0
0.00029272556626875777,44.45584005582254,5,0
0.0018401636156194095,45.87248898379547,5,0
0.0016874894771031735,45.27963756171293,5,0
0.00024353213552041198,44.66107255235907,5,0
0.0021494409546291226,31.721868130479926,3,2622000.0
0.00044703455016974983,44.609264933490294,5,0
0.024386773007132816,23.799001320419155,3,5342000.0
0.009889760993403897,21.881099650284636,2,5274000.0
0.0010887078689936671,45.16454232551829,5,0
0.0004773195203126431,44.81863082573083,5,0
0.00035627160624163027,44.80472152637463,5,0
0.0037338383831542533,30.674770493986376,3,1418000.0
0.005021879907491516,34.83482640395463,3,1922277.68835
0.00409926287328777,41.282963515480176,5,0
0.0004839365823691595,45.06041370760378,5,0
0.0025663200671830117,44.173296711444266,5,0
0.19215335911087092,7.398503117485767,4,2030072.68365
0.00046285086151186115,45.08200846864752,5,0
0.015680856203179067,27.0131386662224,3,1047216.38933
0.0020601597283490553,45.1868281973357,5,0
0.0010943969553873568,45.102396669521475,5,0
0.002468809874563911,46.72045427843907,5,0
0.0006270768985449046,45.177309869266665,5,0
0.0008278955062958642,46.01748446482565,4,1183129.3265
0.0017205544163390533,45.62909734064753,5,0
0.0008322702949854324,45.05591122304056,5,0
0.0005406162430965613,44.8121034140854,5,0
0.008773973210726867,35.97893231713222,4,6838000.0
0.001249720761404106,45.29473121206286,5,0
0.008910478143429825,29.76510882292477,3,1628000.0
0.00031712552326150826,45.01235600984058,5,0
0.0020708548707849697,46.469725405573506,5,0
0.0023067849946276425,44.543457554547594,5,0
0.001081044456883535,45.661774315664644,5,0
0.026572360758631123,26.91863877428707,4,903153.17476
0.0029342166005669997,42.90281807070492,5,0
0.0020642390938984435,45.044540045208265,5,0
0.0008579036633824726,45.315585364570985,5,0
0.0004628098291847758,45.26535281284413,5,0
0.0016076004582342444,45.2911549484147,5,0
0.0016608235025860612,46.16252813197306,3,4634083.47839
0.00031530425543904885,44.73619159888218,5,0
0.10877617806481939,10.744912280895514,2,4366000.0
0.0003970258640553149,46.03403628252302,5,0
0.0063978878816588714,50.55634890230677,3,1027833.94425
0.0005555432246407464,46.48525102667737,4,1518777.98054
0.0019787955284119247,45.853225015574175,5,0
0.0002864110743849729,44.665509972439416,5,0
0.0005179937751155225,44.98208823398602,5,0
0.0017205677434791672,44.37904655228011,5,0
0.0817546522373603,13.424633532991646,3,2414000.0
0.0005035401196855032,45.367990030865286,5,0
0.0005700902451836819,44.99665231709094,5,0
0.00028847693410432375,45.193442454848196,5,0
0.0015261164738238186,45.48536274603494,5,0
0.003190745070375554,36.003582672804946,3,1192628.68077
0.0017238158326419494,45.01668063870592,5,0
0.038868153447772384,22.307893131305207,5,0
0.07211118520021971,14.137496723768264,3,2716814.38708
0.00036951505591565427,44.907874370686685,5,0
0.04385768863846006,20.8808864339373,3,2174000.0
0.0006028002890162174,45.64837000844541,5,0
0.0010106082061595416,45.7219525112617,5,0
0.06943903652820936,14.30796490989255,4,8132000.0
0.0004761041750042075,44.80423100226742,5,0
0.032033591149921097,26.27268288811304,3,5046000.0
0.0018778851106952055,44.79765010341516,5,0
0.0024642813507974566,44.7777609442163,5,0
0.0009120442608496718,45.01222404153083,5,0
0.0007296242504979808,44.74156080469439,5,0
0.0072707019281895045,29.82782522120527,3,2066000.0
0.0015283786065929694,45.45485442213314,5,0
0.0006999194812119848,45.52431793859805,5,0
0.0017223426985005592,45.62669023506969,5,0
0.00053145187070063,44.68304577348284,5,0
0.07766596309537174,13.789782936474595,4,6496000.0
0.021661318353058838,33.180808416892894,3,2018000.0
0.0012077309374268082,45.59187737840934,5,0
0.0025012707843352225,43.68703528176381,5,0
0.0005251798218762931,44.87842516609033,5,0
0.49083434716561564,3.1264813653125887,4,2014000.0
0.0004306495391919065,44.99155257384477,5,0
0.0010588344585066361,45.571256476552165,5,0
0.03437072279123882,19.123273127007256,3,3759039.77593
0.23519238158330577,6.259473550497309,3,6106000.0
0.43953860586167104,2.265016275102387,2,3902000.0
0.0005646114640823281,45.42539163756315,5,0
0.0005274835585925053,45.385184665622624,5,0
0.0019381508793137126,45.53599041018354,5,0
0.01964290308874419,31.233960064681515,4,3154000.0
0.00027731296731631764,44.87236819983612,5,0
0.00042216934298914497,45.03664431020301,5,0
0.0024950159998808146,43.99004979773869,4,3905342.48737
0.0018600821836342956,45.73739289307279,5,0
0.0017971095948746503,45.055438820283236,5,0
0.009606451581226768,24.460217415067568,2,2522000.0
0.002229745029686343,42.28342051394098,5,0
0.0005071767310181758,45.035971167891105,5,0
0.0005451974974031798,45.24828615324614,5,0
0.001131466742245687,45.9332985867138,5,0
0.015124818970041809,26.854577614862855,4,9348000.0
0.00027472292747699514,44.83481707901372,5,0
0.058175567796165444,16.239498429844176,4,8972000.0
0.0006816834745886596,45.351578206470826,5,0
0.0011563586969345165,45.537233927502996,5,0
0.00126290920496914,45.27916391149569,5,0
0.10469222390519263,10.60862479738976,3,2244000.0
0.0005150047913193772,44.90905211369213,5,0
0.001969354297503649,45.453434069173696,5,0
0.0010854458447155534,45.370384727027016,5,0
0.0023729436119737865,42.8456924939466,5,0
0.025636413634442114,18.270929632997692,2,4268000.0
0.0007036563079808,45.0406387022638,5,0
0.003853951336249064,39.06054099080367,3,1227628.73425
0.0004997427868400171,47.813888961769116,3,2955519.53027
0.0013789239423947003,45.27487153593721,5,0
0.0015821761462449548,45.660282519362646,5,0
0.0008491474068511209,45.88273342598915,5,0
0.007747461561006625,28.299710542473054,3,2818000.0
0.0002930689569793007,45.759076545847535,5,0
0.0011214987996505533,44.6539339926504,5,0
0.0006887766588804656,45.2951146351405,5,0
0.0007911756966041864,45.12779945148001,5,0
0.00041859885913756475,45.41295190476696,5,0
0.00030324023318148213,44.70345026164844,5,0
0.00365117323744031,37.59750521384226,3,2654325.04093
0.0014340576388482515,44.9614940736149,5,0
0.0007815167595176792,45.297476658508764,5,0
0.002733475969275966,43.041910422655945,5,0
0.013067584206804301,30.04088069119448,3,3193688.95761
0.0005560219531420159,44.91999889782388,5,0
0.014711621873727331,35.29790801867412,3,5706230.59259
0.006552643461728965,44.46774397131364,2,1614000.0
0.0013185531129381695,45.57660957021241,5,0
0.00027670792480220097,44.73548546141668,5,0
0.001659664351368327,46.02405789972637,5,0
0.0005780597362439521,45.01205245922485,5,0
0.0016803976260007022,45.829764659137055,5,0
0.0001731072743215529,45.31548027611221,5,0
0.0011625061945248576,45.64740064545379,5,0
0.14051270826593132,8.570198818974728,3,4914000.0
0.0005534744766567786,45.05223557897971,5,0
0.001008371115815785,45.462031187505936,5,0
0.0005762662861702562,45.030052043071876,5,0
0.0018022733614147764,45.44027226171134,5,0
0.0005234221466497845,45.08254018333946,5,0
0.3202926991920774,4.346387482766488,3,1750000.0
0.0018784379259598805,44.945706734363085,5,0
0.5061915370008395,1.925777755637614,2,2375742.32973
0.00298046470662302,37.41092688705743,3,3508000.0
0.0019207953595237962,45.9540642465247,5,0
0.0001845841641367943,45.49417049160727,5,0
0.0004124485692517485,45.13670193801126,5,0
0.000913720214260155,45.38547667460076,5,0
0.0003702116958742695,44.70884517237763,5,0
0.001748931475506518,45.4862749049226,5,0
0.007221416793190961,38.70884377359665,4,6248000.0
0.0002254553367731407,44.7992289775854,5,0
0.1841243392037686,5.626809641876165,2,1450000.0
0.0015822057217647796,45.321384588123834,5,0
0.022427412351638382,29.507721869197475,4,7724517.367
0.024053298779882323,28.365883355193212,4,1130460.28004
0.0010106387762235992,45.42024786698244,5,0
0.0004485090867299414,44.57873100536632,5,0
0.012838086016369515,31.710755637666153,4,5860000.0
0.0011516624479096186,45.355542569875986,5,0
0.0007784804262863308,45.485881576987346,5,0
0.0007746349728468276,45.862082858028515,5,0
0.013980958373658236,30.785698898244707,4,3290000.0
0.16532300797938979,6.051367424037155,3,4416000.0
0.0003898302718092512,45.28817528754975,5,0
0.03789039233846162,19.42068360570977,3,3310000.0
0.0020965512250666982,46.28338435087526,5,0
0.42512764292308175,2.411776301670592,2,1482000.0
0.0026690995709638234,45.161205695988244,5,0
0.01582306937399378,31.273685438953994,2,1880000.0
0.0005105719197463105,44.170085801900484,5,0
0.04874986043074232,18.259247119052812,4,2594000.0
0.0014062917559157521,44.95235295478246,5,0
0.0012889807965209435,45.131956307851965,5,0
0.02687646563449727,17.6866647286417,2,3682000.0
0.0003032143666407851,44.6350972719749,5,0
0.0009487688557205517,45.214557228527035,5,0
0.0023913623564331926,44.330873258977164,5,0
0.00225997886395235,42.75477891687195,5,0
0.012593091029608854,25.31711465430527,3,2010000.0
0.00026623091083018493,44.71652453210411,5,0
0.0004846677728251659,45.14006035458552,5,0
0.0014850201307856613,45.77432937726652,5,0
0.0005376009791604157,45.62392131592892,5,0
0.4104501820573477,2.556645491426117,3,1428000.0
0.0018452339578589711,44.546243791744125,5,0
0.0012658701810969028,45.52285608390925,5,0
0.0009268459010703085,45.14018893749257,5,0
0.0072051650804805835,31.821693290630353,3,6386000.0
0.020042590697202822,32.09102745792392,4,6118000.0
0.0014204175306617335,45.06391808379626,5,0
0.012362996562371185,32.10798707981436,4,2852000.0
0.12302251058755138,10.307395361164295,3,5384000.0
0.0013954056690630562,45.57515118989214,5,0
0.00154157837862962,45.64132328144057,5,0
0.0009028783282666299,45.671139600790575,5,0
0.00026043236627008734,44.82108136181436,5,0
0.0003219765526624577,44.738345785500755,5,0
0.0008241119993540709,45.163411305928825,5,0
0.0019213942432423864,45.53968777865818,3,2269509.09539
0.002157457559688237,45.26239251030814,5,0
0.00043251589100730224,45.02123322969936,5,0
0.00023919001130859205,44.931360403080234,5,0
0.0016011162685470258,45.110742663674785,5,0
0.0003993051687556941,44.874238721794654,5,0
0.000987511841048262,47.7052989680544,4,2625974.37054
0.00869524724952411,20.111941547165898,2,3028000.0
0.009537309563064394,41.2057521954635,3,2404000.0
0.0015058844286841356,45.0015450753105,5,0
0.000333013152735961,44.40712302711651,5,0
0.025586440025006794,25.003296659159194,4,3164000.0
0.0013976055279889456,45.698476635710904,5,0
0.00038554522655804207,44.999424271524596,5,0
0.000303799534629417,44.93345340868775,5,0
0.0009665514920561534,45.69405351006095,5,0
0.0010046623801237195,44.878321519160146,5,0
0.0027227674349821914,45.70245202796796,5,0
0.001789385113423584,44.794147020635606,5,0
0.0006775741680381682,45.16311001251951,5,0
0.01656534207105613,28.621802934836957,4,1250000.0
0.0005950048929920925,45.41194653942374,5,0
0.0002349318053634153,45.08162409259873,5,0
0.0006114757939195528,45.61577932337767,5,0
0.0006603537346901814,45.379692764015374,5,0
0.001392224961361138,45.55236779850933,5,0
0.0018033112688525756,44.3785314079308,5,0
0.018137972997365165,31.436857997230266,3,3150000.0
0.0005238452142253046,45.10226746073827,5,0
0.0007102508712414467,45.30857864684823,5,0
0.0005036655665972489,46.67234799243211,5,0
0.06007106398711073,18.113858763335735,3,1279494.71121
0.001816321759685503,39.18231504512318,4,1426000.0
0.05747808985861517,12.010090763249554,3,2890000.0
0.0051017010546227405,35.16162712204717,3,5206273.75735
0.0014334346920763976,44.55652042498938,5,0
0.0002698224947434582,44.67091803409472,5,0
0.0001941347486827119,45.676956332889674,5,0
0.0005406873761797562,45.092250039400426,5,0
0.012053611160623584,29.36338646454199,4,6616000.0
0.0018707437985583566,44.46875648914295,5,0
0.0012611537960731914,45.4848250100418,5,0
0.0007979334793148185,45.36995335140958,5,0
0.000794861174126868,44.45603162813396,5,0
0.0025432880834222724,45.57530804993211,5,0
0.004802789513866977,31.15029300959789,4,2330000.0
0.0004020423707324051,45.24853307011187,5,0
0.001345812473362051,45.528118371567054,5,0
0.0006230345458361548,45.30889814955663,5,0
0.017766688233217434,26.963526357311306,3,1642000.0
0.00041840325025057425,44.71646186279746,5,0
0.0019685191726912404,45.55249853497245,5,0
0.0017404741319543954,45.37218103191348,5,0
0.002600762311478056,34.92255189961499,3,1626000.0
0.0010458084614394716,45.50446543040439,5,0
0.008579598451003038,29.513057147996125,3,6162000.0
0.00401769761590317,48.199388861119324,3,845739.32777
0.011211087900438583,24.239979892979175,3,3586000.0
0.000726793846902662,45.04282913913419,5,0
0.006369411733317461,25.75078429923109,2,8476000.0
0.0002419943299979994,45.010484958733365,5,0
0.001036872124463253,45.54799726048748,5,0
0.00039966103965096664,44.87737776109294,5,0
0.0018609171774980396,45.360538413521766,5,0
0.00038919619683506205,44.523417519936324,5,0
0.0019212289565554198,45.74563823003601,5,0
0.11573098328941739,10.293698148537992,4,4474000.0
0.00407971739227512,41.467753814616266,5,0
0.0010986841997870412,45.41831114877635,5,0
0.0025462950795967824,43.75511506529375,5,0
0.0023510859384129833,46.129318293697445,5,0
0.00119310015388429,45.064607086890774,5,0
0.004202314797701229,31.84325816934654,3,2076000.0
0.00598648865085688,30.35865622604292,3,7188000.0
0.0003632170030730354,45.171488577392694,5,0
0.0012009699812935884,45.16875493992268,5,0
0.08676951647795982,12.076857156568465,4,3974000.0
0.015552175690985477,20.814890562905816,2,2924000.0
0.46264363237766626,3.3618171192692383,5,0
0.0014174738883531233,45.332169075684774,5,0
0.0007138570948723088,45.04284969114376,5,0
0.0022868855707522,45.0693482823034,5,0
0.5192428687469975,2.9812185049550575,5,0
0.0011365235262292613,45.55666679367817,5,0
0.013508477670680282,28.32102772027137,3,1204000.0
0.000875119311191466,45.62192885011171,5,0
0.001284257865528995,45.60569185847077,5,0
0.01973704110336911,26.97527834283938,4,876000.0
0.006198655129806922,27.13741388940952,3,1312000.0
0.010075080311756001,36.50353034366532,5,0
0.00043597389282935394,44.91773418658732,5,0
0.028875699543189765,22.68119711667727,4,1568000.0
0.00041675540330165427,45.28103018477876,5,0
0.0019864820041592267,44.904373649265466,5,0
0.0004409513004750444,44.9410598054361,5,0
0.0008005095144525878,45.063490338877195,5,0
0.0014524569943776145,45.218239359552435,5,0
0.00204158196022282,42.97337799487155,5,0
0.001878825280341131,44.48433980613731,5,0
0.0007235904322091739,45.084925160484694,5,0
0.002164013196818141,45.54173866535962,5,0
0.0016144174488678157,46.05073229302323,5,0
0.0020588277956849685,45.49961929900339,5,0
0.1794017297898535,5.979111146996175,2,1626000.0
0.00035393863947068526,44.497220769819656,5,0
0.004448844725931367,28.988858717015052,3,1514000.0
0.0009579996820739032,45.418494084968735,5,0
0.5009459305089066,1.7970600047423086,2,2276000.0
0.0005826587279469963,45.37722100260304,5,0
0.00029437665644830674,45.11285215214231,5,0
0.000656354580406257,45.29559806129165,5,0
0.0015086558796084477,45.40609389645779,5,0
0.0006077354588892411,45.393050485234376,5,0
0.012688102260467122,36.43609552089601,3,820568.69702
0.07698354272041416,14.520638969720316,4,6607411.68833
0.0011954828853387041,44.8729204355918,5,0
0.013420842361293516,50.25044243328385,2,3603011.82897
0.000819458748671499,45.315808789406894,5,0
0.00046590429117219964,44.7465856786717,5,0
0.0002856196918495778,44.98197555200658,5,0
0.003526880499065259,43.08565936996551,4,1400101.08991
0.0014355356840975316,45.95239825548711,5,0
0.00029895585861748126,45.78039617369172,5,0
0.00013120781385138358,45.02514405713871,5,0
0.01046784868818418,27.465643252249343,3,3400000.0
0.019091422599950506,26.428783222199197,3,4378042.75573
0.0010713453347592672,38.915481324581606,4,1372000.0
0.029568059274103674,23.783125112378368,3,5361153.09833
0.0016151906474443103,45.49458070315164,5,0
0.0007257520807957898,45.62706311064786,5,0
0.0029127556681156786,45.34302820377903,5,0
0.00017441193183689285,45.32524755863273,5,0
0.000807688208233038,45.60768651560387,5,0
0.0002256707896832153,44.89205501871537,5,0
0.002632470333483865,45.5174242934219,5,0
0.00047366915046342993,45.072218629102316,5,0
0.008918790606852292,27.940415635889135,3,1888000.0
0.0007784035765078282,45.30224106291793,5,0
0.0003898098796624971,45.24427370103429,5,0
0.0010936713577698934,45.467117371655156,5,0
0.0005702778725612308,44.98031343818076,5,0
0.0012499987683596355,45.291476894260704,5,0
0.0006101348308223255,45.056191124867176,5,0
0.0005144685623109151,45.28867722601296,5,0
0.007463162041088914,29.161651722609246,3,2890000.0
0.0005910763878835985,44.958079622649535,5,0
0.0013450544958659863,45.25867339660661,5,0
0.0029884259553584,45.05587338361111,5,0
0.005942898804918739,28.678976072372176,3,1356000.0
0.0010374753248428518,45.44212566201898,5,0
0.0003329118449609406,45.48903716613874,5,0
0.002392209275700116,43.89584782073741,4,5897635.82157
0.0003923303403184041,45.97132323959563,5,0
0.0024622580717952526,44.65999520927175,5,0
0.0004342085876338871,44.90204286425327,5,0
0.0007451075866243803,44.845298146577804,5,0
0.018605327511180825,23.655431693569273,3,6598614.50306
0.00023660130012820248,44.78231867402119,5,0
0.0016891216393812112,45.85995597706008,5,0
0.0013482059230774449,45.57961766221705,5,0
0.0003617726392242743,44.69551410419378,5,0
0.0006302974738479037,44.92156156901066,5,0
0.001602158597893103,45.223775074260494,5,0
0.001258446118346427,45.60477166669975,5,0
0.004977425643420125,39.35805667183897,3,1710000.0
0.0007108680343926866,45.6670308777688,5,0
0.037040619622487385,12.073353161183064,2,6260000.0
0.0016379718160441236,46.38051785116033,4,1249577.31786
0.0025811350915898993,45.45913499573416,5,0
0.0011075111640411783,45.24692985277571,5,0
0.000784313515772301,45.120962366785164,5,0
0.0016905970085869246,46.184128632452015,5,0
0.0011608133267950102,45.314055669121096,5,0
0.0008838754852422816,45.14341192488987,5,0
0.000808178761579754,47.09548839090218,5,0
0.0007428067596119612,45.28070332262877,5,0
0.00048826551553478027,44.970266011933234,5,0
0.0010307513316013632,45.632489232999994,5,0
0.0005090943537307337,47.22970811992328,5,0
0.0006778603919079436,48.32354515719747,4,3910980.53211
0.005035074815151977,38.027350708603926,3,1646000.0
0.0008752150579336592,44.779820476556765,5,0
0.019973801523972167,24.61637501605318,3,2784000.0
0.0040687592728712915,30.808240954501187,3,2552000.0
0.0016702669479697699,44.81879385984672,5,0
0.0013796565624571977,45.44645634343253,5,0
0.012768720666663933,38.467389846729695,2,1996215.47386
0.00030961357211994753,45.600851238462106,5,0
0.0004605590285422513,44.561778774507985,5,0
0.0036174624028634662,36.278082852341235,3,1774000.0
0.0002886845955705783,44.73594614005478,5,0
0.0006214547653882209,44.969006226056145,5,0
0.00613624710447303,32.65863703347111,3,2646000.0
0.09717830984113772,11.299778857341558,4,3184000.0
0.0012973764895793905,45.21557947827812,5,0
0.0011783287164392128,45.605131751765015,5,0
0.014905740549325057,27.457139177491538,4,4210000.0
0.012198614810320215,30.28488379121017,3,3746000.0
0.0007944439232935433,46.4298102907017,5,0
0.00015275524289528906,44.944852601674086,5,0
0.008030704274801676,31.040337283783778,3,3018000.0
0.00025477165969847346,44.52883388574842,5,0
0.00219955493921657,45.370329871385096,5,0
0.0019776890937070837,45.792532274814526,5,0
0.00019094432952942344,45.032205609468136,5,0
0.0006477300578427989,45.122430564849864,5,0
0.3895742771895965,2.552948153874869,3,4024000.0
0.0009112380685726461,45.010113957930564,5,0
0.00862586281608261,38.16743449223599,5,0
0.0006459804773402614,45.498510964976276,5,0
0.00073123468828757,45.34950945454393,5,0
0.0016146215876656617,45.25805981175986,5,0
0.001801965064410002,44.21139870409969,5,0
0.0012775522615282205,44.909292448593405,5,0
0.0006217192585441593,45.62547650706469,5,0
0.001951291343145098,45.330041579935425,5,0
0.0025349709335389784,43.95803988108294,5,0
0.002611299220400952,45.257567561212646,5,0
0.0024544818048263706,43.307822343970585,5,0
0.0003191870819715312,44.773891010858506,5,0
0.0010304087439022812,39.33248598332866,4,9264000.0
0.0016571596929331536,45.31625528362214,5,0
0.0005710007821512619,45.10922213347894,5,0
0.7264992153291253,1.3803821816779487,4,9054000.0
0.007150613482337715,30.49199821555219,3,1796000.0
0.0010232795799599147,46.784624955561604,5,0
0.0065057301017780265,35.39611461312124,4,1774000.0
0.004580421520885763,32.25047608310049,3,1542000.0
0.0023859268393797276,44.965593718488,5,0
0.0009788313388776038,45.422748558879,5,0
0.0008660523696264761,45.538760307989065,5,0
0.002044225698084093,47.5894737334033,4,5557450.18902
0.0017483873821566255,45.79654938848027,5,0
0.006882970736094612,33.72960545601164,3,2051201.66476
0.0006568411073602119,45.700431996786726,5,0
0.0012791731512309657,46.33193660500315,5,0
0.2834536730334063,4.036230991960537,3,2424000.0
0.0027286388682966596,43.143483210380104,5,0
0.0013077597191234896,45.15359306912506,5,0
0.0010382748170551265,45.53134240776142,5,0
0.0006870394108119715,45.52619033460737,5,0
0.0019241785004433212,44.727329331716376,5,0
0.002766770037538226,45.43472160330504,5,0
0.002069862285158728,45.90383558469836,5,0
0.0004655773434660261,44.99420462405017,5,0
0.0006146982953039875,45.17264700082117,5,0
0.0017669834670930899,45.33835289386523,5,0
0.2257392075603129,5.959660402719862,4,2048000.0
0.000970466246706494,45.5456999531593,5,0
0.0006780260048588264,45.28266872451372,5,0
0.00036449928260520113,44.88201630723268,5,0
0.0034443103613905,42.6019038299289,5,0
0.00435138040419474,53.322689053798626,2,1622000.0
0.0010985220603047714,45.024213304850576,5,0
0.019382075952340243,26.79174899908861,4,8454000.0
0.0004528024880389434,45.212855707048966,5,0
0.0015747055902091704,45.55014076693519,5,0
0.06830049167574082,15.573539071402859,3,2501280.27137
0.0016539088161593787,45.37739353749153,5,0
0.0024636412796418526,43.74788999150525,5,0
0.040610606867477445,19.148954588453485,4,1608000.0
0.023272643284053065,15.872963274012339,2,1066000.0
0.1400612417214239,9.169075227326747,3,2454000.0
0.009190741217738009,26.991722017688502,3,2928000.0
0.0012923819085300457,45.69780686296624,5,0
0.0006602244710832412,45.21888910724655,5,0
0.041203985428070224,15.530906532047771,3,9108000.0
0.0008606843642188084,45.62771684243805,5,0
0.0003734613360193843,44.69477537674485,5,0
0.01025052842705484,28.728342070079623,3,3028000.0
0.04240412337610463,17.948752087510492,3,2252000.0
0.0004672424233796775,44.775901459969226,5,0
0.00042494061495995807,45.17351840295884,5,0
0.0032792429592603156,45.33140570429631,5,0
7.522889696996146e-05,45.65643595552531,5,0
0.0007048106933218686,44.89167366888503,5,0
0.0003646173187454373,44.979230127689426,5,0
0.0178536345942096,32.80337848513457,4,2812000.0
0.0012843559770822348,45.715917023251876,5,0
0.0018929486901026157,45.42021920361605,5,0
0.0005230015182973175,45.0575317775089,5,0
0.0004944921887350127,45.062391226022974,5,0
0.0010535459762176518,45.56556561641468,5,0
0.0022855586594996273,46.22518810315117,5,0
0.0015444841337427287,48.9028920356235,3,1036931.0476
0.0005127727526630675,44.90001140883958,5,0
0.0018529083385318893,45.64696180302197,5,0
0.0024815645590210832,35.623199980843964,3,1778000.0
0.0018010235202295666,44.666101801824254,5,0
0.007242780321687909,39.74873842025031,4,1864944.45085
0.0002835218426891235,44.76171827513141,5,0
0.0009426552765069783,46.809884736467474,4,832733.40342
0.0017649418949045993,45.61102325555765,5,0
0.0006054190165653558,45.24946286915474,5,0
0.0003842385392568132,44.893232511458216,5,0
0.0002735770048239369,44.48703654548712,5,0
0.013555441210296242,25.17968163319994,3,1854000.0
0.00044717596380012864,45.80720795814248,5,0
0.002112021590703476,44.84647406695967,5,0
0.00020316915458180483,45.30517273104176,5,0
0.0014274560058047472,45.11350077185625,5,0
0.00044215721381526176,44.77676364796162,5,0
0.5211620730754221,2.7755372319404827,3,7208000.0
0.001630219971825672,44.99975019740697,5,0
0.013558630924108047,30.47415339094145,4,1630000.0
0.0030457636279389313,45.07600052989814,5,0
0.0011475831740554623,45.620202054873694,5,0
0.010044336216085591,33.82677560827389,3,2668000.0
0.09729087967439531,11.809536074563296,4,6048000.0
0.0024964644097599975,46.52259737957758,5,0
0.0003453548310767658,45.8268695519608,5,0
0.0018271850798813173,45.272973401526635,5,0
0.00231272259214344,39.28681147014497,4,9996000.0
0.00034064748968810535,44.629021498490175,5,0
0.0012494366416005715,45.28828878610028,5,0
0.0019136936352955446,44.705436878555226,5,0
0.11315012267569934,10.66914782313004,4,5286000.0
0.0013049497468909715,45.4805099676094,5,0
0.05710119664411117,16.139805271809973,4,2182000.0
0.0031957399463062013,46.69839339881575,4,5871946.99538
0.011990957218789322,29.905726852233084,3,2078000.0
0.005745003176051636,43.79545246486905,5,0
0.009911134956220365,19.057289859367145,2,2126000.0
0.0014801549593323915,41.93043383453343,3,2696000.0
0.0012424768337683187,45.422692573219805,5,0
0.0013575564810273597,45.40622459877616,5,0
0.00025375504130244013,44.444677065239304,5,0
0.0017866353153463438,45.08434926058142,5,0
0.0008631592220859546,45.667323747663424,5,0
0.2873146383510867,3.8345843786654505,2,3616000.0
0.001915130892573364,44.78248815141799,5,0
0.0005238186538403382,45.11442217605554,5,0
0.07552356528660575,14.882923294999603,5,0
0.0017079259078852218,46.4913482552004,5,0
0.0005080731642818007,45.23008395557873,5,0
0.0006225464809712154,45.146324741362875,5,0
0.0012553038293131706,45.4073963300888,5,0
0.005576063416868236,35.586093247421324,4,2832000.0
0.001916084445760431,45.05098256635487,5,0
0.07840354126800005,11.601968829319246,3,4164000.0
0.01684371841682565,19.640686837044868,2,7754000.0
0.012676107449465233,28.8592780724834,2,5118000.0
0.00900601106925292,46.03163711927717,3,1166525.62539
0.0015921925785353898,46.800364180434755,5,0
0.002043276132307935,45.247612895392685,5,0
0.0004436396461068607,44.99382387204332,5,0
0.0017564380112689633,45.30354105067955,5,0
0.017845068637642646,26.112395944219763,3,1570000.0
0.00036410034997747513,44.82318999314832,5,0
0.0006887813016728178,45.45017359195539,5,0
0.0011377257321919557,45.754091037112694,5,0
0.0015932124255721263,45.14243073297111,5,0
0.0003217235088857363,45.06184244611478,5,0
0.29043781092010995,4.703992676567741,3,1518000.0
0.0005687868441988514,45.18554942642286,5,0
0.00747929853828649,32.13449433023483,4,6352000.0
0.49797881156039175,2.9221536158502173,4,5207999.20225
0.033842265779028366,21.39962206757176,4,6818000.0
0.025224337977495934,29.6247069169807,2,5526000.0
0.000559406580792737,45.291055696902454,5,0
0.0025558345803937664,45.46210360579938,5,0
0.0010035761815633776,45.05948399862894,5,0
0.00029869542757196923,44.43918062396868,5,0
0.0014491047879757986,45.28518525050476,5,0
0.0016892201119127525,45.42088241386855,5,0
0.0012278987981685968,46.37804796765835,4,5590666.30171
0.0023388825559906307,44.228196461114806,5,0
0.0009493562163514866,38.02946124178062,4,2586000.0
0.45280497342197445,2.1894026361130163,2,1062964.47813
0.0018428832849929832,44.78517086661519,5,0
0.03584221141793325,18.518421111824065,3,2776000.0
0.00017886015891797614,45.688764805732376,5,0
0.05654604535180052,16.593332589001736,4,8374000.0
0.0002392110682886747,44.64865443184838,5,0
0.3251489012649571,4.500372340994398,3,1078000.0
0.00034528969600277856,44.54028097791355,5,0
0.007076865448751637,39.01653275180007,4,2263883.88337
0.0026541807695737436,45.25800001154707,5,0
0.0002792587871201221,44.78194429860119,5,0
0.0014055404640046117,45.73934769684725,5,0
0.004232085018668619,31.423011073478225,3,3234000.0
0.04850309425831514,16.98384773752716,3,3014000.0
0.0011645839402533642,45.804617932084334,5,0
0.0011741808067287566,45.53770448273463,5,0
0.0029219159551937346,39.81058152434799,4,7258000.0
0.006113008703761415,31.974475122078605,3,6104000.0
0.0003593778952084093,44.49206850367752,5,0
0.0003023847790612404,44.73954258183789,5,0
0.002088490948171437,43.95382397192001,5,0
0.3340686081727973,3.2419184557634835,2,5900000.0
0.000254294662355181,44.8740238303449,5,0
0.0005079029336968993,45.69310349997647,5,0
0.001284111777364412,45.526238659987506,5,0
0.002712022312238631,42.77645843613279,5,0
0.0003427637737918535,44.813556154692996,5,0
0.001550690008722691,45.60948510303792,5,0
0.6562354992062902,2.180396472671367,4,1344378.11949
0.08713027751537357,10.672995154214156,2,5342000.0
0.000771848452748267,45.14331031395023,5,0
0.09606358649111911,9.567402157295101,2,4468187.72662
0.0006741147775245219,47.072994764316,4,1073332.01126
0.0018542830179461103,45.36075766770116,5,0
0.0014694236533714798,45.62762127790208,5,0
0.03376865704635073,18.463006576820202,3,2568000.0
0.002659961850044196,43.16200022371035,5,0
0.009040456587884884,27.348749744918898,3,5072000.0
0.0029708235594581734,42.96349701619402,5,0
0.028000228366507365,15.65288165487319,2,2710000.0
0.019721251538810925,17.03834273743139,3,7553607.9442
0.0025244534803922935,45.445790708878484,5,0
0.001476388660426345,45.482766668272234,5,0
0.0008142700180248773,45.1520148705457,5,0
0.0016713520685530986,44.17656855645594,4,4985923.82987
0.6534199771369777,1.9733284001627656,4,2284000.0
0.00033067998001070704,45.05641405899693,5,0
0.0995352552973095,10.006568359092114,3,2570000.0
0.00011514319915030186,45.909788929905844,5,0
0.0012140720093609066,45.391033940985366,5,0
0.0020003704148517138,44.85030181662654,5,0
0.003802520906613285,42.00488891415675,5,0
0.0013557493487991535,45.68776612155661,5,0
0.0016417056681854796,45.87360027018051,5,0
0.002496228405704691,43.688899752993805,5,0
0.0007060629205588035,45.20537115619104,5,0
0.00019770904013931439,45.56155561314957,5,0
0.001085994461440837,45.41385351111796,5,0
0.0014784902389782051,45.16099684833722,5,0
0.000355004189144594,44.779530667867576,5,0
0.0019661402847575746,44.71323735437283,5,0
0.00018338833629906947,45.72632603352147,5,0
0.0013774881046852672,45.54729034976486,5,0
0.0016624294322549538,45.92247026957221,5,0
0.0005948165479468565,45.22579175449892,5,0
0.0019233636693982877,45.84788069373631,5,0
0.05134778092121359,16.987271059785506,4,1986000.0
0.0004185938136846048,44.770135863135415,5,0
0.0006915050133588631,46.56993868209825,5,0
0.37519324069041543,3.7228198352448647,4,2874000.0
0.0002997186566408788,44.93330022521631,5,0
0.029527182692096973,28.799091189093172,3,5102000.0
0.001492153823113338,45.19449506536841,5,0
0.001560448001909534,45.95705841070332,4,6698746.7881
0.003104088333355407,43.95375229766507,4,1360634.81277
0.0017129141890135887,44.99564215757019,5,0
0.005881345594353211,30.41227556582238,3,2392000.0
0.00024211285410561352,44.62455020861687,5,0
0.02621790829123415,20.21716999016249,3,3170000.0
0.00048186307694629934,46.63974025117898,4,6060289.88883
0.00039778398208508526,44.85364170776314,5,0
0.0005047579978618419,44.96417200956389,5,0
0.0015541416271740041,44.94742760717226,5,0
0.004854411101331,43.68819020162123,5,0
0.07869001171339651,13.030246547312867,4,1216000.0
0.000428980083019917,45.080272047453796,5,0
0.0016466053333818453,45.322104190333505,5,0
0.1629708323606385,8.519195997652336,4,3820000.0
0.0006739645548292584,45.21158174229033,5,0
0.0005007385163784649,45.14965188522536,5,0
0.0003257989122045435,44.79177847036519,5,0
0.004096780401985337,34.93566208853876,3,2890000.0
0.001617658756786022,45.47138959258165,5,0
0.001286035514514805,45.35933766781274,5,0
0.0017330117464822324,44.900956679667644,5,0
0.001965171520951727,46.520271265824555,5,0
0.014516179869654164,27.732959621385948,3,7214000.0
0.0012473894132461077,45.55326846552636,5,0
0.0012386491498608218,46.02329558286341,4,9806279.72474
0.017898570052062444,31.898185943947592,3,4701999.9
0.000531508049925513,45.545065841613955,5,0
0.0008565183823071845,45.10602424277967,5,0
0.0005355670750693187,45.077541586205264,5,0
0.001971610473502613,45.043379597560374,3,6221688.42734
0.00039274813065117055,44.9319436917513,5,0
0.016042794332357422,32.1916854804178,5,0
0.0008445266768373456,45.29022098110695,5,0
0.0008077814747865122,45.22911939197069,5,0
0.0005187939952031081,45.23337279630561,5,0
0.001395616571236454,45.08692740576034,5,0
0.002777969058653187,45.52304369578709,5,0
0.0074463192083041,33.60148343563369,4,1812000.0
0.000511400119714417,45.0290379888317,5,0
0.07275052887079511,14.299912244744293,4,3590000.0
0.1577997039172053,7.512137074302325,3,2652000.0
0.0020607709422929077,47.1979282887174,5,0
0.0005395487542030605,45.22019699315876,5,0
0.0002772403396918139,44.7674646129927,5,0
0.0002721084413480342,44.80852533433997,5,0
0.12407298495764293,7.613773197699242,2,1010761.87734
0.009084635192771336,42.75533015615411,2,2602000.0
0.015328056448254182,25.175889062953,3,4468000.0
0.0012826325317294956,45.459667091596465,5,0
0.0003949036315025094,45.224896800795364,5,0
0.0016346449429765792,45.29443797397804,5,0
0.0002017696673757863,45.3850036410114,5,0
0.0014176188640450415,42.06477256779459,3,5868000.0
0.004199755766998313,34.85165272845163,4,9942000.0
0.00032768641816590695,44.79866368344905,5,0
0.00045243391655749193,45.08317207272859,5,0
0.002480846819658275,45.57816495394417,5,0
0.09132277083344603,10.317218247770857,3,4818000.0
0.0012067372978255006,45.54880900371175,5,0
0.0024699995453145033,45.45217397946154,5,0
0.00016443844094047696,45.502782218300204,5,0
0.0007860775787585022,45.004460832845055,5,0
0.018009874263625374,21.624472200805627,3,1630000.0
0.0022388901921607915,45.71196919744594,5,0
0.0017088130804155943,46.23386294461572,5,0
0.0011753132111313096,45.24729967594032,5,0
0.0017972371810071005,45.23406257109975,5,0
0.001777320790597891,44.38690423924415,5,0
0.0003409487035903045,44.667468348770655,5,0
0.0010260455426955343,45.4234331067675,5,0
0.000914009010489303,45.1112440596821,5,0
0.0022588620264150385,44.65252762978601,5,0
0.0011837770549364111,45.40970994192268,5,0
0.0008088803240142585,44.9402517376421,5,0
0.001315692018480741,45.984152512038065,5,0
0.10110371275793013,11.297986437029067,4,2716000.0
0.00037204797843406735,45.05044955373458,5,0
0.00037041260016455806,44.784945673482845,5,0
0.08702696903530542,11.725490108719649,2,1576000.0
0.015688353093087498,27.19838933228408,3,3942000.0
0.00022149000732096306,44.878200077821056,5,0
0.0018399397315615493,46.10171558605199,5,0
0.0003649778293992628,44.53340112863722,5,0
0.0012208484497029791,44.292991882979535,4,2308000.0
0.0015114916252530189,45.36385500033154,5,0
0.0023207109833295056,44.245204746072154,5,0
0.05115225023675831,17.390743846679346,4,9130000.0
0.0006174421439479041,45.36567006701179,5,0
0.0009689429181644523,45.577693464648284,5,0
0.0002602550767027555,44.81357169313875,5,0
0.002292381129441689,46.397157055349886,5,0
0.1305612719191086,8.446844561973773,4,8946000.0
0.0010171122928713016,45.4531003025914,5,0
0.006346250124132436,23.524445522777015,2,3102000.0
0.0018894844953756221,45.532962323026574,5,0
0.07797874376204003,14.309725277113328,5,0
0.00026461735472969986,44.6613400788993,5,0
0.004756729265590646,35.52389241553854,3,1413124.36308
0.01944302722299383,27.00839966379609,4,2702000.0
0.0007779842039878084,45.26586836259661,5,0
0.0006197845963025301,44.6319164211679,5,0
0.0007478559761106457,44.97699913665417,5,0
0.08092592806358427,13.834685615204583,3,8694000.0
0.005297389586556375,24.9914640715093,3,5060000.0
0.0022934865367016818,42.89258378646049,5,0
0.0328324422209793,24.56340892846266,4,5588000.0
0.0009776070119993858,45.19532540817901,5,0
0.12617661409289616,9.753126219509403,4,1712000.0
0.00038333823631460595,44.94142376328668,5,0
0.0003688764637889042,45.093704931202836,5,0
0.0018074180509561576,45.66622069245077,5,0
0.006040867947366497,35.469887053231155,2,1954000.0
0.00098360209480908,45.243507735048595,5,0
0.000998639478436829,45.859537006404246,4,3288842.75853
0.0002661050365248934,45.77856735054573,5,0
0.0009489199155922797,44.799317320503974,5,0
0.003010878367130061,44.13651545815295,5,0
0.00046728845773031063,44.670632691553166,5,0
0.6248397408701462,2.82783189492868,5,0
0.006843680994085524,36.16984200018524,4,6264000.0
0.0011748542340398803,45.32665002390174,5,0
0.05974865138734082,17.586735665508158,4,6434950.6796
0.0008358648578035859,45.50285257854334,5,0
0.0018368428942779887,44.278053356589716,5,0
0.25975036632545007,4.270132781924819,3,2964000.0
0.0018242147353384316,44.819689986808065,5,0
0.0003521596891886996,44.955593305321536,5,0
0.0006735350158361142,45.109857485844586,5,0
0.0010883771704652291,46.01826746738034,5,0
0.0352931806633087,20.528339367471716,4,5772000.0
0.00045961480605024717,44.59645689516686,5,0
0.000261222961384737,44.73335761295053,5,0
0.002346932119618039,43.37539498354496,5,0
0.02218301669417148,28.664926716591143,3,1816000.0
0.0019261458242492981,45.38311097231629,5,0
0.010940789737283541,36.47636491492393,3,1496459.09505
0.08772620226648344,8.24068097492749,2,3502000.0
0.02525121862859988,28.434387043303367,4,7722000.0
0.07994749728568672,14.120415764780445,3,3164000.0
0.0007856581761328947,45.05270775929837,5,0
0.002051994894374606,46.74727360210881,5,0
0.0005563511006845094,45.250910291131625,5,0
0.0004122554758962998,44.78384993629894,5,0
0.0005954210868692108,44.91042518004267,5,0
0.0016670383112177692,45.5529032516215,5,0
0.0007803511078537719,45.237063383407374,5,0
0.0014943561382568067,45.54124489642745,5,0
0.0008100041740782387,44.98973124430454,5,0
0.002161253461188629,45.4320210685545,5,0
0.13195531026818857,7.6507717007991145,2,5792000.0
0.0008334786155205789,45.14091942360389,5,0
0.0004436605736736819,45.09395480465265,5,0
0.0007595646680610457,45.058231718381364,5,0
0.0012925014648842623,44.6660749928461,5,0
0.05807440676531646,16.088166728955756,4,1068000.0
0.005636069357205702,36.51491373230234,3,1890521.98328
0.008341846372193375,30.093131534627197,3,1174000.0
0.0018873370432742316,45.2029647040183,5,0
0.0011908548871283054,45.5699093718979,5,0
0.0020399777844701465,45.45816358215661,5,0
0.011714224226265847,26.133115467754774,3,2038000.0
0.0010263485200531655,46.74680903161721,4,1057730.88448
0.03177402091317781,19.034409733683926,3,3990000.0
0.0026572038688010393,42.916390996129145,5,0
0.00022499098320872377,44.7205202039844,5,0
0.11385677547525531,9.545507422055591,3,3524000.0
0.0017509695774674753,45.53750962301037,5,0
0.007654506811416091,44.18619417237941,3,3737195.55577
0.0018753543324799987,46.11087545036904,5,0
0.002405714180874128,45.74078218448327,5,0
0.10523841932986142,8.763132904503012,2,1978000.0
0.1635758544114816,8.127999660415458,3,3828000.0
0.0017353053878669184,46.32574859230363,5,0
0.0017682519684149183,46.30945818023451,5,0
0.001607692709000046,45.450154787929925,5,0
0.022320414640824033,21.47093729885664,2,1840000.0
0.07362888224457498,10.951754637407875,2,2030000.0
0.0012804824054922007,45.73239326302405,5,0
0.0013287435875355053,45.77122720867705,5,0
0.0015375171929178555,45.313005564282946,5,0
0.01017985713905339,23.074585149607042,2,3964000.0
0.0004762673778796454,45.16929402133359,5,0
0.001985929235787924,45.579714850793266,5,0
0.03224541466712303,26.9592189788862,3,1020037.04912
0.0024864913295469474,43.41680018628764,5,0
0.0011409103343368735,45.306627281003315,5,0
0.0011946151726614361,45.58779096533172,5,0
0.01703791117605084,34.18866179485242,3,1398000.0
0.0022244021317001767,45.93260527154972,5,0
0.004104948337984568,26.068917361504973,3,3646000.0
0.0014226390920775377,45.272598852850514,5,0
0.0015864288760911098,45.40607525550249,5,0
0.0006576921548944929,45.0774822648543,5,0
0.017368692236093757,24.04849365233355,3,1950000.0
0.0004311697802688831,44.947089802144,5,0
0.00735978376027678,25.412419229860255,3,4298000.0
0.0004652021313937511,45.32709201828409,5,0
0.008529564350104322,36.14571360755972,3,2820000.0
0.002010442732686004,45.65759113167343,4,831519.67554
0.002355282807497808,46.13895744019224,5,0
0.0002788356214535907,44.745090871054614,5,0
0.0010854452660569763,45.49022705492512,5,0
0.0007209869346314797,45.112423831453704,5,0
0.0013482471449989403,45.82767410888046,5,0
0.0006897689518250944,44.894313510777046,5,0
0.013490771033373566,26.853085926507106,3,5608000.0
0.0010928484794031814,45.40184150310481,5,0
0.0004542139412562307,45.22683455948887,5,0
0.0016854754378990441,45.853963263124925,5,0
0.055696613853007775,13.976153879343467,3,7210000.0
0.0019569911721900694,44.9717846739017,5,0
0.025180355147940623,26.282479873045936,3,1612000.0
0.0018389655209378845,44.70416652041298,5,0
0.8387706644610858,0.5359424903595095,2,6930000.0
0.0005930061731481046,45.60412787800034,5,0
0.012232566747243403,32.31447497071853,4,1526000.0
0.000642018978994901,44.75347108483775,5,0
0.0014669021477996598,45.33991725478463,5,0
0.0004844190179313455,45.161770472763166,5,0
0.002627266776401525,46.37415380924637,5,0
0.0004094295026380638,44.81874414091186,5,0
0.15209453610320928,6.300624716698119,2,4048000.0
0.0012496684533184876,45.533577400692586,5,0
0.007830513833358279,24.051979492468686,3,2692000.0
0.011383631980817061,25.849613842115787,3,5022000.0
0.0003306999886544266,44.72681994323734,5,0
0.2377187086453802,5.995534061509405,4,1616000.0
0.0003196957170899541,44.90502518405394,5,0
0.0018345161355522324,46.1383220400683,5,0
0.014980749585294464,22.750944132880793,3,4002000.0
0.00029912040743282207,44.89033560995507,5,0
0.00027711797731050066,45.503071974090545,5,0
0.0005119226833850174,45.0714457714319,5,0
0.005037001135494309,33.74836847286773,3,910000.0
0.00035771631552364573,45.00712928712847,5,0
0.001581324746237652,45.95156686014154,5,0
0.0007416685900519218,45.39390779560162,5,0
