0.0008254856542341063,25.551162964003122,5,0
0.0015529841705182216,25.4096050403007,5,0
0.0005483768759750518,25.287643213353824,5,0
0.002294595295885737,25.6967793080158,5,0
0.0017689120041030956,25.554415451713894,5,0
0.0019699296195116807,25.309171512655016,5,0
9.559908932668616e-05,25.49289432436662,5,0
0.0022595223873277275,25.324928707593283,5,0
0.002351462937449295,26.83587049960828,5,0
0.0006442198403151163,25.335704098172027,5,0
0.002723976023190191,25.12673717564353,5,0
0.0018208134275292133,25.740699384020523,5,0
0.002215529206273027,25.852752104696687,5,0
0.002226950603573831,25.25817534958862,5,0
0.0024429526737664727,25.482093168336707,5,0
0.0019321570895908691,25.649083270826385,5,0
0.0012014064374991802,25.500121325411943,5,0
0.0022265928446625824,25.803229553791677,5,0
0.0022686890606765184,25.088244399099224,5,0
0.00033221000677680215,25.24391901573868,5,0
0.0027127636503164088,25.17076138368905,5,0
0.0008326893519864439,25.494903492709653,5,0
0.0011213925356729517,25.37738388234221,5,0
0.0015960954430199546,25.24092793803915,5,0
0.002601778369482594,25.552994183170153,5,0
0.0006350917090420648,25.450955826330585,5,0
0.0026259509013066705,25.868963789856128,5,0
0.002098418663201833,25.57810234892534,5,0
0.0013234358199679826,25.623564853206176,5,0
0.0006047452105680869,25.381215646319475,5,0
0.00035596807101577043,25.492568831887688,5,0
0.0021773257152565896,25.319989273383545,5,0
0.0004663405927743856,25.21256860488436,5,0
0.0018616401478390018,25.453528752956366,5,0
0.0021907851135179396,25.189907278142616,5,0
0.0019246348048795872,25.380170830880967,5,0
0.002326897352918195,25.46336566329357,5,0
0.0005896759449830395,25.44557575470993,5,0
0.0010452117158341742,25.752111314526605,5,0
0.001123237647149325,25.441241252269215,5,0
0.0019312119142749055,25.53790291053121,5,0
0.000725473663381044,25.284740722599928,5,0
0.0027068758544291616,25.729692349919798,5,0
0.002000862904043937,25.599160557055598,5,0
0.0023184722088010943,25.059947960156546,5,0
0.0006008049964193819,25.32941806528102,5,0
0.001301746933966249,25.44878769495175,5,0
0.0020804455829577006,25.78677021821551,5,0
0.0023915547968397107,25.563244530618853,5,0
0.0021484255506314955,25.266894720484196,5,0
0.001079780970917256,25.567556163285925,5,0
0.00042289719583133854,25.498937864447,5,0
0.002134082497253728,25.430895654307665,5,0
0.0012368940728079733,25.38686569284541,5,0
0.0021802838254405413,25.312565920716484,5,0
0.0010544713695585252,25.639377607833705,5,0
0.0018693822279785964,25.32965127067403,5,0
0.00035372853533380825,25.37526043288208,5,0
0.0005641803482383851,25.451081078141584,5,0
0.0022228858764560843,25.312934544810638,5,0
0.0004961265890098662,25.445048177124466,5,0
0.0017920224932214677,26.460456387599084,5,0
0.0022534906114460907,25.2855086360797,5,0
0.0006926082814208442,25.540317099894647,5,0
0.0024366983925903796,25.257734492717486,5,0
0.002089765532249864,25.33145394400264,5,0
0.003931430483188249,24.69006629103771,5,0
0.0017670615390985268,25.59480390685082,5,0
0.0029402585526208005,24.990864908239477,5,0
0.0007567210600474127,25.2941931738631,5,0
0.001612621193869351,25.3722241653569,5,0
0.001634688916663619,25.33904184735023,5,0
0.0012871066611574503,25.357922660376826,5,0
0.0009529146448678679,25.24106964376116,5,0
0.002183991801795956,25.431754027088797,5,0
0.000666622557015245,25.13070545287737,5,0
0.0004140881817216928,25.40213730729663,5,0
0.0020983266674940403,25.417476094915646,5,0
0.0003721179885379244,25.371641296524622,5,0
0.0006314957541601073,25.317332984551328,5,0
0.0024500448362203375,24.965032597505527,5,0
0.0022466827165533144,25.27641577706242,5,0
0.0004345468980990603,25.3895285881943,5,0
0.0006381358650181552,25.50794012016267,5,0
0.0007511299400437117,25.58604235375561,5,0
0.002442633193791899,25.85618293123397,5,0
0.001622581231814941,25.86469698866375,5,0
0.0026977620402814304,25.694538729365146,5,0
0.0023918796415238258,25.28668430773912,5,0
0.001311788722106324,25.50387657269034,5,0
0.0005617083829036878,25.514772362320436,5,0
0.0019527032634396868,25.833878541502987,5,0
0.0006532999150040358,25.60335701044313,5,0
0.00023255193061706464,25.456370774187988,5,0
0.002370088306013075,25.53873370270039,5,0
0.0005290966038269279,25.373566524709144,5,0
0.00033173719329869706,25.465473099152085,5,0
0.0008385276658665287,25.435066143935035,5,0
0.0002606200922977378,25.325067557335547,5,0
0.0015594451978259323,25.68490509388635,5,0
0.0018948080904592332,25.242083988550313,5,0
0.002464908577815216,25.68537091413832,5,0
0.0021085447298115445,25.624858897956113,5,0
0.0012407981427140636,25.376402140948557,5,0
0.0010526608967323513,25.382858216525122,5,0
0.0019544185836057773,25.73372581953271,5,0
0.0021878410990151093,25.105747394952562,5,0
0.0021469161944665726,24.98393246392599,5,0
0.0007521996257455128,25.51378715554774,5,0
0.0019267679893338722,25.278032567663146,5,0
0.0023335782552390697,25.2611346392341,5,0
0.0008057924760847667,25.502986486654194,5,0
0.0007173791313432058,25.476108788092812,5,0
0.002001624731892371,25.381245965533203,5,0
0.0022444398277423026,24.85662575017767,5,0
0.002240244353369644,25.317518019133495,5,0
0.0003906406092630339,25.325749836497742,5,0
0.0018765998436437198,25.48885436429035,5,0
0.003133209105682326,25.736376795159543,5,0
0.0003650759522169222,25.35504406889338,5,0
0.0021547549962036778,24.982192556102174,5,0
0.00028705898388914906,25.30493782590006,5,0
0.0021278458190296377,24.625948751687705,5,0
0.0019793735690429013,25.576866606364515,5,0
0.001547553576365305,25.3050109264444,5,0
0.0008365161266535088,25.400858133438824,5,0
0.0004012216980467192,25.422747478600023,5,0
0.0017432741865878816,26.686572835867885,5,0
0.0024612063770400707,25.560113740777577,5,0
0.0023134009546797217,24.466769220713495,5,0
0.0005646066387198349,25.28864529973233,5,0
0.002472944293802002,25.534516165100325,5,0
0.002108363189767291,25.7013270508595,5,0
0.0008121945909849003,25.495664480943375,5,0
0.002354599245073241,25.330732984803205,5,0
0.002127960439208417,25.368344234816313,5,0
0.0013331797045498658,25.436787568252136,5,0
0.00247181426712133,24.676324937785026,5,0
0.0006369266424263375,25.61591997754879,5,0
0.002795203795040674,25.395533358383542,5,0
0.003055442086906835,25.514230323360426,5,0
0.0014373128611421058,25.453686752520113,5,0
0.0007458846552103251,25.332181996581536,5,0
0.0027224738649782036,25.575894960145614,5,0
0.0019111651750062244,25.2423808716191,5,0
0.001824030628841136,25.473277762917945,5,0
0.00045717885642933016,25.38463385009965,5,0
0.001809629000048384,25.68564727707023,5,0
0.0020375424407572205,25.55335845417776,5,0
0.0016832412295463783,25.552870083452493,5,0
0.0022854000228964798,25.43146404680484,5,0
0.0023974112427399084,24.65150482964023,5,0
0.0020092719855410728,25.629104871256413,5,0
0.0012017879769666518,25.62917890498093,5,0
0.0006612087633470337,25.435598844205398,5,0
0.0016237596440115294,25.38646644523301,5,0
0.0015307140399370975,25.530191906008085,5,0
0.0005059469594577437,25.439721352487737,5,0
0.0027633752620419448,25.35018657210407,5,0
0.0005684687181562511,25.44394305871962,5,0
0.002148339276251211,25.47030830950579,5,0
0.001952515480186663,25.638044881920578,5,0
0.0028411456081662337,25.533608325250103,5,0
0.00012791998306788756,25.444939046288034,5,0
0.0006267432524885184,25.3235090366464,5,0
0.002041872035085118,25.417081283007416,5,0
0.0022779155198083796,24.953785186869748,5,0
0.0007900214204627852,25.28367419152995,5,0
0.0005514324419027465,25.53085605959881,5,0
0.0007789506344561709,25.365894326469164,5,0
0.0022915110786759407,25.382093935262574,5,0
0.0021916925435275557,25.63157846639532,5,0
0.0019641218264833246,25.558786704329123,5,0
0.0019153580450481046,25.585146748936,5,0
0.0017165020121715493,25.481659495720425,5,0
0.0004841344074133736,25.415876283718738,5,0
0.0022232127047123597,25.56685039581705,5,0
0.0010731977199015062,25.432468593820154,5,0
0.0015916961361929372,25.463767366070954,5,0
0.0008026379793637926,25.51088145215057,5,0
0.0006159703218550145,25.424016123449405,5,0
0.0023883193430504035,24.920911824786213,5,0
0.0024118986400713,25.53027902243396,5,0
0.0017621445385604215,25.574352179630413,5,0
0.0012524695302570934,25.25157916508709,5,0
0.0005658025260088256,25.34592493634464,5,0
0.002261357942464896,25.49776934375118,5,0
0.002484653482918288,25.22918990885747,5,0
0.0010224865846698444,25.409645712583387,5,0
0.002215576648628342,25.606657031978717,5,0
0.0006403559121559469,25.391443220199754,5,0
0.002745612351130262,25.625922393518913,5,0
0.0024486920459173005,25.347104602937314,5,0
0.0014682601113867612,25.52433297255806,5,0
0.0026778296540215622,24.91441208019192,5,0
0.00045404091395110567,25.412780492728558,5,0
0.002271386702181462,25.853748895726497,5,0
0.0005920261382779224,25.271517291273117,5,0
0.001809670064004095,25.241755050553014,5,0
0.001971111225990088,26.060413989938855,5,0
0.0020313276335223976,25.41878029085683,5,0
0.0020573138230543103,25.803594399732923,5,0
0.0007911532521898228,25.321818632380854,5,0
0.000891202520943302,25.66270129228166,5,0
0.0021666630836516838,25.401539171883694,5,0
0.0028613336959400883,25.476012737841025,5,0
0.00037806455174318906,25.226774596447015,5,0
0.0008142431078955883,25.421662058687527,5,0
0.0015386589018970382,25.370726255359877,5,0
0.001946610827628263,25.57439683519445,5,0
0.002012892672251953,25.2294349125474,5,0
0.0020895934922642695,25.55880663913971,5,0
0.002296431306015658,24.32142962433975,5,0
0.0005260612944825013,25.538947605688048,5,0
0.0007647092315663968,25.310122750931445,5,0
0.0016013194836687877,25.55062015110895,5,0
0.0006652103852781247,25.501617971032925,5,0
0.0003392048080830003,25.436110660598487,5,0
0.0020018376548942554,25.314351266140722,5,0
0.0010989064814279088,25.382295369888105,5,0
0.001732836068656649,25.578676223834524,5,0
0.0018620622016037444,25.517587864327417,5,0
0.0022617881464751712,24.968106841722438,5,0
0.0008228262467882857,25.418542746684295,5,0
0.0024921013854279136,25.63497020971287,5,0
0.0021305054793899314,25.424764378718333,5,0
0.00232597108263214,25.035257329742752,5,0
0.0015463220035436135,25.457571891297928,5,0
0.0009573690424896481,25.579835712383428,5,0
0.002071581315401619,25.7690367333771,5,0
0.0025394449060626104,25.35035752556023,5,0
0.0012940720729000502,25.54324375720795,5,0
0.0013966621820334078,25.447421788464396,5,0
0.001727597326528388,25.519205900561577,5,0
0.002447481661047875,25.583594938022888,5,0
0.0008352896750892027,25.415987105650373,5,0
0.001148267141625023,25.540165733021517,5,0
0.0012022124788699223,25.58315355497539,5,0
0.0008357628743032343,25.544146889512756,5,0
0.0008648594724063004,25.439062319932734,5,0
0.0003215693586034762,25.268051469956582,5,0
0.002147062896079097,25.323752296424146,5,0
0.0019400200003880327,25.372198463886047,5,0
0.0009114908850459516,25.60886683244133,5,0
0.0023744489399468286,24.55946648937069,5,0
0.002521021463906098,25.23695099164298,5,0
0.0005847088586566691,25.35254950205963,5,0
0.002728490428543964,24.75722941768937,5,0
0.002444291262150139,25.381282323339327,5,0
0.001448987698952887,25.783946409745756,5,0
0.0002489415249234408,25.360110930641163,5,0
0.0025300956891373223,25.44095383770198,5,0
0.0007834783965586296,25.53336593940002,5,0
0.0021564209451040836,25.63872475285767,5,0
0.0005073991363903043,25.258936437062,5,0
0.0018950416637113217,25.553744444273146,5,0
0.0017970245712660205,25.557360876387943,5,0
0.0005009515917328256,25.542415871573287,5,0
0.0018393321535152103,25.399732934686607,5,0
0.0008271060432903863,25.322838740434225,5,0
0.0016825235683380535,25.87092564116176,5,0
0.0008894634849385063,25.38481142068904,5,0
0.002551335864923238,25.46519573558762,5,0
0.002028476374394639,25.299855216601802,5,0
0.002966479598976837,25.682251590977845,5,0
0.001878439100564536,25.605856261653184,5,0
0.001724653388917621,25.64778056865417,5,0
0.0005387483840116297,25.35570174563716,5,0
0.0006868549754885859,25.41154211079382,5,0
0.0008776011107530423,25.508897431878587,5,0
0.0004202362009994403,25.411165542942044,5,0
0.0024410915349922053,25.48611585946942,5,0
0.001009119429968175,25.4304409919437,5,0
0.0002809757257714277,25.283499382336952,5,0
0.002735819068512385,25.66355972687522,5,0
0.0017017226680104702,25.591402874056783,5,0
0.0012282899712746276,26.174919031602748,5,0
0.001860664295029171,25.648046894232078,5,0
0.0011389990900560543,25.640469564192006,5,0
0.0003910017644303774,25.404297355128897,5,0
0.0022011418038087086,25.336687211759358,5,0
0.0019909520107595476,25.490800697100756,5,0
0.0011022304214359116,25.547361686912353,5,0
0.002122127257606308,25.020669182991007,5,0
0.0017503695669697807,25.64047450144469,5,0
0.002289097984752315,24.928477983859654,5,0
0.0004049367511969029,25.30914054434648,5,0
0.0019872372631408184,25.385094620339054,5,0
0.002063022747616516,25.369509074032532,5,0
0.002417302593717279,25.725821242500942,5,0
0.0024326326720426686,24.587748741539542,5,0
0.002222922211351866,26.008621106811226,5,0
0.0004243746488712466,25.281318945736547,5,0
0.002254153594966292,25.367460829354815,5,0
0.0022834467150531237,25.198635600879772,5,0
0.0023571370375445864,25.09187926860139,5,0
0.0012050881311013344,25.59948824706914,5,0
0.0003503202310512239,25.234472113278727,5,0
0.0010706819741820328,25.618418874819547,5,0
0.002523093218578492,25.261968746098486,5,0
0.0022737165915759365,24.24874167561519,5,0
0.0023541285167067985,25.62734284860257,5,0
0.0003536753626953228,25.375556637470737,5,0
0.0006516292344664152,25.37359613932164,5,0
0.0020218231950055315,25.557886655591325,5,0
0.0006785542228265134,25.316201995901746,5,0
0.0021663168699792247,25.32456649490724,5,0
0.001988142814759245,25.483232603747556,5,0
0.001547669099747757,25.36166529909531,5,0
0.0010852448897707416,25.37377702376206,5,0
0.0009960722980501544,25.608930772149712,5,0
0.0014345092920291355,25.755005550535113,5,0
0.0017896415104908495,25.292848872805227,5,0
0.002882675178832992,25.835470051682346,5,0
0.0022271871052826236,25.538339322066943,5,0
0.0021784969637888623,25.56732271879609,5,0
0.0025230507248800178,25.685173787449852,5,0
0.0010715488888054117,25.58609460731218,5,0
0.0004964413714006119,25.30094812304284,5,0
0.00024930972389039486,25.216198175023592,5,0
0.0009537323319905636,25.588974844302538,5,0
0.0021039830926818004,25.391934684830098,5,0
0.0021817363218082537,25.564743461760653,5,0
0.0007390141295374894,25.39559969158712,5,0
0.00044086472743827803,25.423481672771544,5,0
0.002280789014527496,25.1195345129653,5,0
0.0005044476475059373,25.287807455907103,5,0
0.002114271446398793,25.289159948859876,5,0
0.0023633262225701743,24.959720892772754,5,0
0.0017143139076011718,25.609878187335173,5,0
0.0023997378942307366,25.17163777090525,5,0
0.0003302563619658384,25.34573996915139,5,0
0.001867668200441444,25.624647499835422,5,0
0.002084370646643044,25.457736695740984,5,0
0.000401981757625077,25.268212168456845,5,0
0.00025881691348044486,25.16222371975272,5,0
0.001982112836622615,25.37407174093593,5,0
0.0011894694373847522,25.41412949652778,5,0
0.002113384769536986,25.216816524405985,5,0
0.002506230145576255,25.20562952620627,5,0
0.0008891497977402139,25.32776413354911,5,0
0.0023671350808371744,25.924907185410927,5,0
0.0006325994189632228,25.473379325620108,5,0
0.0004207446048422128,25.310683058347237,5,0
0.0009655650809894678,25.404891523723656,5,0
0.0005145404241755175,25.399930046691118,5,0
0.001877217884953945,25.365279961835252,5,0
0.0023952745421201203,25.28985086891497,5,0
0.002335153898897451,25.567392476243608,5,0
0.0008803089586113703,25.537798094872194,5,0
0.0008114101905337417,25.58211598797829,5,0
0.0009372257416828571,25.55254894026827,5,0
0.001760214498782701,25.842715368969767,5,0
0.002480845918668393,25.7024223193848,5,0
0.002182622549003199,25.423102543923136,5,0
0.0018550270709589212,25.39309019553825,5,0
0.0008010251780977033,25.524045301692595,5,0
0.00048160305971833,25.13297327950168,5,0
0.0006382387379197105,25.33979551879838,5,0
0.0006241510185186348,25.407750593675203,5,0
0.0008897245056532564,25.42647112657099,5,0
0.002788264695311115,25.233913801312028,5,0
0.00203654397153878,25.443450942982107,5,0
0.0010060853210857171,25.507544783705498,5,0
0.0004625192626233722,25.462581331700797,5,0
0.002044266278153572,24.973991481900484,5,0
0.0025125899296718672,25.017227795690584,5,0
0.0006127027588969426,25.393493324436815,5,0
0.0026046820946256165,25.370516724191724,5,0
0.0009520140262943781,25.352822323486485,5,0
0.0019069651953603382,25.598730501381414,5,0
0.00047712863455753266,25.20969001711653,5,0
0.002542539242255276,25.56066488760062,5,0
0.0019905592216079428,25.693574335964254,5,0
0.0022311798110553243,25.590416060906023,5,0
0.0013098228983480455,25.572088376286196,5,0
0.002260412263324343,25.311853276408808,5,0
0.002448983310939411,25.467596143905457,5,0
0.001962865909200754,25.635069686527444,5,0
0.0007958963360084674,25.4810549830784,5,0
0.00172392048631964,25.778436828719986,5,0
0.0006675695316036449,25.305702344694314,5,0
0.0015040653732363658,25.438840158219637,5,0
0.00047552519898177737,25.301904226778028,5,0
0.0021837578120080894,25.39253137278355,5,0
0.0005403479518473831,25.341227446400406,5,0
0.0028864888672937637,25.581317285317496,5,0
0.001149778189874404,25.448107051863545,5,0
0.0021491743773518067,24.709688833114747,5,0
0.0015377474033377455,25.480309636928162,5,0
0.0019355024238679286,25.017252402948447,5,0
0.00224073740557583,24.3696598214648,5,0
0.0014339420350081944,25.34034616481908,5,0
0.0024254621721928648,25.659143824390586,5,0
0.0023843452566697193,25.26402883755957,5,0
0.0005637455144619374,25.584906166531795,5,0
0.0011074978061618587,25.687631611783615,5,0
0.0014212192061892216,25.6223545522753,5,0
0.0026057069561626293,25.707581827068942,5,0
0.002325751572597323,25.98188872118348,5,0
0.0014814552936060039,25.58555111627889,5,0
0.0010210000743101947,25.48588362770118,5,0
0.0025636386909944453,25.243746735227248,5,0
0.0022135378018142953,25.199204879415888,5,0
0.0014551696937134724,25.584304406553063,5,0
0.002137579765262029,25.701592361135308,5,0
0.0005658774328816599,25.58222258660689,5,0
0.0022195331901299015,25.2888610532136,5,0
0.0029145989254635678,25.802046663999562,5,0
0.0022405408266976544,25.78224758924275,5,0
0.0008766183568250968,25.485418907664506,5,0
0.00044828118826717786,25.43448977899192,5,0
0.0024280778817310283,25.174879920623454,5,0
0.0006246216986653006,25.503542204987607,5,0
0.0017117233149356122,25.568738192085746,5,0
0.000497775771689757,25.613592932926096,5,0
0.0010095047433531738,25.43281166222412,5,0
0.0014360994379542125,25.465141804262757,5,0
0.0023089661494781963,24.712224532775156,5,0
0.0024576622666176843,25.42232599311229,5,0
0.0007419191320993503,25.38539561224381,5,0
0.0024338247844792136,25.64521598017779,5,0
0.0016510800967207986,25.496649945709095,5,0
0.0023692052999787806,25.799400141555495,5,0
0.0023587853415242685,25.422792049795728,5,0
0.0002117910194539102,25.56161806528586,5,0
0.0026544917109933334,25.62731881466132,5,0
0.0009250377445246871,25.94799744355476,5,0
0.0021673351608186777,25.668990831032254,5,0
0.0009339636200845251,25.358954304321948,5,0
0.0006157438638212927,25.403900856559034,5,0
0.0009318768093620778,25.426731371962106,5,0
0.0020432586903244665,25.620634914049024,5,0
0.0007999938844589737,25.447636189946845,5,0
0.0035214118392190375,25.717310629341842,5,0
0.0017351738138984573,25.736812665427134,5,0
0.0014063621929691812,25.302216819014284,5,0
0.0023770876855855197,24.572103196425303,5,0
0.0013829491880212798,25.34415819858169,5,0
0.000656880248294557,25.254231409624612,5,0
0.0004989825643547676,25.321676725925567,5,0
0.002341644615873082,25.762937626585096,5,0
0.0020623008549133025,25.62551069841822,5,0
0.0004352647708168487,25.50902634832185,5,0
0.0005447462333108716,25.224344169823638,5,0
0.0019138567302838024,25.49663727445208,5,0
0.002155114290845073,25.297860384860968,5,0
0.002464266329566545,25.57789731830011,5,0
0.0020318313968290566,25.504806464862117,5,0
0.0020101365935109835,25.509825215703753,5,0
0.0010786719488014677,25.64997154302472,5,0
0.002244949355447572,25.583060914518864,5,0
0.0007679564727912433,25.308590574444015,5,0
0.0009726985219920803,25.63519621060876,5,0
0.0006587636909368122,25.202944481180516,5,0
0.002549035273224772,25.003264696475288,5,0
0.000498532586608174,25.31911318845601,5,0
0.0018286835861307808,25.44920085353319,5,0
0.0008601585252824193,25.481755232118452,5,0
0.0005749747310594376,25.290032340494953,5,0
0.0011961605100362916,25.520208534848447,5,0
0.0003963952994954904,25.44830298776298,5,0
0.0019195093421516696,25.37716304876983,5,0
0.0007076025011199871,25.362253732910006,5,0
0.0006555792788381226,25.489814342228108,5,0
0.002130410642227832,25.61957829678669,5,0
0.0006643520277794206,25.33463168181047,5,0
0.0012056520756107826,25.511280780006807,5,0
0.002377986691546689,25.427569059902567,5,0
0.00214025434984829,25.26607220690376,5,0
0.0012979836810510866,25.441712075432186,5,0
0.000850310124382711,25.168203725712804,5,0
0.0007515669325942715,25.74101725737959,5,0
0.00033375343836013053,25.680226707533983,5,0
0.002124613359922214,25.62909597807938,5,0
0.0007776631906702192,25.334530310202936,5,0
0.0006673994127145949,25.460485019371955,5,0
0.0022745587990537683,25.685744672973755,5,0
0.00019343648021118804,25.395580388675327,5,0
0.002654073641881625,25.57637287098673,5,0
0.0019526975666551648,25.529529239506008,5,0
0.0003037007933077626,25.399478572089684,5,0
0.0008950653523499968,25.393494507372935,5,0
0.0025261858899297013,25.406910859341437,5,0
0.0018347008030971724,25.355171852911802,5,0
0.002665875556487179,25.357768286622015,5,0
0.0011507375568024154,25.564166698603017,5,0
0.001709429874960666,25.57215047454239,5,0
0.002816794944949486,25.471934864660742,5,0
0.002624432696901971,25.04028391323279,5,0
0.0010724142516171842,25.511585287460598,5,0
0.0011284496458824499,25.42633194957919,5,0
0.0021339316685346373,25.273842107937522,5,0
0.0015300238100997066,25.400259512731143,5,0
0.0013502124345616123,25.378502479338234,5,0
0.001114585084002904,25.55174972857768,5,0
0.0006589107485148668,25.51343812914097,5,0
0.0006643850322152452,25.44106309069202,5,0
0.0012411836273085674,25.576464273503287,5,0
0.0008768443371675069,25.44301496481627,5,0
0.0018724363059619072,25.729750835427033,5,0
0.0020051991340165635,25.53270392644938,5,0
0.0009428830373017472,25.367094690910267,5,0
0.002511800708230139,25.659355159354334,5,0
0.0020965283649990963,24.91990924074849,5,0
0.0021482171780339483,25.32926869426506,5,0
0.0020327905709001722,25.501911469867043,5,0
0.0024920313750935253,24.98043073688849,5,0
0.0006514404919525505,25.472378469584363,5,0
0.00034971610310275195,25.468055041806174,5,0
0.002063992681268804,25.434345353308714,5,0
0.0003926850268762455,25.304497160037766,5,0
0.0009545801440461626,25.305369329620206,5,0
0.0020129269290520627,25.675307341178712,5,0
0.001997233472648242,25.5593879722867,5,0
0.0016717571151902005,25.535526381539825,5,0
0.0017395188415646147,25.545853490695034,5,0
0.0021135638389291936,26.018322164539516,5,0
0.003062870222244931,25.409038893280183,5,0
0.0010981854179440546,25.41773885477193,5,0
0.00013398989503782697,25.309743748647396,5,0
0.0027347384833054126,25.657386440581373,5,0
0.00024920407096578294,25.400590974743366,5,0
0.002546251956641533,25.36497664326586,5,0
0.0029405362349895782,25.067359477794923,5,0
0.0006362951305963918,25.243919528864488,5,0
0.0009120497635018768,25.309667208544294,5,0
0.0021137957097716337,25.695785444487093,5,0
0.0013519378270740068,25.461702006599456,5,0
0.0006727369129873644,25.326711975274456,5,0
0.0009208547147738728,25.428240740218047,5,0
0.0009250672484855281,25.63439661515764,5,0
0.0021982781510719107,25.3396730658212,5,0
0.0022936173045315185,24.58133406039825,5,0
0.001738947450963825,25.68804933739436,5,0
0.0009817835274195865,25.56440425174968,5,0
0.001832413117909142,25.521610676385507,5,0
0.002396294407288691,24.78620786767225,5,0
0.002194009509385861,24.522592025819403,5,0
0.002552874450400752,24.77167705681037,5,0
0.0004428215121850923,25.271631947525943,5,0
0.0022833485461011527,25.745233636485445,5,0
0.0017828524759065287,25.486853270803852,5,0
0.0006633830494170087,25.458960837430652,5,0
0.0012520972854381924,25.63641334841105,5,0
0.002021124327921357,25.974237674700493,5,0
0.0008874940357444531,25.718542492625435,5,0
0.0028553193831031875,25.083871061586144,5,0
0.002317657112291687,25.527413714511002,5,0
0.0029330641760860554,24.987234011023176,5,0
0.0014522996368826657,25.481859738104898,5,0
0.0011735589244381115,25.53369774317876,5,0
0.002252279417019274,25.557252416107588,5,0
0.0022524391962250342,25.138575262263984,5,0
0.001560331357333526,25.387278185555992,5,0
0.0009295715842079614,25.603989792104752,5,0
0.0009823381032192113,25.95770065894204,5,0
0.002832930677456272,25.636550357393993,5,0
0.0022584718933865806,24.61615374065184,5,0
0.0021856014732446398,25.29218611228846,5,0
0.001253968174766925,25.59028879085381,5,0
0.0008897392433428005,25.414178518066635,5,0
0.0023162713368810304,24.95496271265106,5,0
0.0031787429204678448,25.189192953371453,5,0
0.0024897873787375225,25.72367187066646,5,0
0.0004897089334576721,25.493322589325054,5,0
0.0007358097748001595,25.321332958328384,5,0
0.002030528468823751,25.707923395951973,5,0
0.0020274063758489646,26.221494586362187,5,0
0.00113619539617579,25.618263301539102,5,0
0.000914469209672862,25.410682248044864,5,0
0.0003780469579462286,25.322808663733106,5,0
0.0023037273271547093,24.667978830512002,5,0
0.00166996983755369,25.54096084601124,5,0
0.0011100606816166609,25.596434962997687,5,0
0.0013575504928239545,25.548469282173805,5,0
0.0010255992925964834,25.390279402455263,5,0
0.0020490214598718006,25.590487057295615,5,0
0.0018930384420231322,25.32888883768542,5,0
0.00206081276415682,25.56658899745648,5,0
0.0027572924688839978,25.15298274481693,5,0
0.002142430223727006,25.76591845818965,5,0
0.0026755500724804813,25.393907577868948,5,0
0.0023837718442142834,25.048880058181897,5,0
0.00215029440731644,26.660317272581032,5,0
0.0022490053769259944,25.391502653864144,5,0
0.0008226595165988694,25.519352749072336,5,0
0.002914055491432972,25.269061341400313,5,0
0.0013698885510909779,25.43544057664303,5,0
0.0003747947119665686,25.283363047806272,5,0
0.002205635260915282,25.33446561431654,5,0
0.002122725415142761,25.43204437247659,5,0
0.00045718007504849206,25.55415202664773,5,0
0.0005573386520630834,25.483218554629445,5,0
0.0023998469851987014,25.82271882352605,5,0
0.0006373792230919854,25.344336250906693,5,0
0.0007345497421928805,25.30863848818903,5,0
0.0003676865784566429,25.38803060023033,5,0
0.002386781125694371,25.734712758632256,5,0
0.0020922032312834654,25.55438454234008,5,0
0.0028290223822842334,25.759196336923306,5,0
0.0008237324590040508,25.38414093584111,5,0
0.0006054337937986029,25.31487712808408,5,0
0.00139320486871984,25.499650452242797,5,0
0.002398833423754126,25.09388834293179,5,0
0.0025944174391846807,24.892036247418268,5,0
0.000517584992501981,25.202498795559798,5,0
0.001995974029539701,25.83676326786613,5,0
0.0019162281627419474,25.789051696124442,5,0
0.0023054833297630082,25.21369635211664,5,0
0.0026259997936412434,25.426956175960495,5,0
0.00019180886770419204,25.32295905251454,5,0
0.0029832218737064764,25.367922127506933,5,0
0.001999996495235925,25.752726115522037,5,0
0.0008294095208298753,25.198773224479012,5,0
0.0004638578304864375,25.361028674104006,5,0
0.00018590605056470106,25.350039500317376,5,0
0.0031221778383186028,25.637855807979875,5,0
0.0010236338569382414,25.536745782281592,5,0
0.002020289232444263,24.931664275493702,5,0
0.0005644126323440378,25.354394216295198,5,0
0.001910386947469234,25.696392035113497,5,0
0.0005539033475863428,25.366415424525858,5,0
0.0010272803369410315,26.2718607993503,5,0
0.002087885954582872,25.48585027354722,5,0
0.002319490670711444,26.14477877022301,5,0
0.0020438731142831063,24.84694501349025,5,0
0.001595764458117532,25.429076786905508,5,0
0.002041504712108435,25.551032844448862,5,0
0.001817902637036827,25.555761744643995,5,0
0.00245130428510832,25.031814140234314,5,0
0.0006095425051631595,25.351869695280513,5,0
0.0024310155771394126,25.2590129502678,5,0
0.002422238837315853,25.87447906643857,5,0
0.0004307121830896014,25.494158796012414,5,0
0.0020285557521012546,25.350772358546656,5,0
0.0012340092881329753,25.38899754209558,5,0
0.0019612902577451903,25.600239199793123,5,0
0.002151124288253479,25.143264094086717,5,0
0.0019096689425629992,25.452155604715824,5,0
0.0019452946591153578,25.623373797745685,5,0
0.00042508663273823006,25.244043134951642,5,0
0.002122893070787927,25.39893359647048,5,0
0.0027570204509437916,25.53542540510644,5,0
0.0022683467941902354,25.38470469632127,5,0
0.0016806970431794304,25.355161534611554,5,0
0.0019829644790352453,25.442096088285286,5,0
0.00016857846699138692,25.29384237789224,5,0
0.0025617175101820657,25.16712154251781,5,0
0.0015022663349014448,25.360687204525828,5,0
0.002504088229320071,25.446489759480595,5,0
0.002868267614443692,25.41861951160685,5,0
0.0006459580192571152,25.580387852528794,5,0
0.0023570051984383627,24.949106253299227,5,0
0.001900098061981247,25.710403589946484,5,0
0.0005856482284740841,25.591931694582808,5,0
0.0008244148580606597,25.577617840986594,5,0
0.0018901421569706683,25.41124392229978,5,0
0.0022378097190266584,25.30791321426747,5,0
0.0022083525980410626,25.648906799919065,5,0
0.001433131098500535,25.541170285471217,5,0
0.0024598013667638304,25.460791863174137,5,0
0.0024987779355358977,25.45113333243413,5,0
0.001946835226810583,25.32638229742351,5,0
0.0018038204864823072,25.724492260868878,5,0
0.0022707440541487544,25.716414331022186,5,0
0.0006269882175477388,25.33283636741824,5,0
0.002471497567432686,25.43821067451727,5,0
0.0021091398856370783,25.735087582902672,5,0
0.0004584598631502889,25.366325729001133,5,0
0.0007948535669910112,25.611492011450277,5,0
0.002102560339396004,25.626484398926213,5,0
0.002165225007555696,25.389259567216172,5,0
0.0004278129356357476,25.34658622918513,5,0
0.0027467129198204313,25.393652626165206,5,0
0.0009180262772416012,25.36358972035048,5,0
0.0007846548419709088,25.40779691537896,5,0
0.0017856108398275838,25.564777706838544,5,0
0.0025161984452640547,25.756892259388078,5,0
0.0019314075209293337,25.25257325654658,5,0
0.0009627055925976205,25.146020001153072,5,0
0.0027212243631291157,25.4188647171374,5,0
0.0015246300987174274,25.59400054549324,5,0
0.00034990141841354926,25.300714145306593,5,0
0.0021905403288631597,25.1698918707853,5,0
0.0018823505314442008,25.373224403068573,5,0
0.0019995535967428165,25.43046135340201,5,0
0.001827683642281649,25.5494836725719,5,0
0.0023742050216244747,25.156302216064496,5,0
0.002457371535582,25.62427268678499,5,0
0.001963478683616469,25.43307560432652,5,0
0.002264807792461427,25.177406546615945,5,0
0.0005991644267817218,25.376759220546802,5,0
0.002560614511837713,25.47319995956209,5,0
0.0006393165063481003,25.241175546078562,5,0
0.002205930433201782,25.349925715091,5,0
0.0002831501433419364,25.387656714742253,5,0
0.002337090694898815,25.439726111326998,5,0
0.0023030305827450976,24.802932447809148,5,0
0.0007452718414953459,25.316045808084763,5,0
0.0018485474582941828,25.661651026101836,5,0
0.0024304774480582167,24.913758281011383,5,0
0.002324466823734845,25.32257733992017,5,0
0.0018158384199239688,25.468593693577194,5,0
0.0014714230339168523,25.516694828131133,5,0
0.0019922588809070845,25.72085447661013,5,0
0.0026399271589291496,25.506837925847098,5,0
0.00043278695401582657,25.362843866930522,5,0
0.000702121694463322,25.126804261171067,5,0
0.0019206638566402635,24.988257154560124,5,0
0.002321190342207252,25.040054513432516,5,0
0.0003942677099258307,25.31633041724413,5,0
0.0006215295048655988,25.512434343793597,5,0
0.00158130381648852,25.48672107295846,5,0
0.002040466735061973,24.70331241677381,5,0
0.0005014694315700312,25.392839432863138,5,0
0.002164598678514314,25.590259136413632,5,0
0.002313283204506537,25.518293358570745,5,0
0.0013867042697523425,25.5318982835073,5,0
0.0011841446684566627,25.482674104005163,5,0
0.002145153509647624,25.780543525333368,5,0
0.0026177583809527064,25.745151442462912,5,0
0.0021840457305617412,25.378171147236767,5,0
0.0023135315441636297,25.61261411493765,5,0
0.0018229185713560239,25.779131017011874,5,0
0.0020071144484613847,24.688543041539578,5,0
0.002521462776896986,25.33289949052071,5,0
0.002309211353877365,24.714304866444476,5,0
0.0026336900367302414,25.571646156254776,5,0
0.0020708036356063635,25.5209001973109,5,0
0.002468609678172457,24.908242526856743,5,0
0.0027543298043256454,25.21047319598048,5,0
0.0010025980824979906,25.23871637640599,5,0
0.001450369716423,25.638140137779676,5,0
0.0013129683912912428,25.587688235422974,5,0
0.0003550775721384533,25.55632803746549,5,0
0.002355736720133794,25.169472846229855,5,0
0.0006831565042157449,25.39139681842678,5,0
0.0022570326581020823,25.320904289712065,5,0
0.0024801981153912385,25.398017504219812,5,0
0.0023534854974978123,24.6948451290839,5,0
0.0014703625502943028,25.53276990913539,5,0
0.0021880083283618325,25.73498894815421,5,0
0.0020871674882853054,25.3103890936767,5,0
0.0007557210695577129,25.44691973704527,5,0
0.0006954962365354654,25.40049485188782,5,0
0.0014419773919369348,25.16222562358031,5,0
0.0021131366807493907,25.415538829020637,5,0
0.0002470269071174165,25.425521654634625,5,0
0.002922790780903069,25.609396477532407,5,0
0.0003633948248636657,25.677959821666732,5,0
0.002065730501798592,25.47499547613729,5,0
0.0016265009657677643,25.43705674750851,5,0
0.0008018180530486436,25.388582380197896,5,0
0.002963573909564818,25.412608130346065,5,0
0.002311805844100774,25.55650506463654,5,0
0.0005076300298106256,25.45397994612204,5,0
0.001186869782165353,25.550014654094962,5,0
0.002028097449494128,25.384510170176757,5,0
0.0002541443702701391,25.274332670607617,5,0
0.0016495918058139554,25.39821092830228,5,0
0.001817405149344419,25.533453839084043,5,0
0.0030384536065845894,25.805836838746366,5,0
0.0024685972768273287,25.148239402180213,5,0
0.002197477120821437,25.423979915045724,5,0
0.0018111436713310258,25.437901917806887,5,0
0.00020924591969443125,25.364584009076033,5,0
0.0024010226191492822,24.868056761385336,5,0
0.0012675636397920722,25.520997996101233,5,0
0.0005043333895952802,25.503896876125555,5,0
0.0008478320374966064,25.46547956169427,5,0
0.0015761554210732991,25.57946138957148,5,0
0.0026063578191431996,25.274452406215687,5,0
0.0030135787653988136,25.847899149501906,5,0
0.0006836386323812192,25.50401943472053,5,0
0.0015051151695630806,25.30391238008839,5,0
0.002691464235269461,25.764534682952693,5,0
0.0008432782196468401,25.35555821866,5,0
0.0008327449499474823,25.447658513987843,5,0
0.000513610193214525,25.32023703297987,5,0
0.0017392046445914582,25.371199114448974,5,0
0.0023538819069352603,25.527709668304638,5,0
0.0017100048976725452,25.514594391636006,5,0
0.0023160123516092384,25.166147017677183,5,0
0.002172598896518875,26.922881476802615,5,0
0.003240716789474531,25.64276971923824,5,0
0.0018052159301998646,25.473730160309366,5,0
0.0022490660968521575,25.54522268359188,5,0
0.002329947674902233,24.868964970765695,5,0
0.0009150990511783418,25.376980827465275,5,0
0.0010524547950115449,25.38370972568428,5,0
0.0008540309293613785,25.376282212424815,5,0
0.0019356886705659256,25.407727496739398,5,0
0.0006064966734808329,25.34858319770781,5,0
0.0008469905040734141,25.459183520443922,5,0
0.001231924209688423,25.316101559015657,5,0
0.0011004482492687328,25.54336219931599,5,0
0.0009560408600725936,25.488427666013944,5,0
0.0018087953612455875,25.53463274926711,5,0
0.002327768719249115,25.162672085935423,5,0
0.0022061686792653862,25.72284894144203,5,0
0.0006302426288837558,25.38725519371011,5,0
0.0019668102028639785,25.278526664527174,5,0
0.002258493384504586,25.68680932011225,5,0
0.002306488339097171,25.466521513488374,5,0
0.0005756011711068455,25.30251303249381,5,0
0.0004347745443676218,25.355061358905893,5,0
0.0002777199530570993,25.481586113093886,5,0
0.0021053592102149295,25.747378691640165,5,0
0.0026152834472478563,25.51699431831341,5,0
0.002837363766521105,25.527660315783184,5,0
0.001128797090985107,25.53805288251267,5,0
0.0005305221711867046,25.27954838284417,5,0
0.0013967125556763882,25.586234535795672,5,0
0.0002384609834368937,25.281256524124686,5,0
0.002054045956101056,25.27471342286132,5,0
0.002286632849814974,25.56232250122102,5,0
0.0005179751380302508,25.357849374151783,5,0
0.00048246658883833527,25.593771203788947,5,0
0.0021069027779009766,25.633528508432477,5,0
0.0018113607486121288,25.45933449106828,5,0
0.001594703646102603,25.73400608233564,5,0
0.0021950796089270645,24.943278455893658,5,0
0.00039068494885628367,25.466836211185978,5,0
0.0007173319647549504,25.449219513673615,5,0
0.0024958672095090253,25.290890204721016,5,0
0.0017596303759079082,25.722867720078256,5,0
0.00242007317313095,25.30468739492225,5,0
0.0016917408212027006,25.51342224898096,5,0
0.001610006827386776,25.490134852721162,5,0
0.0029439079604470352,24.928902428015288,5,0
0.0003513674614180509,25.32258926989746,5,0
0.0009933761205139474,25.607643858744186,5,0
0.001192658649950927,25.447619065782963,5,0
0.001608016250656599,25.524439375028376,5,0
0.0014441768283129002,25.391456343698277,5,0
0.0010638485801784876,25.637343669153434,5,0
0.0015750550032153394,25.641732413343554,5,0
0.0025610385765554825,25.625965756806718,5,0
0.0005590997070957657,25.358340178328262,5,0
0.0003203209229184924,25.36142941602756,5,0
0.0026151840557856305,25.03777012440167,5,0
0.002311642267785018,25.393294175585243,5,0
0.0007499474277522271,25.263810073617794,5,0
0.0018096318814431196,25.66132881248995,5,0
0.0004539885979999627,25.19722204190425,5,0
0.0019909645584334805,25.64397515120997,5,0
0.002223103577602791,25.23322020031002,5,0
0.002299457196379758,24.386047516655864,5,0
0.003684441985350199,25.437964095719757,5,0
0.0007847792043291518,25.608513199504976,5,0
0.0014954076083162863,25.409682677036564,5,0
0.0007160040241590852,25.250482724079408,5,0
0.0023981045563003975,25.552123390795717,5,0
0.0020604822804409562,25.591757112803833,5,0
0.001947257385794353,25.325650264637517,5,0
0.0018919575132371452,25.422137476088764,5,0
0.001604941268296231,25.50843209355352,5,0
0.002460610084291797,24.967749459513573,5,0
0.00026481911063602406,25.391350943389426,5,0
0.0020151422634813124,25.363311332224324,5,0
0.0019000061835909429,25.686029589146486,5,0
0.0009079910920139563,25.42771091120863,5,0
0.0005574460471172726,25.489377878119967,5,0
0.0009044822087411503,25.34887925613341,5,0
0.002499772880935117,25.738552862741507,5,0
0.0020797130741547873,24.87601534617677,5,0
0.002334802664497819,24.576629856349218,5,0
0.0012229369706612664,25.49011558715174,5,0
0.0012832858918142525,25.252729229970146,5,0
0.0023465223589046063,25.55051413002068,5,0
0.0005731375199396491,25.43416633772843,5,0
0.00031991903842553467,25.55307156699125,5,0
0.0020126051688802585,25.654913127782105,5,0
0.002194956712776248,25.224677067519274,5,0
0.001303112048912439,25.437990029374674,5,0
0.0021781739135937057,25.369836946261263,5,0
0.0005406739703723888,25.585066704678365,5,0
0.0007403737877658619,25.420632456880508,5,0
0.0026640239785726072,24.886735361149526,5,0
0.000556882757141616,25.116795398589858,5,0
0.001138385951056205,25.502311370549577,5,0
0.001285763275001663,25.794208720136144,5,0
0.0021701673396205025,25.193682135503206,5,0
0.0017219628713076572,25.510537602101387,5,0
0.0014805136173869106,25.450089914065064,5,0
0.001887700126811073,25.52085659819267,5,0
0.0021464736217019003,25.89686778834288,5,0
0.0023415743288149565,25.093841261368276,5,0
0.00048034939117051853,25.339188886312837,5,0
0.0009467416689510341,25.427678148083643,5,0
0.0014742218020034619,25.325645660895532,5,0
0.0011019923133924342,25.39423484474463,5,0
0.000230360074495557,25.397020295832263,5,0
0.00028771006936007237,25.20201880087793,5,0
0.002294131101443169,24.76022845486624,5,0
0.0022695651326479402,26.438229525302383,5,0
0.00263459904107721,25.303597418382825,5,0
0.002089203840936606,25.795593230605764,5,0
0.001905600284389261,25.833384487989473,5,0
0.0012938793005445792,25.594261222251582,5,0
0.0016010245569714342,25.715741252718665,5,0
0.0011065211855537716,25.307085279106712,5,0
0.002221809111873805,25.59736523665563,5,0
0.0005299001505862924,25.5978044103839,5,0
0.00043925703256883855,25.38474054251892,5,0
0.000623765577330597,25.414159800132698,5,0
0.0021925354141325293,25.320010027409044,5,0
0.001104825665883006,25.335611550313583,5,0
0.0022903564467555817,25.393065364119465,5,0
0.001008525983157579,25.48663466701637,5,0
0.002778294479353997,25.64525173750948,5,0
0.001981137595084184,25.60099463557389,5,0
0.001090145402242179,25.500600043107564,5,0
0.0005834873637865524,25.49720265517386,5,0
0.0006120708326056172,25.555850759104025,5,0
0.0009359271562300481,25.246374371451665,5,0
0.0019785360201641723,26.001908018238236,5,0
0.0011683312800340223,25.536245701588737,5,0
0.0019476819306074875,25.671043777303918,5,0
0.001823200499602565,25.64311834793542,5,0
0.0018465710795977695,25.52594938079507,5,0
0.0025804484194999248,25.530845193480843,5,0
0.002178991424967757,25.358518033270457,5,0
0.002725064007083476,25.493474546679316,5,0
0.0043770579744745654,25.60413496408512,5,0
0.0017978965573908566,24.694613180102355,5,0
0.00029617733667798574,25.28776832548294,5,0
0.0025949693798125928,25.74593564050188,5,0
0.0023171126036349698,25.242444898479352,5,0
0.0019692442823753087,24.68388841855809,5,0
0.0022230406254290847,24.531900027094697,5,0
0.0023748284065994536,25.77668025049511,5,0
0.0019857203249903656,26.703343353437877,5,0
0.0021075651183189155,25.351978717299076,5,0
0.002366030780436352,25.607919480761197,5,0
0.0021821550119982265,25.748388026204,5,0
0.0013299871805203982,25.320991990655237,5,0
0.002057585718185816,25.743706002080135,5,0
0.002029055503219999,25.275402836414706,5,0
0.001746523964452888,25.32868247691887,5,0
0.002028041279715609,25.447450385352468,5,0
0.002039872954548186,25.342306526502536,5,0
0.0016915298028278626,25.714789241914065,5,0
0.000454850416131148,25.43161960472517,5,0
0.002359214683793945,25.882573271988857,5,0
0.0022422368758750057,25.747125554760903,5,0
0.0023511696498474343,24.817798207395114,5,0
0.0015882386557006432,25.264294165787103,5,0
0.0020194558427870718,25.203838984687465,5,0
0.0025067277453419048,25.268894391203457,5,0
0.00226235545682064,25.639798244443465,5,0
0.002307193106854765,25.66461124146231,5,0
0.0011533565959480222,25.586648028582815,5,0
0.0015733074967387924,25.453212202859206,5,0
0.0011299092451563868,25.457348240725945,5,0
0.002815514444950331,25.603374470679245,5,0
0.0006190486889954955,25.47392650312117,5,0
0.0020413632672077347,25.727723216162133,5,0
0.0009895349398560372,25.389548301181918,5,0
0.003015952682074025,25.765660825699253,5,0
0.002544028984164052,25.530960869984632,5,0
0.0023119978992044536,25.32135037453041,5,0
0.000367729876157067,25.374803250403293,5,0
0.0016379621534449653,25.72013717951383,5,0
0.0008417883942906718,25.516903776243687,5,0
0.0024887755011492774,25.571199950268092,5,0
0.001157094941829041,25.33090134325579,5,0
0.0018049609487853465,25.456544259195535,5,0
0.0014091257324564466,25.53018833349079,5,0
0.0007334648397803327,25.39759975399849,5,0
0.0020084510998337963,25.484879482652282,5,0
0.0012401089402134208,25.648722453616173,5,0
0.0023487557882696125,25.672149328139056,5,0
0.0023045080035386557,25.867597535337445,5,0
0.0022150121256981634,25.318119954519226,5,0
0.0010240390438607595,25.490675572681933,5,0
0.0008693734170041193,25.507756315170838,5,0
0.0020066117291707543,25.69405415855505,5,0
0.00074745262633797,25.451411155882074,5,0
0.0017421320526451668,25.305712282148125,5,0
0.00041429338443101777,25.40488776302401,5,0
0.002286032634824424,25.756068337539595,5,0
0.00028240880897955614,25.384303134165723,5,0
0.0022272087561129943,25.726477855347177,5,0
0.0020852228037025276,25.634896867751344,5,0
0.002427489094980408,25.413161877288005,5,0
0.002323035183553756,25.492636486980828,5,0
0.0005534108213602846,25.169256378828063,5,0
0.002238689617256365,25.173142485815248,5,0
0.0005145641233737298,25.34575807498058,5,0
0.0032632868018333656,25.24537857356759,5,0
0.0018881160862325161,25.176771844442488,5,0
0.0007124171527754144,25.201314760181273,5,0
0.0004182892177040388,25.3686426698881,5,0
0.0008067669891253707,25.334580989737248,5,0
0.0021347707968732504,25.38030314860674,5,0
0.00040198209764545596,25.519130193087364,5,0
0.0022935313605755956,25.369075216044024,5,0
0.0007644551672543707,25.5225727040382,5,0
