0.06996284616902007,12.24263059908646,3,1586000.0
0.004762726717360644,25.617970922936042,3,1523999.9
0.024861744616118717,24.102448935403704,4,9746000.0
0.029618846666140855,9.667438340720711,3,3892000.0
0.0931520010540286,9.782967821338815,4,6780000.0
0.0026326904887657068,29.371421177216913,3,1580000.0
0.06019485369308079,13.22494199174859,3,9140000.0
0.29679274972505965,4.402941760135835,4,574156.72968
0.05733703042011249,2.868842226135707,4,5808000.0
0.0006295634754122589,42.096356707245285,5,0
0.24072224942994924,4.6311784657327415,4,4200000.0
0.0018789980771284698,23.037660357941714,3,796662.7395
0.00024290269220787595,7.768347518971154,3,561739.56049
0.012975193142614659,29.712495914844933,2,708666.72893
0.002036828863908813,9.412954225780732,3,1167174.13516
0.005539684009984928,2.7633963320795494,3,568385.63047
0.0030407910475279748,27.215586577379774,2,2680000.0
0.022960062581149875,11.30141033709125,3,6532000.0
0.004059982520082519,20.513689366829556,3,2394000.0
0.00025161880026713766,42.90180731092366,5,0
0.0065630802200255,5.925614708825318,4,3586000.0
0.008159108477055109,21.157886141016846,2,1178000.0
0.016092261345471072,33.37411104387811,3,3706000.0
0.0001296399387834123,30.861742815125368,4,642541.95547
0.12283724486735795,7.529843440936805,5,0
0.0004943931708469446,42.288886520923775,5,0
0.002434406460974241,3.898640716687613,5,0
0.011630731673921505,12.439100692989566,4,4730000.0
0.006331310843082713,21.445227191319884,3,1108000.0
0.00030566482666159473,42.12972334411417,5,0
0.000550384866856865,41.89994651474284,4,6896633.91688
0.011253775174394581,18.025325402150763,3,1146000.0
0.0005779875355309875,42.24793205049397,5,0
0.011274135816514121,13.778996692114765,3,2594000.0
0.01152163198582665,23.707834268607506,3,1086000.0
0.011890503349637238,14.165061433426338,3,1840000.0
0.01926177552926241,12.946368544265104,3,2713999.9
7.824121952391113e-05,41.87275094451662,5,0
0.009503258774239097,21.19737430453463,3,1138000.0
0.04053160775936544,17.40621346977184,3,2534000.0
0.029771950262402733,12.740019071925152,4,8748000.0
0.060041478453320474,12.12701102092755,2,2122000.0
0.011379782764897288,2.3058377180053133,4,7144000.0
0.023449746030605168,22.092527748734053,4,1062000.0
0.04265780899557023,11.418068907338073,4,4752000.0
0.0598872628569818,15.17969767810861,3,1662000.0
0.04890542224437874,15.333450672280394,4,596000.0
0.04940686558881055,4.592140532205843,4,1068000.0
0.008390820242419364,5.758766536072659,4,530107.04928
0.01922145012411569,21.39238538091158,3,680869.74569
0.028705478651383048,18.423974356701287,3,1876000.0
0.00026517239970539594,41.62673810584201,5,0
0.0037012807131283137,10.855743278412293,4,574000.0
0.007438535971205879,29.537067319648383,2,3790000.0
0.08643129298133083,10.543283344300233,3,727269.26941
0.018610303461365087,17.74831840515249,3,918000.0
0.0201552120261736,24.732446874236178,4,1594000.0
0.04585170884235272,17.773817127666224,4,6164000.0
0.010531298013797194,29.47231363268695,3,2065999.9
0.014282629764859715,4.930374631974432,5,0
0.010493791386247162,34.45183887484754,3,1098913.70223
0.09097925652439366,10.206567389453822,4,7394000.0
0.0023753426634983733,41.003771460091194,4,7910000.0
0.028635597750026814,20.89572760597641,4,1764000.0
0.003965085147814914,10.135636741980665,2,702902.829
0.0011810833192188888,9.023179242172734,4,954000.0
0.6283855277149333,1.7539860367941718,5,0
0.01831338381558447,8.278785916959265,3,4726000.0
0.08733298422525948,10.01640220509408,3,4036000.0
0.24185988167459246,5.333227572453851,4,1050000.0
0.022393971122635643,21.33869757231224,4,2010000.0
0.04903032409441905,16.844399188730403,4,7776000.0
0.07014728274332067,13.095268708681134,3,4514000.0
0.053873462209815155,18.411384295026714,3,1690876.49282
0.12573291464927513,8.217016304659264,3,2074000.0
0.012841223835535088,24.93624172750676,4,1972000.0
0.009679597677510025,30.233946776085748,3,6420000.0
0.010223594715010605,6.340053156471489,4,5216000.0
0.00028618546144981136,43.18143202840454,5,0
0.00014117325983256245,42.596340025598664,5,0
0.00020475000154224579,13.27881633975737,3,707989.56055
0.02123861373429344,13.700876318702587,3,1144000.0
0.0002232454070402092,42.30209313212499,5,0
0.013108816061825772,30.914649006969803,5,0
0.016571017971234316,22.93357790375207,3,1434000.0
0.011199724773494504,3.783930066201009,4,545842.75678
0.0012105525928850435,5.726847989518907,4,1302747.77374
0.29096718421982665,2.5407471052614126,5,0
0.17184669676066483,6.072088097710727,3,2350000.0
3.761844476572523e-05,34.67929823219671,4,549828.0665
0.014380844668872097,21.971917212054993,3,3076000.0
0.6081181615953272,2.1996801663891996,4,842000.0
0.00047534311923926324,42.2552836709675,5,0
0.0005530296697759193,42.26250642125428,5,0
0.012392290616371258,5.378041859110243,3,652816.12231
0.0004275545222703834,43.24475612463864,5,0
0.01973381204728031,25.545597028789388,4,2828000.0
0.0006550192064223693,39.934034628891425,4,1050812.43216
0.004781287922431923,35.06448337209863,4,9348000.0
0.0313566985332872,19.28766046076067,4,3118000.0
0.0673998031619957,13.22866881775684,4,958000.0
0.022703753120667355,12.114221371086925,3,5112000.0
0.4307698247183987,3.058016537767096,5,0
0.006239234506558923,30.12018830465842,3,771616.56893
0.006568635460616433,25.329742957972954,3,3666000.0
0.11307989741815025,7.285937573006745,3,1012000.0
0.001977786541924452,12.418295367469728,4,630643.34145
0.001548422765302733,12.584931351288295,4,635222.71354
0.015234344663460938,22.25458116386176,3,2162000.0
0.03034704711681997,16.23757228962335,4,3706000.0
0.014466298500946788,21.950015651874246,3,3316000.0
0.010544593271432525,24.567321811300122,3,1752000.0
0.013025102771875713,27.208733290203952,4,2378000.0
0.029179452322676595,19.70895336533429,4,2034000.0
0.023961371094598234,12.717524264153106,4,9814000.0
0.09711161156096595,4.919371400472713,5,0
3.749159170180564e-05,44.2405172915767,5,0
0.03710609956280773,19.36720961453053,3,1580000.0
0.005800674394934316,5.269709288152887,4,904000.0
0.0002998722682244916,43.44347887056478,5,0
0.0065814143489232495,12.752101152797257,3,1504000.0
0.0002851745252503977,42.96888279980512,5,0
0.017611288891388535,14.751557148530647,3,1646000.0
0.019623968778102383,8.482355709071392,5,0
0.0855805553710729,11.919917212631871,4,8286000.0
0.047525031279972006,17.37924919266879,4,6640000.0
0.012590268445202278,27.86855342219342,3,4888000.0
0.01549478965514309,3.6014162126177727,4,624036.61095
0.006975914922079156,13.246280648343884,3,1370000.0
0.006387733288513028,12.929262891423473,5,0
0.0007578464318056871,42.049511591969406,5,0
0.0013462116830002882,7.727478514977053,4,1840000.0
0.009893893891300362,3.608857364354518,4,1084000.0
0.1309953740936316,9.370597168716362,4,552946.2861
0.07289274349185024,7.174399637180247,4,2682000.0
0.010572659916078177,5.004985260973969,4,1760000.0
0.02674443289949057,24.248839346379018,4,1952000.0
0.0005754435789205082,18.726322963056152,4,642869.78729
0.004264510171864124,23.7819409011808,2,1484000.0
0.005719073721224654,3.919022809324127,3,3410000.0
0.00958843143384097,6.692489151184529,4,649418.7855
0.031088017777745742,16.621741829841206,3,1530000.0
0.023485093645710924,23.12661016819351,4,2310000.0
0.030016128090749144,9.091595036764994,3,4388000.0
0.002586690769828243,21.32405925807688,2,1554000.0
0.01123846810228868,6.902493199093269,4,4290000.0
0.07043289414804985,14.974943537540135,5,0
0.0050941874270905504,25.68774581537438,3,550677.61725
0.09939370447957777,10.05434625,4,1420000.0
0.011835540459649236,24.261704692429632,4,5206000.0
0.012814650458594009,7.282535439693755,4,860289.27796
0.026455835138865545,15.871002847585155,3,629470.35887
0.008707571788148506,5.007673628703345,4,639553.80649
0.007645582499755241,20.28421513085074,2,1156000.0
0.0007822403431778164,41.092979862088384,5,0
0.020839232494472865,23.981339536822283,3,3298000.0
0.6200180944689665,2.0277600176076067,3,2480000.0
0.00012898385002598652,42.63423290295211,5,0
0.24442599255013672,4.150071877351732,4,6176000.0
0.07289696944213597,11.51890488942928,2,3026000.0
0.01044391113460505,5.302315213382883,5,0
0.0027473119516562136,6.275855635246138,4,870000.0
0.09958751622209161,10.005963998473296,4,5480000.0
0.00028693427100956524,43.04925387534825,5,0
0.0010390235168791857,40.53247718681339,3,3480273.89573
0.03493068573306776,22.410340924191285,2,3657999.9
0.0034356571065207544,12.268291959685907,2,1572000.0
0.0005017591299526021,41.868162740862374,5,0
0.011486688717746633,23.63749063557002,3,1442000.0
7.982850301906106e-05,42.84622607190068,5,0
0.6092102942971828,2.649486984765265,5,0
0.0018960998395571112,2.5119203348059127,4,586000.0
0.000264929607719063,25.131904036646738,3,559565.52355
0.4598604389690775,2.946454061980199,3,1208000.0
0.0077938106855707494,18.99008689231257,2,910000.0
0.0005576708494601355,42.31934040423777,5,0
0.0952687270718385,8.915235849950818,3,1156000.0
0.011950638028122533,27.859725759569862,4,4760000.0
0.005551653760249761,21.37629355843907,3,1250000.0
0.0002644138158148839,41.274138472076224,5,0
0.019189087295355147,23.348775732085137,3,2302000.0
0.04974520093874576,9.92690990927646,3,4324000.0
0.025041971571288305,6.830945744507114,4,8236000.0
0.0055505331315251665,7.2888609156301065,4,1326000.0
0.000833624142336164,41.25530136456701,5,0
0.0005521560068396934,41.82042659708019,5,0
0.0012249718992220263,4.948846952752375,5,0
0.10625694573485311,9.21156735467149,5,0
0.00033589448174843893,41.699728758069256,5,0
0.48834480072678127,2.5008717049280857,5,0
0.0002838518736085474,43.25904567359564,5,0
0.005057582789084292,7.03417705543914,4,622018.47405
3.283078469250518e-05,10.935764352091173,3,575796.36737
0.022703922846004237,9.668448225017912,4,7844000.0
0.006229470167525308,24.441162195761855,3,688778.8606
5.5220623357190366e-05,42.80187052615073,5,0
0.006632190204484513,4.459638376203046,5,0
0.0006501462338047753,41.9711873453249,5,0
0.010361548023248414,37.618648068384594,3,590000.0
0.01284615761304887,6.4215255286638655,4,2180000.0
0.018895295185772654,20.933487659660376,3,3828000.0
0.1189275470801891,7.013987916314408,4,8850000.0
0.0058419527005466295,23.453328095832443,3,1188000.0
0.16897063311441718,5.981861138079337,4,1334000.0
0.11192038441293081,7.959795724926155,5,0
0.007794633601305692,3.70812157267654,4,4178000.0
0.7078181505514979,2.0959999045102884,3,6796000.0
0.007634003891028419,26.529188970192944,3,4264000.0
0.00010068300999206432,35.665656648798645,4,2201758.57695
0.02381137272597113,13.410229556228114,4,758000.0
0.037095862440665164,12.653893494792461,3,1001843.88842
0.003526413658192977,4.26919170368563,4,1638000.0
0.03104143090343595,16.422647192996706,3,3772000.0
0.009743598446531063,31.868125205981094,3,1400000.0
0.0003329231962476961,41.125891504498384,5,0
0.3196715893046289,4.256247754942095,4,4364000.0
0.004349037243988133,25.403151535459102,3,1988000.0
0.00035034906587107104,42.62550662182758,5,0
0.009765815862938433,21.628199314595626,3,1142000.0
0.000981435634143007,40.47146515400772,5,0
0.01143155567956659,23.394641183728336,3,1848000.0
0.3192685449561299,2.8689965138322706,4,2974000.0
0.12531659971560896,7.042998315539042,4,5070000.0
0.09870112621178655,8.819726054993694,2,2300000.0
0.0018460075595691354,4.868806548690826,4,2502000.0
0.54980393198693,2.571703261939755,4,1002000.0
0.0005193020712353619,17.227985238545116,4,665918.87457
0.07841942737713593,11.709636766507199,4,688000.0
0.005736909972718647,25.87229426119272,3,1406000.0
0.008538568571321042,10.83373649948199,3,4428000.0
0.02339451696680467,12.486300034047828,3,2310000.0
0.011409768968268695,21.910357049729953,3,2234000.0
0.1626083478397941,5.843727210697387,4,5894000.0
0.019047565211249777,17.51007321140498,3,556327.81768
0.006660346805725146,2.492794426022229,4,5064000.0
0.009996963860741864,46.751325241449095,3,3255999.9
0.013519067785780882,21.401696923977845,4,4342000.0
0.019689736715881253,18.374430666247193,3,2972000.0
0.00013694092537850367,37.18964525527361,4,560282.48105
0.0002521893760126707,41.36065688824799,5,0
0.038966658076165527,22.3982050909887,4,5562000.0
0.022854771531073837,19.641502837635052,4,840000.0
0.00975284908671702,19.616741258117905,3,636548.69849
0.008857209027235477,23.151433600645873,3,982000.0
0.033684145535341964,11.011830132332467,4,5346000.0
0.01056673375625409,19.248237396222418,3,1480000.0
0.005511101318786197,42.41573291923053,3,1946000.0
0.013332132715421642,6.2812989171026725,4,7114000.0
0.003135085406242527,15.895164541804096,3,2390000.0
0.01374765183871548,15.79972263665636,2,3962000.0
8.062705672864623e-05,43.65687261114281,5,0
0.014553971486930377,18.12626961315234,2,1114000.0
0.009457856585491437,24.910195540136467,3,3684000.0
0.010778744182364613,13.279734560361799,3,1474000.0
0.0005370005524520635,42.24616745647635,5,0
0.006217011355519666,15.572850606678704,3,689468.67838
0.0015841224603212905,11.736462872317981,3,543800.05811
0.008459576825788706,24.271794444648513,3,3412000.0
0.06899934858355133,12.668564852057521,4,2338000.0
0.018006238412354138,23.217639393438954,3,2904000.0
0.02724187906736471,6.591889344502755,4,2104000.0
0.00016452631505188786,42.66033330204396,5,0
0.09015865287026886,8.412593928662126,4,534612.0089
0.010536428350091604,19.049573853605523,3,4768000.0
0.011983993542718067,5.125002158191351,4,1546000.0
0.0008190590490850474,18.05906049877746,3,540121.80879
0.0004907995333635702,8.195437168500595,3,678231.20448
0.0006933671336303889,41.418520631038106,5,0
0.00026813357463291595,42.41104300444319,5,0
0.007928998380849626,18.035169712398083,3,540354.16086
7.890486982514678e-05,42.42486229425095,5,0
0.28960009654213614,2.2181290809725134,4,568377.62454
0.020305207093007045,25.91626103596571,3,4808000.0
0.0003763002440903131,43.574192866399535,5,0
0.004442494991803576,3.464394411838864,5,0
0.01016762746569183,4.229128168639688,4,740000.0
0.36550021324848336,10.976908183170726,2,632000.0
0.041785657666884767,6.97428163687261,4,7090000.0
0.05403603417412134,12.81390830073695,2,3628000.0
0.0003382550741493829,42.742157772743305,5,0
0.008104413231466255,18.805893105614466,3,2812000.0
0.0077346041424186844,24.210286198546644,2,1222000.0
0.3592531655626619,4.033759316762958,4,6290000.0
0.008002980997256572,26.01252624570483,4,1648000.0
0.37521435968576405,2.826906119098787,3,2748000.0
0.0052055904230263374,9.504504513723742,3,1684000.0
0.0022622229277503712,34.02734294248136,4,3082000.0
0.7445510813495694,1.9322429882815313,5,0
0.00034420096821769506,26.5565537696842,3,544974.67894
0.009854603370728349,5.299746163049805,4,562879.81023
0.0014720498937065302,10.952227986492137,2,613064.72282
0.007880676990243715,5.185255292393141,5,0
0.00019374979134317304,43.33244665788668,5,0
0.02960705966028011,7.8895757742032835,4,571025.19826
0.0077641785504541354,28.580654977155973,4,4908000.0
0.022863775120792382,22.726727992002694,3,3438000.0
0.08578321313640125,11.718545018713257,4,6930000.0
0.0003251638768282363,42.98353045922461,5,0
0.004924286301779048,33.32197884944644,4,1084000.0
0.48897617635768165,3.098159877180808,4,620113.29736
0.21241147943962477,5.958327421359409,4,1142000.0
0.03777926802344197,4.840023029324506,5,0
0.007203018818696539,26.731522798422247,3,4980000.0
0.07826503330271638,15.866931526542105,3,6262000.0
0.04549829030947156,6.618999219680521,4,8444000.0
0.0004834192018027681,42.362729638061865,4,950840.43045
0.014619898041079821,7.904350830539155,4,6316000.0
0.00657965205451002,21.886561439268178,3,2130000.0
0.0756891274658911,12.326588532560871,4,3900000.0
0.004130497437768724,18.739775554510818,2,2496000.0
0.8036732845682321,1.9781976860786312,4,1800000.0
0.06516877035533894,9.347798809589383,4,564075.96174
0.009729727970025841,32.885950465571945,4,7374000.0
0.004231402804131779,3.795160751637674,5,0
0.020874550815865155,12.422062845061253,3,4478000.0
0.039586624479393144,17.26276637842777,4,8774000.0
0.013098252408813946,1.9535822874417632,3,533857.74254
0.0007486074612873932,38.300502999676915,5,0
0.0004590107619020655,42.38997701132243,5,0
0.16304815528223934,7.9411100782551065,5,0
0.0011379899510545733,23.431598954542736,2,1366000.0
0.008710385903160025,19.00037728000451,3,2922000.0
0.009270841241320984,4.111661347475326,4,574879.59542
0.026456858879489453,29.2103019100642,4,8880000.0
0.02242875872582682,27.13410146556733,4,4336000.0
0.20208646160395172,7.107999305762019,4,9004000.0
0.00010468983756875487,42.67319015807971,5,0
0.01341496719861549,21.427777830481,3,1560000.0
0.020146529510476605,11.047345727125956,4,1738000.0
0.0039356855256283225,5.431914684344338,4,782000.0
0.0019772061365870503,40.427357666962905,4,4508000.0
0.00026830927732458153,43.09316947662364,4,5209101.4825
0.006156783531093487,8.493663467084486,4,988783.32139
0.051832955385664514,13.946364153920225,4,1282000.0
0.0003869956993554755,42.317429830247825,5,0
0.00015660160700604528,43.34754228211473,5,0
0.016213528308408543,24.665315857893987,3,807880.74963
0.00152789430110982,39.14885244945733,5,0
0.0015806213162202526,10.37427037922611,4,866000.0
0.18280913305634658,6.067645203077265,4,654747.83046
0.00039067685172179445,40.94625720141039,5,0
0.012488672141889095,2.7259824829167116,5,0
0.6141785506463457,2.175009337127617,4,1050491.61232
0.03137412795047381,18.5318078565554,3,3006000.0
0.0008581957637630978,41.34685038417534,5,0
0.05859344961976935,15.57759370576936,4,4896000.0
0.016597407112804264,15.855638403686433,4,680000.0
0.0004429681476766395,23.901135337941074,4,635048.71585
0.04668582684341744,11.230078352422458,4,5300000.0
0.004748758345847577,34.11653241444574,3,549902.65888
0.007354632825098629,33.371010785048576,3,806000.0
0.022525999277567915,23.2790946064901,3,3872000.0
0.0008055671672699017,2.9702985556538897,4,838000.0
0.06555995546528642,2.3515071153490217,5,0
0.005836224426416918,15.162930558932075,3,1930000.0
0.004266006217990319,16.285808691623345,3,1386000.0
0.7471453684226435,2.0336504848286685,4,5360000.0
0.0004049848643668242,42.957517924728194,5,0
0.0007393474303691353,22.46648190607919,2,1374000.0
0.0007457502757264871,41.43092648665503,5,0
0.00011381538634532327,41.0589408811559,5,0
0.08310725895981709,9.554535494524778,4,4220000.0
0.03989086564759455,10.062256884342396,3,4746000.0
0.00737991094894331,21.265822139876217,3,2607078.50487
0.005857650145394398,26.482080504605126,3,3172000.0
0.006671211947430242,22.20155651685146,3,706371.32081
0.002721178273979464,10.7030122423591,5,0
0.005630290484533254,36.964826011824265,5,0
0.36847849784394876,3.441883896033091,4,2640000.0
0.0009205025239392237,40.109633025474444,5,0
0.12601284938619753,7.775576208085014,4,572709.162
0.0002914713506764883,42.58455950208017,5,0
0.05455678803504527,2.8394745564394075,4,532286.78082
0.03876172018727956,15.956140460987488,4,954166.05583
0.003677541280768496,8.855369776435698,4,990000.0
0.10342143002851417,9.616672991754092,4,5602000.0
0.028586918216475323,15.86088692878503,4,6458000.0
0.010723495304584376,13.43796267265455,4,2396000.0
0.048578057251702375,3.7090034004940615,5,0
0.15737763799231835,8.012791329339697,4,3924000.0
0.00608811662291477,6.793018948060064,4,576769.83267
0.00022620815470811146,42.99845686364487,5,0
0.011956833184344842,20.66720328648044,3,766000.0
0.026327237356832362,39.155738073105795,4,9780000.0
0.001124389600170973,14.65388112176375,2,1146000.0
0.00040091147995355986,42.02824779015677,5,0
0.019259005228460736,3.9420283110788086,4,579003.20736
0.017664327114841807,18.619170926238272,4,527129.4684
0.0005608198415882056,9.85537192084531,4,713441.09342
0.019356027680864814,22.344139497155258,3,4527484.31869
0.0037569159061036626,17.97787085037865,3,1236000.0
0.011391501831144842,18.20998880741469,3,776000.0
0.002543845020467056,31.91768672015403,4,621384.78014
0.11430463038263267,5.70959330398137,5,0
0.01661322755665245,9.56203938385056,4,5940000.0
0.0005232730372840689,40.78299971412815,5,0
0.017617011411910768,22.3471622469852,3,2334000.0
0.02066114956729468,20.150876521247195,4,9632000.0
0.0006666396418082559,23.16777020279108,4,569055.92239
0.0005682832769929199,4.316658807131898,4,595115.44221
0.003938283914744953,20.088393603114042,3,663898.55504
0.000979883812167493,35.42614356153735,4,542180.08351
0.09587421981546504,10.668115565968048,4,1674000.0
0.24152421721235023,5.016684402503051,4,2014000.0
0.02059376698248608,17.55938494398991,3,2405999.9
0.02165285378154482,3.8084501554908847,4,605376.56891
5.3703901733199114e-05,35.60026067144253,4,571056.39683
0.027641947871237676,17.36957123563263,3,1208000.0
0.0016427636198992493,3.7618087506716122,4,1328000.0
0.0035162089140948483,3.508696788289154,5,0
0.005801978124377808,25.941271021577528,3,5162000.0
0.0007107924570892273,42.21858830514725,5,0
0.10937085999610566,9.451830002417639,4,2860000.0
0.045627055856620864,18.96823249900612,3,2554000.0
0.0056984318242866315,24.279837388831947,3,856000.0
0.014814167054137373,22.997223716984173,3,630000.0
0.2485361556460874,5.078633112173097,5,0
0.008853027529032569,25.86855222564717,3,5214000.0
0.5427220020380129,2.3687584478523833,4,647633.5501
0.12096874330695924,7.4026839926837384,4,7694000.0
0.06740952020706391,14.158113086277606,4,7232000.0
0.041234763565580965,4.457998505791403,4,7426000.0
0.0025227997143259283,31.82931079715564,2,764000.0
0.004925273782141194,2.9494282380979078,3,553366.10886
0.003390906316427992,5.6153432065743285,4,4132000.0
0.0002348802695003282,43.14056702290741,5,0
0.0034332527409210705,3.357602399934944,4,1040000.0
0.0041997924671101465,20.449201767472903,2,527189.45435
0.021071603971325292,10.245114110400044,3,1806000.0
0.00021311818518298487,40.97461708184925,5,0
0.016304197101861814,19.777415455003236,3,1526000.0
0.02169309383969827,22.331353063159934,3,5192000.0
0.004752910744996187,7.0521460669196285,4,665629.18879
0.0002906446164173134,41.35686457554678,5,0
0.007825177519665799,2.983273866912242,4,3074000.0
0.010056703721545358,7.1209354724111416,3,536318.3622
0.01046774235429951,28.35842455002543,2,1676000.0
0.009232085092296416,11.56392839789109,4,3002000.0
0.08925093248748528,10.6752609990115,3,912000.0
0.0005989003535490258,42.586568118533485,5,0
0.020020863030215396,22.519135642793334,3,8688000.0
0.0010410466238426684,2.863288732507914,4,2994000.0
0.0034589321833355313,6.641564157460605,4,2316000.0
0.007049022608893917,29.273654682802523,4,6374000.0
0.016076078448446215,31.316148290337946,4,9040000.0
0.004630076736815054,5.56457715981528,3,619237.79877
0.042877242725646976,9.48051850241771,3,2344000.0
0.009497362996157704,5.774173843239778,4,2112000.0
0.007988075119347722,24.379623676374003,3,2544000.0
0.060228672307952744,8.81427590294263,4,2048000.0
0.20142970168810198,5.825677024880079,2,1014000.0
0.037545854466633714,7.057485888359571,4,3780000.0
0.0007830354526069242,41.667667500620205,4,9754549.11503
0.007676778736521648,22.25874867647777,3,902000.0
4.944234246850037e-05,43.82368527233952,5,0
5.1454714904419374e-05,26.903580126762595,4,641491.02802
0.00037355184730511205,41.59283309191516,4,2894905.27616
0.3670551206071679,3.046209734496662,4,619179.37087
0.4953400604556016,3.243988235742711,4,2750000.0
0.007901289496965114,24.001311670505597,3,3004000.0
0.0416844458229607,12.441476035666625,3,4164000.0
0.0006003451585663243,42.185597808863605,5,0
0.018031794076282113,12.47704978512427,2,575768.66213
0.0007020743537433128,40.97092859508542,5,0
0.0006924020175583266,40.77556459975,5,0
0.019565270937447674,11.455619786959346,3,1008000.0
0.0004347633775760505,40.8645143256075,5,0
0.0038420557257841242,25.181797483206893,3,3286000.0
0.12764493506094438,7.039468531298216,5,0
0.04077391813790324,6.427113636610437,4,5716000.0
0.007152392843777547,26.541105760034096,3,2672000.0
0.09187554684070902,11.546950980864676,4,7914000.0
0.007508174929864521,18.93300467830437,3,1398000.0
0.0069632988887278965,33.21573821357524,3,1474000.0
0.04879318264213188,11.455305464260931,5,0
0.0016375522109285813,38.86633576391352,5,0
0.053559468156720635,14.085038265700263,3,1072000.0
0.1522944095796748,5.387125829160326,5,0
0.0002940682750101932,43.253914543987705,5,0
0.03862835589473984,4.726087564291981,4,852000.0
0.0385620872547656,17.188343601375998,3,3898000.0
0.5897659629332505,2.6475435627169297,4,748062.48721
0.007652744335451066,23.13004237203232,3,2700000.0
0.004744576192478032,5.869045536305771,4,617326.4853
0.013923542324807536,17.56047074287024,2,1740000.0
0.5823887582205055,2.3955628450118334,4,597444.80489
0.02104025297328755,21.953383823811144,3,2576000.0
0.4422094680244218,3.144128355054908,3,3502000.0
0.0035407059143290737,3.0502608340364192,4,1342000.0
0.14717919057787665,7.256989212922934,4,1630000.0
0.0070672096176192575,29.185078811585093,3,4958000.0
0.306598873158508,4.352429043674419,5,0
0.001441787883730211,20.158089130354107,4,584991.43883
0.001284425945111025,29.122133972111747,3,758000.0
0.0006138325041307043,42.39135861099733,5,0
0.006697653141894986,20.81528450037514,3,2034000.0
0.006856713814195321,31.423451851933667,3,2130000.0
0.00016755268111938023,39.76523969879906,5,0
0.0036242010057056565,26.881526970162977,4,2668000.0
0.012329103952737551,26.512418696318054,4,840000.0
0.01215419918085008,3.656148018452362,4,535024.42971
0.05379172161160062,11.925457286193602,5,0
0.007722219115264628,30.118513412045843,4,1088000.0
0.008852757244631363,5.771934516868007,4,2088000.0
0.5536566545632949,2.525208297317521,5,0
0.2615613591660288,5.1021429252788355,4,6624000.0
0.015661231489153403,15.56763458571566,2,1402000.0
0.006533690693985428,10.254716183094803,4,1198000.0
0.0004763863371107672,42.698076147553785,5,0
0.251630087901308,5.272002803172878,3,2674000.0
0.008080718554467705,21.467653066927074,3,4016000.0
0.00017231310449170183,43.10258622381581,5,0
0.0074619915167345105,28.19437764635562,4,1700000.0
0.2894032720462364,4.15946837288613,4,8270000.0
0.18326525348950493,7.003622498598814,3,1688000.0
0.03086967657564433,20.187868655674706,4,2568000.0
0.01059720837784614,19.94606727232556,3,3764000.0
0.05755678859676489,7.112825429389865,5,0
0.015296370656652592,3.3356359295635847,5,0
0.01959693032856667,22.701000104692397,3,589988.37777
0.0003179564281887142,43.300254391167336,5,0
0.0038889156372070672,4.681725007125796,3,619704.1742
0.0003071677558401005,43.21130394178162,5,0
0.027243200704252336,11.372449801755232,3,1028000.0
0.018803060981095285,21.197247998036623,4,735970.09887
0.12773925193544147,9.449250060571732,3,5444000.0
0.007431949463373685,22.02432407800458,2,2146000.0
0.011878026394872019,18.306574787115707,4,571225.67831
0.02821683251831956,31.757690624035742,2,5428000.0
0.008298257295510715,28.799608654784045,3,898470.04243
0.0002170136447274194,39.81348057339287,4,559710.29378
0.004559759577931507,26.57080685376424,3,1122000.0
0.008711064847668986,27.302818127990392,4,1374000.0
0.011242172430443514,17.870585521623312,2,1344000.0
0.03082645228798033,17.883629981651122,4,547525.35916
0.03412262172507881,14.02295285094615,2,1320000.0
0.005462127171082058,25.568746841471338,3,1037999.9
0.0007659305341350594,11.046810037337421,4,653864.83541
0.0008898999023346365,20.100576691538365,4,860266.65853
0.11920357559046904,8.549316794930856,3,2063966.89509
0.0004699862060431117,42.279135607327866,5,0
4.925947460202775e-05,14.843520136629927,3,615846.88412
0.023804627584400835,19.369898827712856,4,1488000.0
0.00010281342786397836,42.03561424271967,5,0
0.6116661855549292,1.945004045296023,4,4151999.9
0.000952306278302116,4.241908607757894,4,588030.04272
0.018467260382244315,18.15405553229834,2,1311488.54845
0.08273005951719443,7.0365541294652285,4,7816000.0
0.02230521097490741,3.172006676012799,4,4650000.0
0.006776973278514158,24.95789071248176,2,4128000.0
0.0037958107894433303,14.854266455769197,4,850000.0
0.03317999842777125,14.338555495968231,3,3202000.0
0.21880245653579433,2.640107435268304,4,1490000.0
0.013477701697932533,19.028497542166466,3,1510000.0
0.1431428371397259,6.751897866318544,3,1370000.0
0.0104175913872881,30.031975266213617,3,1422000.0
0.013151834469504365,18.586925560596587,3,1320000.0
0.0399048020848806,3.6013187073738813,4,8392000.0
0.018675128733390556,17.220755760710876,3,1364000.0
0.001600215955622389,15.275830375494717,3,556135.04227
0.01628543245680122,28.497613233383742,4,5962000.0
0.009437560141671254,32.728046076389674,3,4778000.0
0.07759948631616785,8.778605092353537,5,0
0.10318987276593732,8.024683613648987,3,662778.09041
0.006026287908739637,2.468559563037991,4,1074000.0
0.0004323083841482904,42.35610772794448,5,0
0.000693449050454567,41.41269274282456,5,0
0.00821275685672397,12.051572473134803,4,845756.48838
0.0033129982135784034,3.868621817134119,4,996000.0
0.04641983544065898,13.709681102056708,4,692000.0
0.02251079859567387,24.53252599750713,3,1601804.64332
0.01726495028873636,23.54673864473874,4,8670000.0
0.09163077619374183,9.430285821839234,4,4268000.0
0.0007637429293001342,6.682332011156839,4,746000.0
0.04857880558362645,17.872856793208214,3,1262000.0
0.013561333252750066,12.594763549578987,3,552000.0
0.0009775636546835603,40.149322859286464,5,0
0.02867693950791477,20.668273731205,4,8454000.0
0.04495771838499414,10.639544981987589,4,529516.18531
0.1139642387341184,7.362606397130445,4,8462000.0
0.13852555979789408,6.730254108008541,4,1252000.0
0.00968600190422487,20.957614300688398,4,1172000.0
0.014476082084445332,4.601256766979786,3,540620.21058
0.017115053908981992,17.372429373574292,4,1152000.0
0.0013238145180414676,3.2983007010340133,4,529491.03183
0.0064348191070000465,18.038665931775235,2,1860000.0
0.0007067370502312005,40.517250870087665,5,0
0.05285076844969543,10.367749672114776,4,630730.27711
0.001023496518920835,39.915479907441686,5,0
0.00040680915840724175,42.2747226241722,5,0
0.004065309573282229,24.480995751939567,4,1030000.0
0.003020559088563295,5.858418417523347,4,760000.0
0.00014469477097944135,42.595845636205446,5,0
0.004369822380184689,33.66953224403198,3,5560000.0
0.016105841341567888,3.5807333078242527,5,0
0.1885615677721014,6.506147050950506,4,3716000.0
0.0005671117362808875,41.42757410542291,5,0
0.00456084524623926,31.549032422561137,4,1992000.0
0.01412124215591015,2.3472907159920924,5,0
0.19787179213570522,4.499304456764876,4,7642000.0
0.05073560822091233,4.81052844291175,4,9236000.0
0.02091318014460486,28.25877407184082,3,2737956.48652
0.000909612835037404,40.81203910061069,5,0
0.010026652142456195,19.896200323433124,2,1802000.0
0.018253229376615145,15.48912195204356,4,2304000.0
0.025537920685318682,6.707123927199026,4,6323625.85225
0.0006033466525451242,41.59452937723056,5,0
0.014954735600402447,17.891476875512097,4,2056000.0
0.006150088646214122,20.714336619195404,3,1086000.0
0.041502000466521416,11.642649138303632,4,567920.81846
0.0032808249597029862,6.9636568821408575,5,0
0.00019263611808320567,43.58749294160908,5,0
0.0013274836350919328,2.6489877204472223,4,529764.359
0.04474352172541303,9.988290212079802,4,1186000.0
0.0006186913332713516,41.72857311291548,5,0
0.0005752089009312891,41.98695894984091,5,0
0.00036146554125821625,43.25682963798026,5,0
0.001072163309201792,3.8024533071321414,4,585100.81014
0.02294412318019243,15.35625051722956,2,776000.0
0.0327310777719628,12.507909547958791,3,1126000.0
7.930956551484834e-05,43.791644538629,5,0
0.015479955645896258,6.118385868705382,4,558163.73981
0.0011220277129918561,40.562735150536376,5,0
0.013462370540505536,21.65479364191553,4,3824000.0
0.0026793084633615297,14.586446106889628,4,892000.0
0.030864068642817783,6.360773533838739,5,0
0.010503870872360438,16.497614872907125,3,2124000.0
0.013341397179098942,19.135780261636533,3,2571662.91252
0.006860590074785218,13.190603893931666,4,3360000.0
0.0024495995584990398,4.799560351772995,4,726000.0
0.07936500448992542,5.99035704632107,5,0
0.027134146283655486,23.763732782319437,4,6928000.0
0.0003584223842207201,31.426009129428905,4,691487.24813
0.0005532084157452898,2.4069057054053387,4,539402.79883
0.011539029118743603,23.904807664909672,3,750000.0
0.01989683633271229,21.86228640485716,3,7474000.0
0.018062588793262863,12.880956887465944,2,2583999.9
0.010110152618165159,14.36219890578468,2,1694000.0
0.003266302369668841,29.918097356586483,4,1568000.0
0.04123195647868889,5.658906190883525,4,1988000.0
0.05668860023694378,11.513876066648836,3,5686000.0
0.6856002254813645,1.8440481413562815,5,0
0.0072739296574774355,4.659725702233809,4,832925.43676
0.0011063901464317442,2.841414159620328,4,535380.17054
0.03942097999554839,16.22709401911518,4,6392000.0
0.18250553890841045,6.629741356113348,3,1288000.0
0.5451207568435693,1.7406429415348532,2,1942000.0
0.0003428847367883283,43.22767427371681,5,0
0.5711868332700646,2.296293481758591,4,1538000.0
0.0027617301097357027,34.79172244720427,4,775380.24824
0.140220881951789,4.970254017999201,5,0
0.034132587965162844,10.523373087754644,3,1734000.0
0.009442081700223955,19.575255217630183,2,3326000.0
0.02075695990077744,16.70629893491108,3,1438000.0
0.006233546587860479,18.58093056345362,3,872000.0
0.005051378001385721,32.97147819832809,2,1856000.0
0.032795725754337625,19.58911355826926,3,9212000.0
0.017942565881626585,19.11052844115615,3,1766000.0
0.014156571766138038,24.556367874036557,3,890000.0
0.02106220302616605,18.43331745396972,4,8582000.0
0.061689806290646965,14.172834451922162,4,3868000.0
0.020198357939646246,12.674093372727501,4,2036000.0
0.0289927462907129,17.698866330163366,4,6192000.0
0.0277908531948933,12.902938570479906,4,2796000.0
0.07651817707671771,4.3584125063988015,5,0
0.00984445156732641,4.95309971134411,4,1970000.0
0.027821811802850278,22.628817815344803,4,6710000.0
0.021490073844006155,22.04328945303627,5,0
0.09882263162526433,3.6649518487600927,5,0
0.0003902874921467372,42.227733707258736,5,0
0.0005945010980211212,39.95261251172426,5,0
0.021876307264990118,14.82095785974505,3,1426000.0
0.4992789248061889,2.844532238002304,4,8348000.0
0.025335090065609026,20.07496678135047,3,1360000.0
0.00405119380103323,5.123007808524204,4,3710000.0
0.0006120431584858014,39.764019968696495,5,0
0.002206534292612937,40.01861577800028,4,5138835.98638
0.0006057716903234078,5.553438935132203,4,556589.87803
0.08069844352070081,6.932029891400523,5,0
0.01322444228418728,20.05195773205647,3,2056000.0
0.0016072651219810558,38.91355452036237,5,0
0.08394847292469729,6.974365626116679,5,0
0.006930745105239424,28.63777436430228,4,2186000.0
0.00014078327916368586,43.28984503474409,5,0
0.011444277808419947,21.102700875473516,3,1646000.0
0.012893156913242557,17.59530195621424,2,1274000.0
0.0036362028423435736,20.127325052311107,3,750000.0
0.057289325557536463,9.75646702783427,4,5192000.0
0.047865591391122515,15.135113464943945,3,5352000.0
0.15407562535783068,5.555414458280605,4,1243397.56595
0.005810102058042367,13.746356088561583,2,3126000.0
0.009010888320602766,14.204530683447581,3,2486000.0
0.002752613179727866,26.40735729184742,3,3850000.0
0.004563978609510946,9.152014492683016,4,619597.56789
0.00012560989368239019,43.25704665260679,5,0
0.00767453548452661,17.458765979168557,3,1318000.0
0.006654203120122021,25.105501111873405,3,2206000.0
0.003604885387311289,5.453455770771401,4,531301.19006
0.3044594664528659,3.6565490777523206,3,2434000.0
0.00019243838199349135,42.46027422518117,5,0
0.0011487275468859833,16.288967233558136,4,627619.8788
0.007218617376692364,15.39102627964308,4,2550778.0548
0.03171259612656359,8.425662098437597,3,1582000.0
0.038472079073832426,15.231762578791077,4,1102000.0
0.01609814874121701,13.636482084526046,3,566090.39067
0.06111597784448031,8.841479364589238,5,0
0.001222772526792733,3.9265704748985604,4,533263.79199
0.0004131849832560615,43.0229255691839,5,0
0.0001642771096837386,43.385263801534165,5,0
0.03125952405544661,19.189824276807062,4,3994000.0
0.010932422124653757,7.505384865734052,3,5130000.0
0.00030527514379044687,42.69284582556898,5,0
0.5870136251261793,2.735216259127215,3,3528000.0
0.021556224936608446,13.259582803597127,3,2796000.0
0.0056900229235441815,12.570132273866117,3,594131.27389
0.0003285415779165881,42.99564316890797,5,0
0.0040460305903421475,13.841007979565797,4,607767.67236
0.03647837338504935,4.6857388524537456,4,6042000.0
0.00823983707252885,21.55389003915267,3,2278000.0
0.009008830062478755,26.8023394131649,3,2418000.0
0.08152561560571318,4.250895544665869,4,2310000.0
0.0010348401034553356,2.5347470605732623,3,543841.43249
0.0019597178076172146,5.978701121281179,4,640497.73643
0.04775335170074076,13.723679602612847,4,3252000.0
0.010374460986359293,8.25753999642402,4,726000.0
0.019015979516415107,13.829926284311266,4,1828000.0
0.004108245154258033,17.353618710270645,2,2452000.0
0.0012367577816220171,15.69363789127538,4,633315.90086
0.020133990486112405,3.4993277644210523,5,0
0.0019516975185844042,5.209529651400843,4,4326000.0
0.06416857463019673,13.066380666612496,4,838000.0
0.007992325754780014,23.86649232576738,3,600000.0
0.0021274086119199348,38.95426775411462,4,1272122.04794
0.0005185639830831351,5.12901325728222,4,537662.45522
0.04314010587583747,15.120635768607876,4,3324000.0
0.00020828652833174488,42.831662137923196,5,0
0.05107945369523961,13.531884206960433,3,760000.0
0.007734235349459988,24.035766475539567,3,1528000.0
0.12910073048035883,8.883996283077167,4,1086000.0
0.0038893886418877935,21.25795377188893,3,1214000.0
0.003039130024224437,24.41472015019218,3,5288000.0
0.006939646225526986,25.074195844009427,3,601524.85423
0.018555340675641862,4.944913027747024,5,0
0.04159844548287473,13.957565922128625,3,9639999.9
0.00032259998154744637,41.155940111698165,5,0
0.02399051501791743,22.50525044188519,4,2246000.0
0.0002882544935868971,42.72516903826094,5,0
0.023392256872879106,17.88076882568057,4,2140000.0
0.00015564510893458668,43.572062764178035,5,0
0.0233439450673765,7.3884565279638,5,0
0.02867688500123896,25.41247515202758,4,9190000.0
0.045426257047795966,15.333683454671768,5,0
0.00042602760897105576,37.91541584616021,5,0
0.007878730794442828,33.00084548037976,3,8974000.0
0.0007546689491788251,9.0327445831716,4,758728.08079
0.005756101066896109,12.195775202909218,4,1580000.0
0.0005932946447128095,42.40661014653154,5,0
0.2892396253998813,4.808058407357635,4,2518000.0
0.7181441756293598,1.7236163429907694,3,1404000.0
9.097422222004113e-05,43.236410655852026,5,0
0.012992696244685494,14.834758492524218,4,664000.0
0.5984742322744726,2.56292483908393,4,2066000.0
0.0006997598907498297,21.703427227789156,2,688670.55185
0.0045594192699685175,31.76311220225701,2,598077.35261
0.1678494706252102,7.2343857868766905,4,5038000.0
0.016811527082646806,23.97787959853801,3,3712000.0
0.0003799907172157896,43.17834251539133,5,0
0.006417062785381131,6.918977835725841,4,781564.7465
0.014340740164119426,24.22139132272676,3,4000000.0
0.03907079702888294,21.765965023648654,5,0
0.0007730611095935578,40.67782708960624,5,0
0.11641216907878729,10.256277934506713,5,0
0.00047084916969212734,5.5361353377481,4,788965.30759
0.0014454687513114522,3.2411549567525952,4,1318000.0
0.009159511844459555,27.013953210771543,3,1226000.0
0.010298790750631554,28.458748672720425,3,2306000.0
0.0017533538054280548,4.223389311136118,4,734000.0
0.00020758011542067957,43.09976203833548,5,0
0.001241005559204089,40.130979868462546,5,0
0.008857616268074648,29.29340250040216,2,6976000.0
0.0017742099280920695,14.34472836911284,2,786000.0
0.002424742809816875,6.209602286038134,4,948000.0
0.0005270085566865025,18.233944031943153,3,724000.0
0.01025975971435755,24.610716664048407,4,1440000.0
0.020601210802286933,2.306621208283101,4,545825.25487
0.016058358512550684,4.7010239058386745,4,9984000.0
0.011695580431639565,16.8633769788923,3,1352000.0
0.025558868852924004,7.398283248681473,4,3910000.0
0.005203498162931849,12.672437867784247,4,780000.0
0.009670197238649845,31.51573982173826,5,0
0.037676884420569004,20.82468843297536,3,994000.0
0.03593036566530099,20.218394405131995,4,7664000.0
0.34244650043792385,3.8975115054044607,4,2096000.0
0.00046170009109089096,41.1509421233144,5,0
0.009724659604406197,25.583384603484046,3,2322000.0
0.0471550636993755,14.768541002226913,3,7666000.0
0.007466944811017167,32.90490446974023,3,960000.0
0.021127703463572126,28.527201263865,3,5226000.0
0.014536142632520057,26.2773999602593,4,4068000.0
0.0810945235709011,8.624862982109649,3,1757549.38689
0.0026839159053183613,6.3251315586050865,4,652000.0
0.012343799739766828,24.47781832292619,3,3862000.0
0.46515327402198464,3.0494899816131205,4,1350000.0
0.008901044360770275,4.412442132318598,4,636000.0
0.725140828441164,1.752927005099383,3,1220000.0
0.0012753610135572775,39.95806699621568,4,1116894.93523
0.0002066324664899272,42.60277550400858,5,0
0.00031635009795405434,42.813939174595795,5,0
0.06058817055185372,9.777982941007606,4,5100000.0
0.00753068981276356,4.4357617533757026,5,0
0.005747169465413648,5.890940338547736,4,532999.39327
0.0008417033476261812,39.002143432681414,4,1817581.09847
0.00010490641362242826,42.58219561008535,5,0
0.004480918956353616,33.76908736953652,4,2394000.0
0.00014945032522804068,43.499568869717606,5,0
0.013964364851535172,22.357042944087784,3,1172000.20418
0.6479785385318297,2.0453391395700398,4,1414000.0
0.03631210292199269,21.090819695502642,4,7696157.14359
0.013783340661908814,27.048899812139755,4,3450000.0
0.003970889553171789,4.7742403184453535,3,1112000.0
0.15773925893398588,6.079204430965317,2,2680000.0
0.011247957825009303,19.736152243511626,4,609027.39617
0.005725867668067581,13.755510174840985,3,760523.36619
0.000824323464770102,42.271650046398605,5,0
0.00017889758062098726,41.89587113739976,5,0
0.008919671069913898,13.15162792409995,3,4132000.0
0.008402358830968445,16.772416169966128,2,548114.82866
0.04505218919642406,11.110940344693875,4,583445.71452
0.588738423964436,1.9313589096179118,4,4180000.0
0.004207526898406474,21.223824362735172,2,3570000.0
0.20736694807829614,5.333310027141702,3,4822000.0
0.0001089153829182263,43.03389625070675,5,0
0.020439574663903906,22.63219767449064,4,7972000.0
0.23669711700337082,5.618332576214429,4,2388000.0
0.008340245384516167,19.47175721082656,3,1134000.0
0.028286490764456607,17.99427441393016,3,2784000.0
0.008142459855027212,31.851569595328463,4,3464000.0
0.05304295305968449,11.734381000091373,4,1482000.0
0.09199168629367778,4.1933256116198425,5,0
0.06712031843505391,15.472719951518634,5,0
0.012570359157861822,24.865116318548,3,2379607.36385
0.012472967716889846,18.808045281518694,3,6666000.0
0.07379373080237403,2.5299278083051067,5,0
0.01194428926414797,27.96112875800874,4,4000000.0
5.188915918491269e-05,28.435215044153008,4,568885.54361
0.0002132536684860032,43.35250603519044,5,0
0.012265210293449144,15.376053182100215,3,3314000.0
0.03580956813401301,21.890117335956415,4,3590000.0
0.06932862222636663,12.040509646435183,5,0
0.029337215285515483,3.513661702153571,4,6582000.0
0.026549149623112573,15.201701229813894,3,980000.0
0.06405676577231284,11.282766514310419,3,569934.67232
0.00024610804496681346,43.00517948542963,5,0
0.012532616626421477,2.1064019810292796,4,535002.351
0.04830683321449922,10.665193378398008,4,7704000.0
0.18989469469174916,6.727382857877471,4,2706000.0
0.006985322382955135,21.816091850910997,3,998000.0
0.08675552558636028,11.002823796023021,4,3312000.0
0.0025353238758941362,25.79259056650897,3,2019999.9
8.953094843231218e-05,43.573930568286485,5,0
0.00452361119784647,7.804843595647435,3,2492000.0
0.0013065766987977441,4.876220983970618,4,627077.54621
7.9999357115056e-05,40.83118721746971,5,0
0.00022154687570119955,42.25169613493814,5,0
0.000985301972170574,39.270470141225324,5,0
0.0017839073223141707,3.5550544599467653,4,1070000.0
0.011761797200553176,13.697812901411554,3,3247999.9
0.009301337424519619,24.577565632045328,4,6488000.0
0.015648328313113483,14.033928307184848,3,708000.0
0.001247186604692075,40.0553327922115,5,0
0.011846213926734878,16.18849168819766,4,874000.0
0.00875043568769222,24.464127592947097,3,7880000.0
0.033490455525183836,19.60169918853924,4,7698000.0
0.11890973494713356,9.053663118965073,4,1812000.0
0.004565485097428421,11.394805060561914,4,586848.87975
0.6233619109109421,1.710656013433482,4,2322000.0
0.007522183660602874,17.839713748105638,3,1796000.0
0.000240021392790525,41.84377714529205,5,0
0.0005983739911665447,41.025434097458735,5,0
0.24943396936280132,4.773318785745293,4,6366000.0
0.00031784294397798376,43.24889716355973,5,0
0.010417517733710099,22.31998026183148,3,2218000.0
0.001684519146240398,4.199099475646293,4,554386.16258
0.027275813917097696,18.458716532037997,3,3240000.0
0.0010411536069671748,40.555182013367414,5,0
0.04164834569796702,16.37961550536234,3,5496000.0
0.014629734552104891,19.292866242468605,3,6508000.0
0.015102988273432955,3.9701707957065855,4,640534.02049
0.0016353011475317325,13.07259474311406,4,819884.97928
0.0004106465760423604,42.404967473923655,5,0
0.02675144949258953,23.516514673919644,3,628829.89995
0.014132881025651745,23.13160834124662,3,1064000.0
0.01948175609521597,19.27847190264342,3,2686000.0
0.011912012493831241,32.73117844878735,4,1577397.11398
5.976939811514097e-05,43.721813335552405,5,0
0.00799856940524564,16.794897447001674,3,2030000.0
0.005781433071226824,5.795688851196555,4,716000.0
0.6377675410090288,2.337543968456018,4,2490000.0
0.016535723600841854,8.048642143896785,4,889999.9
0.0011258826661017293,2.7278564224874784,5,0
0.03633759725719718,19.438037578026403,3,1288000.0
0.009756309909462264,29.622796779876108,4,4924000.0
0.008155303027178692,28.19422880181842,3,764000.0
0.006722798620860166,17.347823947152026,2,942638.26886
0.0008956941624896183,41.356645952174986,5,0
0.009157756161537906,29.381237752352376,4,7518000.0
0.00031271725529594173,41.38626392276702,5,0
0.04336921182480511,16.55053844427011,4,3566000.0
0.011959727510787868,24.17555360235034,4,938000.0
0.023817448958497193,22.17214203957067,4,1014000.0
0.021287975217779656,21.030013468934577,3,2178000.0
0.0740140762279202,3.356022958547235,5,0
0.004350186807030752,8.146134920411606,4,832000.0
0.00018807961038298297,37.335177820589394,4,601000.39206
0.0032108028903352027,27.268888423639844,3,7094000.0
0.0006141636584894175,41.159877145295006,5,0
0.011487823387399038,23.845256236102752,4,6700000.0
0.0004430985510048671,2.1453454023298186,4,558490.4689
0.03151028808066766,21.099348170358375,4,7408000.0
0.0012227100201974849,8.027212254176385,4,558860.27093
0.4582988014121661,3.3581760901697844,5,0
0.00810427393872015,21.694090788427115,3,1174000.0
0.025716199544502837,10.088128450964511,3,746198.30164
0.0136152119538419,15.862637013725479,3,2496000.0
0.23464765487867248,4.829665842935834,4,2396000.0
0.049831945939319965,3.6127859472517576,5,0
0.004690900391081996,14.475943660278414,4,986000.0
0.000560304666415899,42.154805207699994,5,0
0.021876317648361024,2.571911908253552,4,545961.9744
0.44967346030957295,2.696192775649955,5,0
0.07495760572349597,8.44971610615729,4,3342000.0
0.015146789492308726,16.254647967086484,3,5216000.0
0.0022469343918349754,12.504142938248858,3,3468000.0
0.032903947237619184,4.369937007205003,4,554514.26676
0.487633285153295,2.852796066493487,4,7054000.0
0.03379661511778598,6.6812823792743945,4,7898000.0
0.013410555545645086,16.626466275191962,3,1522000.0
0.015884389813337785,21.921684333240844,3,1938000.0
0.005393127561441065,5.496778810682377,4,840000.0
0.01808449312091078,15.083926988597808,3,2056000.0
0.012206556192562338,31.18004037461649,5,0
0.23242112558424138,5.063170464823652,3,4994000.0
0.04646009522219896,15.340500705221325,3,828000.0
0.022540013696152172,10.940118631674974,2,2138000.0
0.00034112815492426797,41.3391698113528,5,0
0.01008211509679653,20.271226518829337,4,5402000.0
0.03282897201128787,10.360845997279778,5,0
0.0009254138674207799,11.895656205635584,4,597745.56701
0.06312849455652951,13.879352730341655,4,1604000.0
0.001226895461383941,30.748677204221213,3,584967.20951
0.004550504300961735,9.278128047909028,4,7714128.30117
0.004646716932776624,5.517103146971019,4,9505643.22773
0.006920817318092207,3.716454472805781,3,653919.46504
0.11987446770711194,9.22241692479685,4,2502000.0
0.00902998452401103,22.245432076329987,3,1722000.0
0.30390528014447793,4.339581681384705,4,2676000.0
0.00259899458741762,4.592114931949377,3,1588000.0
0.01225181600387797,29.91433206417941,3,2282000.0
0.00467220043098232,15.682380407044757,3,652000.0
0.0004882813595167504,42.312443825692114,5,0
0.005203105562794802,5.518903584954734,4,5544000.0
0.01770603312867641,3.658596972925647,4,734000.0
0.0022556413339448913,31.701808302528335,5,0
0.00020988181413117212,43.159932641213736,5,0
0.0321721874698882,2.7249748529747224,4,539835.01609
0.0012134940883772127,37.04425299630558,4,958728.70896
0.31085684803948854,2.7690791720742673,5,0
0.013906519735432277,20.452549629575095,3,1742000.0
0.28864077835593394,4.464970081510829,5,0
0.1685975051809083,5.96053384654383,2,3726000.0
0.016604295031668236,24.62209704467602,4,2146000.0
0.0071073661370667255,12.235504813665555,4,904000.0
0.2347888502177772,5.4802103158353574,5,0
0.033565163701607933,8.044312762210957,5,0
0.035628526428640624,7.601726539968335,5,0
0.08069683179752737,10.445456502113105,4,609763.17694
0.0559155070538647,14.404964111914673,4,1748000.0
0.0003071769333967467,40.421949122126136,5,0
0.005745778011876361,6.957510349669418,4,556988.24347
0.0007269748870877147,41.383406247161574,5,0
0.014250440124934094,24.72055598806602,4,4738000.0
0.08107658549617776,13.664311808742687,3,3242000.0
0.012022795143818061,4.758248517307571,5,0
0.0005658973163274443,41.87593489320779,5,0
0.007413762495304775,5.248030155547433,4,614401.11004
0.056644948602984316,11.803272551461962,4,2232000.0
0.002451847244988277,8.592154216002744,4,1252000.0
0.12484558131208283,7.040002241025315,5,0
0.022029359965750384,26.617044512905228,4,7186237.57991
0.011387570655478298,12.364287339194561,4,3508000.0
0.0004854694015098984,42.58380642489521,4,2945677.24514
0.014440465739439754,18.06724593429403,4,1592000.0
0.022819382358601384,13.468216349063796,3,2614000.0
0.01668387795909441,27.230940799705916,4,6964000.0
0.0745502832662739,12.232405001922984,3,3820000.0
0.000194071518175544,41.820690533242676,5,0
0.027539129969830472,19.132477529578587,3,3910000.0
0.09660883108992745,10.998423609942867,3,6034000.0
0.0021102677398675356,12.235624641410658,4,744352.507
0.0007689861289520911,40.602257787169115,5,0
