0.018029885379697325,22.083264726439772,3,2678000.0
4.976282644719795e-05,51.563219999460635,4,601036.10649
0.02252026468532735,27.121295199651236,3,796000.0
0.036051034863632835,4.246743672786891,4,1610000.0
0.00476728860233041,21.78594698503404,2,762000.0
0.007156908166380439,37.18849767322343,3,3516000.0
0.17561863678086792,6.902699550479489,3,1945069.63315
0.020970497752575992,19.05191953289339,3,3054000.0
0.000486434497954333,3.253063832713618,4,648000.0
0.21150343445054626,6.296311343001441,3,2348000.0
0.011850519651257274,16.536147990847194,3,663346.19297
0.00024524281104291973,2.4907212060458392,3,558498.2856
0.03224464100758822,11.614444387713199,4,1838000.0
0.0014815784689962194,24.942574927887524,3,640000.0
0.007788805120160655,11.438681116833159,4,701722.29868
0.05062222218297371,6.450502455265029,4,9212000.0
0.02037705083245239,29.047085504539233,3,662000.0
0.016740797545968435,8.760371007761561,4,802000.0
0.010992322040973754,20.470127984800015,3,3142000.0
0.007191062193952737,37.07288841345593,3,602000.0
0.0047549294756200336,5.713975746634528,5,0
0.003022384008789284,31.863004815646924,3,1012000.0
0.025957059709480763,24.00147248449221,3,2052000.0
0.014341232942455475,29.539466183578888,3,535405.56694
0.00509573371694052,5.272068989359072,4,1562000.0
0.0007802472230000702,46.87555190026775,4,706000.0
0.07087835930771903,7.994295550942213,4,2652000.0
0.05908157467928,7.131895842401417,4,590000.0
0.0004863662164251106,54.638517174380006,4,564000.0
0.01375289386111286,36.42612730728957,3,730420.2471
0.012186044145541098,42.23024401752642,3,1112000.0
0.5644343721398364,2.411699633915684,4,1662000.0
0.0029503573839514533,55.65974430649364,4,535686.02484
0.006659950310019611,23.221497358595634,3,968000.0
0.000284004204961047,41.27216651275972,4,610174.79327
0.0035414544174412065,31.459419645293938,3,1228000.0
0.018765997768142154,11.194949025025956,3,2144000.0
0.007271450003372481,67.06513722362995,2,1234000.0
0.016877930427328366,30.601832126780337,3,543813.10143
0.012227373582506404,43.83056745607353,3,1186000.0
0.0027028819507552435,24.419285413692425,3,1610000.0
0.04544827806712338,17.383246207303728,2,1516000.0
0.05092967435032487,2.69776530302653,5,0
0.011299672228616713,28.092164613875113,4,4436000.0
0.4673248247413305,2.8757717605799256,5,0
0.016895954092399048,42.686749184455245,3,4259385.16458
0.016480484854513498,30.712906240430442,2,1023804.21709
0.008079279267109838,5.080445184856505,3,1276000.0
0.027401006241887217,4.779501225782707,4,8014000.0
0.4913844959505265,2.6039935439347617,4,3348000.0
0.06137056661416913,16.081114899891748,4,2478000.0
0.00030565897884549955,63.48672092446918,5,0
0.14013172712310223,5.995247282019998,4,7102000.0
0.04798468009935223,17.143811374927186,2,1478000.0
0.006141173099194663,20.61367939255234,3,842000.0
0.03811163176233307,18.0178332961343,3,716000.0
0.0028627099627308,40.40132032979996,3,583597.82934
0.024873088027824845,24.677332459202027,3,4614710.43837
0.03878235553320487,22.30696294308455,3,614000.0
0.04457770007013487,4.415919607746048,5,0
0.0031929970142212504,40.53364940887178,3,1258000.0
0.0021558670062339492,3.4711882308708972,3,1070000.0
0.02993037953978345,19.189462731043157,3,1544000.0
0.046065472573488975,19.700700195436347,4,2424000.0
0.007990884335796221,14.499500059921681,3,996000.0
0.5487903227937967,2.498477000972962,5,0
0.17934273102534642,5.934537223229551,4,564406.1913
0.010640159821169472,27.669117737159517,2,1492000.0
0.01117126386465469,22.7316031955043,3,896000.0
0.08133954401250033,12.788362595072815,3,1308000.0
0.02420973298903784,25.266742218367625,4,778000.0
0.02709371417871146,24.56610896687045,3,588900.36482
0.7977692406280354,2.001149162841613,4,1788000.0
0.0986682631952686,12.46899002848197,2,549068.85344
0.05321490631642904,12.232908203203788,3,2036000.0
0.0024997048105386333,48.2435263204818,3,884048.68929
0.01902237238243622,20.607879908006772,3,1952000.0
0.0067493296613151295,6.078543206353126,4,530579.78624
0.03737714218449472,25.691571981408654,3,2232000.0
0.021318998920281117,25.6490114815033,3,3160000.0
0.02860211942562224,11.393261272498512,4,4920000.0
0.0263444365458817,22.45978008773599,4,7662000.0
0.018457080132155794,28.728967903333047,2,1122000.0
0.6645117685875036,2.061267243562124,3,824000.0
0.0009923531806326077,54.45580838424386,4,523499.29398
0.026102436110031064,3.495045870327437,5,0
0.0060574558405601725,30.153114112230387,4,4020000.0
0.003988430809718559,7.285309014561275,4,1246000.0
0.16625533126221434,7.446122975485607,4,1584000.0
0.009971270768437889,22.047169802664126,2,567782.45344
0.0002933337977930269,60.051618041522936,3,555468.99903
0.6103724548824259,1.6407333903878625,4,2480000.0
0.03486870082622434,15.227673254198612,3,5700000.0
0.4750718795109374,3.217523573015248,4,1322000.0
0.01939699968145357,21.745675315331365,2,2256000.0
0.06826401030686936,14.607035403298497,3,1004000.0
0.0053516138768942255,33.63064234150319,3,934000.0
0.026120964067434183,25.183656660639855,3,2096000.0
0.026047663748834916,19.644148296580774,2,802000.0
0.3829454241955042,3.4686897726917407,3,4436000.0
0.010053407328275194,27.258459317878604,3,1308000.0
0.06474027026915538,10.901690812836156,4,3664000.0
0.0009956637321662967,26.2441089461084,4,750000.0
0.00024157587793893713,54.78594567156557,5,0
0.009328673157325119,45.55146684396182,3,2073867.16361
0.0048959722964835315,13.175878020073435,3,626000.0
0.005801666092907933,10.229520466595545,3,578867.94462
0.01173256565692378,11.81081325384504,3,551989.2467
0.00044808501416038606,62.11871190334437,5,0
0.0016269198403164225,16.510171142829925,3,571297.42176
0.024831173561730313,24.340678648251473,3,1664579.92586
0.023161428433243314,21.173681978130674,3,1088000.0
0.06870833104728921,12.134674452369474,2,860000.0
0.02395539097002859,24.49358895581919,3,1346000.0
0.0033014159160232224,10.38716776596305,3,579629.63796
0.0031983498276943923,6.9560889599020905,5,0
0.0001346478405243493,66.90711482264574,5,0
0.010621746452376615,24.5733378974406,3,1402000.0
0.07620046483571474,8.669873000391213,4,3890000.0
0.00031911696862909294,65.25335611083374,5,0
0.02729044061729913,19.912035565062556,4,778000.0
0.00020978890147353672,62.37859067895252,4,528758.5418
0.00956487682934489,16.665068469549485,3,806000.0
0.010980611622060014,40.938170455342004,2,1736000.0
0.007224902043421592,43.434228811589456,3,574449.73035
0.024873565063596313,34.47492690553841,2,1280000.0
0.02117891976330106,30.468272758793372,2,1140000.0
0.004431021437812691,3.9241801552524764,4,3064000.0
0.5470700338544862,2.667556450543762,4,4328000.0
0.000728054800461517,15.008897329741153,4,567746.35309
0.01902272523626374,33.98845420458716,2,1548000.0
0.03029873760382496,7.348291991010934,5,0
0.001611145127797645,3.4325139384546737,3,816000.0
0.0005062455306504027,56.53862850527858,5,0
0.12273790537190113,5.070877424863512,5,0
0.036109081948197876,4.807969011652876,5,0
0.8035699840291282,1.8853948845427835,4,3388000.0
0.03252771456793679,14.785843110625704,4,653003.90035
0.013111810302581644,29.309553907810965,2,1320000.0
0.002785301514941881,3.7448691305797803,4,536444.89224
0.011358139009969572,6.4174244581617454,5,0
0.003793495291251334,27.434024900298965,3,751999.9
0.014916696179242258,33.12219157048932,3,3022000.0
0.009022939959858091,4.592915982833249,5,0
0.6644957216859221,1.8842963180428611,4,3112000.0
0.007423083882610633,6.611611317320604,4,855285.74558
0.06924383068733019,11.940688178349824,2,1486000.0
0.006300473448951949,26.8945105177377,3,1089999.9
0.01912633147150763,13.007196791291229,3,4384000.0
0.0054052618524838055,10.005268416190802,2,3346000.0
0.006135844518055309,7.842678776728466,4,1432000.0
0.02084374154412732,15.425058556052411,3,1698000.0
0.0008496322782710384,5.693152676600859,4,583223.81974
7.381058959172512e-05,42.075201840224345,3,535893.01502
0.00357985544021823,32.51408024665874,3,1854000.0
0.0008335156093436782,37.0756194101321,3,610265.67914
0.05294593414683673,16.67477803997267,3,3198000.0
0.01363224610086778,40.797851809918434,2,946000.0
0.020989909306013858,9.569444988717269,3,542720.66322
0.0020036533238753577,28.370545636357924,2,1170000.0
0.0011974513622587328,5.714095538845928,4,2180818.58634
0.016588565057426806,5.790362332333958,4,1260000.0
0.018051953323436613,13.903744627029589,3,4008000.0
0.8365969985494143,1.7823853882618057,3,4978000.0
0.01823083520520662,32.01628182605224,2,538331.55488
0.006590459293467971,32.73790382008359,3,1000000.0
0.029662403289163097,8.29383398536768,5,0
0.008505203227185268,48.58218755588351,5,0
6.599539261650232e-05,57.06821001863372,4,516231.66924
0.00034235900292388686,64.35400703054606,3,627102.31143
0.04943970093150916,18.17009710823491,4,1300000.0
0.0005924672567729147,2.484215959854761,3,528365.87617
0.07203237868230755,11.413224776019312,4,1172000.0
0.0002588520569368727,28.930602870834722,4,571017.70523
0.00722168499505572,44.90110864528609,3,2880689.70547
0.010803837016307681,37.404047283848996,2,1214000.0
0.07015752283361944,9.78990406113894,4,1074000.0
0.014965742702440764,25.53510289013253,3,1398000.0
0.01773159799098324,20.73470628869786,2,1588000.0
0.01647032973537795,31.68576554848419,3,1200000.0
0.011671973399296745,38.25974662821649,3,1650000.0
0.012352113673759036,10.688603641142393,4,1022000.0
0.013434340061754977,7.8520660592273135,3,2110000.0
0.3647330138432716,2.7535955428953156,3,810000.0
0.0008854722280899508,37.39848536136358,3,986000.0
0.020872448889284256,23.785228990592735,2,1236000.0
0.035327476647647765,4.775455022076331,4,588619.90171
0.01478261654563094,20.722157808240325,3,1728000.0
0.0093819044696971,35.952721942490335,3,1128000.0
0.04940142154100052,7.777769412482696,4,553552.88053
0.0034069830893919263,45.582791186521774,3,966000.0
0.005595072762983985,7.969737140956054,4,560551.6095
0.006429729111214117,8.138779033287104,3,551687.61078
0.007141523716666509,33.39791749901136,3,2240567.85082
0.0025661258144694097,26.580870972802465,3,623632.89081
0.004479672471584248,43.58098151667405,3,545736.10961
0.012319067926308935,3.7194554830386646,3,584221.68766
0.008341326680068992,33.98501354825019,3,1088000.0
0.010685778382485182,19.675287467795204,3,638000.0
0.01849797165197056,4.103572791918185,4,644000.0
0.19643022586343448,1.8549812100896426,5,0
0.019758854553055514,5.019230077841251,4,2710000.0
0.007729341769632978,31.866491252331276,3,596000.0
0.17013237809508766,6.580771381645009,2,3276000.0
0.003781250571121539,7.066604895475749,3,912000.0
0.004827056838015958,3.785486767280895,5,0
0.04970031351198911,15.118423502662798,3,1122000.0
0.001738733059573109,54.579374186063,3,519128.79091
0.1734117017354795,7.445688785860319,3,2818000.0
0.08265057215102961,8.85237961894428,3,4934000.0
0.21461285932234733,5.446885598674893,5,0
0.053133365572741745,12.125089105914217,4,7734000.0
0.006704073649283056,16.66057118399431,2,878000.0
0.012082497142558404,27.618881824895965,2,1158000.0
0.04159928927131646,19.580793729246224,3,1224000.0
0.06133335652511731,15.643929400635523,3,1118000.0
0.09742485423054183,9.636491834788748,2,2990000.0
0.0014593439380410334,61.184751841265765,4,1224195.76764
6.625747566988361e-05,45.062920292635404,3,568014.74855
0.006737974040463024,40.37404570550727,3,547128.97888
0.02562357810445505,20.353245436220504,3,1728000.0
0.010072508185960099,31.07429952851179,3,982000.0
0.013302838767195554,12.767483142723156,4,3740000.0
0.006850017728343876,55.99727891138433,3,965156.27428
0.01639990464934708,4.6452327528918,4,5122000.0
0.005870769144144808,37.003021468252506,3,1942000.0
0.008407629521672275,18.732243247916074,2,3348000.0
0.012430759779785496,21.683487825596814,2,2260000.0
0.008475845059631523,45.51356939296229,2,704000.0
0.008069056107473604,6.0773522691582595,4,594000.0
0.012269939797477415,3.365152087644667,4,618000.0
0.008876379883205625,21.566779717248913,3,756000.0
0.03471577272245529,8.098674011531193,4,6810000.0
0.03941780757488884,26.062947477122623,2,1594000.0
0.0683233182257414,10.295922540031563,4,7535999.9
0.12323910468952094,8.90594053239907,3,2212000.0
0.1530169103304403,7.199500167067804,2,521312.57034
0.23989214058306857,5.920337339559486,3,2156000.0
0.013449700698477778,31.633000011467626,3,1124000.0
0.36821425942020397,3.897569672942658,3,1196000.0
0.006117151408309136,35.22841766828003,3,776000.0
0.006531500804355906,25.173552710932682,2,1010000.0
0.00791781299696419,40.37677553137551,2,1550000.0
0.008097293410808153,36.92185197365276,3,1468000.0
0.01078621726393969,12.254667158109838,4,3366000.0
0.014874174641632895,13.681237760516279,4,617443.73726
0.0027039966460010536,25.50901106710813,2,772000.0
0.0008588367276323141,6.252072439519647,3,1496918.82592
0.004118706395413701,17.35071110864244,3,650000.0
0.004270194893812249,41.96574323102072,2,998000.0
0.2694414492236699,5.429283383076974,4,7106000.0
0.003290559104538028,34.250543609304486,3,982000.0
0.013895778401238566,21.078795051961553,2,1034000.0
0.010165355774511052,7.4976813075230435,3,620813.66848
0.009240159011603431,45.2613450750611,3,2272360.75859
0.010523988760119396,26.094118816801775,3,1998000.0
0.0031697293561365634,9.598090471660432,3,525109.01412
0.7216778307932382,2.161506654227582,3,3880000.0
0.005941677634123443,25.557194745335497,2,770000.0
0.005817894460979858,37.6334422068811,3,597168.98378
0.002568736140949856,6.187825959814654,4,1312000.0
0.1578914512586954,8.981252634226392,3,1547822.84601
0.004005618115744156,3.5555465043691767,3,970000.0
0.006547931722775752,24.957024222111936,3,600515.69804
0.004113193449781622,5.250109514372768,4,1938020.70804
0.020595167979561676,7.768412191181176,4,545506.3065
0.002861301735762876,8.163135938941739,4,744977.36508
0.0005627302436164023,57.5466718164149,4,527434.32581
0.01584769420912996,34.201627546911176,3,4760000.0
0.036023514729777446,29.09486739429209,2,577409.12933
0.038856301675956745,13.977216778336649,3,3678000.0
0.02365980945090442,24.06480002967368,4,748000.0
0.005697001631039959,31.6708455777625,3,742000.0
0.0003873026303528424,65.59546770361962,5,0
0.03744426403759225,3.1129570585487865,5,0
0.10836743585739063,10.998636843771367,3,1726000.0
0.0077017596464255276,16.434842935642358,3,533744.80695
0.005781201565458638,36.72748145022536,3,838477.12378
0.016200463865404933,27.257980387546002,3,573736.53203
0.00834360576600087,33.15897162026829,3,900000.0
0.0291035687906141,20.584381440698735,3,2326000.0
0.004900157261262455,32.27603296718256,3,891478.1042
0.02912750491153282,23.360304896763214,4,966000.0
0.006799681575619437,30.02432386797259,2,3114000.0
0.00820245482992918,2.9560621311106705,4,5134000.0
0.0031975954877696534,11.605943960553118,4,562062.11098
0.00027973032620491313,60.73964749098009,4,545499.76257
0.08249657348014154,5.6592987009585105,4,606692.52057
0.04189763393919849,12.514149876284664,3,2678000.0
0.09060522482871683,4.626812354269881,5,0
0.03739923021049557,10.2806372602507,4,581104.16809
0.0064031483109672155,5.36637455696829,4,1820000.0
0.04657929685283088,16.26144714307592,2,806000.0
0.006556271952279633,7.829898732055232,3,546778.76674
0.009285088325719271,46.09478215939437,4,742000.0
0.011788257793529598,21.221113404401486,3,1110000.0
0.04287229929083883,10.493745342395139,3,972000.0
0.0009151049999785357,60.16643796888366,3,685799.9953
0.008204210619178535,39.67692330306804,4,6116000.0
0.09409956701909904,11.837613454258074,3,1683137.26494
0.30191110853650993,4.378281650741776,3,1176000.0
0.002540278012452934,5.095348945675486,4,612448.78682
0.000961461486574489,61.05662495477656,4,523639.57958
0.002782007197151015,57.46166774524774,4,547897.30465
0.0003264994279327896,12.999510347286556,3,560714.6813
0.03142257032586396,20.00035505441709,3,794000.0
0.012263008532150932,7.169403466870173,5,0
0.022580677177999185,15.68723722910903,3,1884000.0
0.02577422523983023,17.68326836770163,3,1128000.0
0.0016973168269980724,47.54135348410771,4,1086000.0
0.11544351222436172,10.47482234163015,4,1898000.0
0.021042337791277316,23.369546936660544,3,2674000.0
0.01666964280016631,25.286341224199372,3,1326000.0
0.02389840603626817,20.767324920944315,2,750000.0
0.006412289024390335,17.81176378212697,3,626777.449
0.005467664819780303,32.962573146432476,4,1172000.0
0.0139609854696498,12.636471357434461,4,870000.0
0.012285048018652487,24.37437693812158,3,2230000.0
0.0033410244828194127,34.022812600797444,2,2432989.86012
0.0030616576454849903,51.875977562434734,2,2102000.0
0.029411332104226626,22.35258789949454,2,4344000.0
0.029820564941697363,10.746945355658612,3,1674000.0
0.1733660245897528,7.273875522414145,4,5788000.0
0.00453440177872142,44.470996001533564,2,1264000.0
0.07685689879562146,14.084280499318844,3,4604359.52077
0.13935672009670605,8.983057153342418,4,611421.99062
0.5878693918970503,1.9224323977253654,3,2491079.85512
0.022762595033977297,18.184136998245297,3,2744000.0
0.023170148259910445,11.903016330171017,3,1220000.0
0.0061318013235913535,5.778253921717813,3,596814.5782
0.03845610663748318,17.30244842042747,3,1868000.0
0.00020899883766051743,63.87393579592815,4,566935.77269
0.009717060138531044,15.891369129363175,3,529684.57077
0.0036679451089502717,60.60542308802916,2,554028.25777
0.024787394639945205,24.86131276427723,3,2476000.0
0.028005615757118744,17.336186115386433,2,1020000.0
0.5042333128671912,3.175152727334333,3,954000.0
0.011107897949474362,25.076721765858796,3,1404000.0
0.0011347055226777307,9.16990787572374,3,606753.06722
0.01257186138538941,16.789472536173033,2,688000.0
0.004227651238923476,37.10591916699791,3,1178000.0
0.011121834768840572,2.321878141862131,3,579011.23303
0.03020750623318414,18.296610815579317,2,1072000.0
0.011189501833657807,35.53420626539045,3,1608000.0
0.4409864232525979,2.3750036060268913,4,5766000.0
0.04023013588923416,22.248916919066474,3,1386000.0
0.010335906344400824,25.085005827305192,3,2176000.0
0.01881781939135582,15.012429303588906,2,1060000.0
0.02156528855713343,9.313051703637008,3,5014000.0
0.1849295644770986,7.295778020746381,3,1572000.0
0.021666961264562908,32.34293106674223,4,554358.56482
0.020595258337861893,29.224464172153567,3,1912000.0
0.0032128185466077414,2.5732738974279687,3,532532.72681
0.0011481857607992037,2.476675180660336,4,788000.0
0.07616578474678785,5.144676206002675,5,0
0.20301514445797197,5.868774923555448,3,1728000.0
0.015082833663744797,27.744570451701733,2,842000.0
0.007680200521055987,27.27457594281595,2,1588000.0
0.03282327609209626,19.532276911832607,2,846000.0
0.030965919234475003,20.66558141175878,2,606000.0
0.10365845517780381,8.590494687636319,2,1588000.0
0.7001642305534362,2.2170782729745895,4,3596000.0
0.04554448021412542,20.854371248285748,3,1152000.0
0.011064514743520121,25.195422119135028,3,1390000.0
7.540344734024163e-05,58.60180234597361,5,0
0.0066535118013522875,19.823033382573527,2,1328000.0
0.0034659538634184382,8.427671434940395,3,557493.80412
0.0034465773441247805,49.57007274705959,3,706131.2564
0.0029778772656613235,29.63108192345765,2,1944000.0
0.6345839162933227,1.739487535877701,4,756000.0
0.017581970106385438,18.962191574915106,2,2862000.0
0.00012646590374826582,61.37774127426336,4,520662.78275
0.1827803523783882,6.073255207659086,3,1670000.0
0.1460284823648906,7.042488116193307,2,1298000.0
0.30148623323739415,3.9346311623730235,5,0
0.0007369778274820571,40.48879216175157,3,530563.47752
0.01916788289635345,17.171648064039214,3,677905.97633
0.006094864775339662,14.527815531568196,2,1720000.0
0.007078134906462274,4.064187589430705,4,535285.80246
0.006756554125315245,55.17040732496843,3,538730.50581
0.0028735604315874,27.109929924735113,2,992000.0
0.10619732779983114,8.990479176466426,3,7296000.0
0.09468305210068134,12.047616185102488,4,2188000.0
0.0038997633004014473,40.95569300149373,3,1498000.0
0.0004005289340265863,21.60510475429449,3,664924.68633
0.4866187524741891,2.006000371537892,2,4270000.0
0.01389507420308563,4.992093235797296,4,922989.04186
0.664986131038104,2.5779464931702822,4,684000.0
0.0010319765719181138,11.51627582425918,4,582385.48879
0.011906833264375168,30.29007354879177,3,1220000.0
0.0057997007989897065,16.3218186938543,2,2099168.84975
0.16704055688010072,6.634879893579465,3,632000.0
0.04769387596987235,15.55422577779718,3,874000.0
0.010103541742707958,4.685329359971249,4,3224000.0
0.015690300580824133,8.731851087422573,3,3036000.0
0.06711500478597063,19.8184511558979,3,544725.93717
0.01633065442738283,21.858844492591135,3,1612000.0
0.05673334410868532,15.918895889623498,4,1580000.0
0.01437798940145491,3.077636897490514,3,537378.71732
0.0031688950947634676,4.866761112951289,4,562306.94164
0.050514074344370066,14.637447605584605,3,1550000.0
0.004518568409872394,32.64310661995959,3,864000.0
0.003430228826007666,32.15960240953479,3,593952.20398
0.020913603348895363,33.9945004692905,2,1562000.0
0.006742688211427281,27.446198188356888,2,2004000.0
0.006494996006213255,3.807290478353591,4,714196.50168
0.009305003704803508,25.459122493214675,3,533217.79357
0.029705302220114443,15.733464707115882,3,1952000.0
0.08321902962912928,2.988310844912921,5,0
0.004042634033667,3.299383025746344,4,522078.55915
0.014740504994150814,29.28006288084784,2,902019.05894
0.0004770186292943479,60.21703629283848,4,546102.89305
0.021548225132637856,18.35740024240236,3,702000.0
0.015957483915276637,25.80116549008734,2,4068000.0
0.11990280458286666,9.660103618417029,3,1272000.0
0.6343124482706608,2.568213872362714,3,1540000.0
0.38722106744662216,4.011753244693695,4,523124.94353
0.014576575441716467,23.59299677351969,2,1138000.0
0.01298410549216678,23.67330979473559,3,591375.64764
0.02615708631594287,13.791834798286521,3,1094000.0
0.014125957161521136,30.639394779954067,3,1012000.0
0.017683993766715873,4.863170796160714,4,1300000.0
0.008138524467502725,28.264844126561872,3,644220.65528
0.0018099431766413468,3.1736619815310885,3,1508000.0
0.02448183255762284,5.268179783634684,3,920000.0
0.019523899463876785,15.821392950658254,2,824000.0
0.0058757226143312715,3.2204682958231396,4,5254000.0
0.013552680339867354,29.187834677526734,3,520409.62234
0.007412400071363766,8.59760715440399,4,516334.93935
0.007647417720722969,38.32219801193114,3,1160000.0
0.015354766700479,39.53689421443973,2,964831.55973
0.006920388870555971,42.653546503610784,3,1174000.0
0.036737929392515294,17.74267753763811,3,3596000.0
0.3475896906983774,3.0718670153670753,2,1770000.0
0.01848032210769329,2.788852692260231,4,541671.04073
0.026650087955722667,6.821950632762973,4,533784.53857
0.0662046463233241,12.006748439129542,2,1338000.0
0.00784615942341904,13.785314860069096,3,631982.71197
0.055307326895613795,16.39761525166928,2,1032000.0
0.04729631948727142,111682587.29311207,1,808000.0
0.014828893225661876,29.155013841891904,2,1660000.0
0.00956874451521587,2.8443004200665674,4,680000.0
0.004700167103843105,4.843190754429729,4,1362000.0
0.032206507170830255,35.64731747033931,3,1492000.0
0.09348836532631793,10.682553846912096,2,1846000.0
0.00622018013559946,5.3187851885192465,4,858000.0
0.26386561145302756,5.024979775077984,3,7428000.0
0.040971034057429724,5.41771624386379,4,682033.40706
0.04858842470981539,9.801509887772351,5,0
0.023577084420321796,18.207625748108008,4,5636000.0
0.0014315057143982869,47.76430431847269,4,1102000.0
0.076501243166991,5.6699113542145305,4,9428000.0
0.0001195089570218281,65.32211110560242,5,0
0.2163940956861932,5.517937707707373,3,1466000.0
0.0005111754909097502,65.35244826217594,5,0
0.030127361890006088,12.506094521955745,2,1338000.0
0.6729712420069235,1.6070679026839425,3,1574000.0
0.022917628954944733,8.572764405181509,4,6618000.0
5.266176935322866e-05,54.25297723455368,4,524350.01679
0.019559053518490254,27.693387944799557,3,830000.0
0.01069532991286548,19.46931487425713,2,2762000.0
0.022652073889560566,28.1442494315104,3,1252000.0
0.0009071688034767981,49.068598639123856,3,528048.33501
0.011232678589678122,23.70718034923419,2,1118000.0
0.00010642520227192708,61.610409559394355,5,0
0.13107882967877352,7.543898473683341,3,531366.75094
0.008438417817589293,26.099298501454385,2,1162000.0
0.6411690566666595,1.6626789716542336,4,604000.0
0.002901715031001446,14.156219863481136,5,0
0.014897563353907154,7.387228372418059,5,0
0.0031126403611706466,17.75003144419791,2,1426000.0
0.03597929302176433,24.90719511741941,3,1911368.76885
0.026076439000596967,28.352711743819984,4,3964000.0
0.30633893073339763,4.333828554014896,3,1702000.0
0.00928323022803623,8.49899000704546,5,0
0.37516438768503063,4.32430277112871,4,2612000.0
0.12850163182896351,9.443801452232503,3,738000.0
0.016026778396956144,4.571555200446626,4,572696.9366
0.19309332399374493,5.320085387151087,2,1256000.0
0.007902915121154543,5.557912113593157,4,556161.3542
0.2800868491533466,5.246636269844449,4,1254000.0
0.04639747357518028,19.97699385182898,3,1064000.0
0.10700327515028707,18.630972660389922,2,1258000.0
0.06905003817663315,13.495724393363535,4,3122000.0
0.090992673010529,12.44312347054084,3,1930000.0
0.01081414968404204,23.071755375924656,4,3902000.0
0.006420494263183133,36.0725239824489,3,2318000.0
0.009894300805006327,26.15075768844555,3,1654000.0
0.009048872047541182,3.0368140638413594,4,2198000.0
0.15290292634306366,6.834687382091684,5,0
0.013363367232645381,27.73295262775573,3,1704000.0
0.01574287043414254,22.863890411557396,3,3536000.0
0.014979882832670807,16.378016259060136,3,932000.0
0.5627341540865443,2.7959565130434942,3,552522.16553
0.0010177031334443873,58.98656376885843,4,629206.26487
0.001933571217786705,24.147122247648145,2,528683.51291
0.00026961488157536777,54.27003201872604,4,537262.72352
0.006999307588414014,41.266426874497384,3,553655.59002
0.04627513432199019,23.927321409444755,3,2628000.0
0.01109131428872708,39.67063959660773,2,1640000.0
0.009297975929823205,20.458814780617526,2,2836000.0
0.17722649159179604,3.9727214897131655,4,696000.0
0.12582036562846668,9.243057149975842,3,958000.0
0.004897143204086653,6.028254815168208,4,761352.72789
0.0019407549654248673,9.453344802307727,3,904000.0
0.006772950539259135,43.18800266650421,2,1830000.0
0.0106799558507413,22.202406905754664,3,535024.41992
0.0012358734080780251,8.797432719230848,4,1130000.0
0.009722560450853433,32.167866790145546,3,2872000.0
0.0045183566143167575,23.348645681260113,2,812000.0
0.002661311619656294,19.942214411692063,3,570000.0
4.2192235541341916e-05,64.67464523916463,5,0
0.023537005706083636,24.491017872042118,3,1478000.0
0.0892403220552466,8.589898379924056,4,870000.0
0.0027841423481708176,30.988077350109272,3,581377.12846
0.01854570100456746,37.38596020753407,3,1070000.0
0.4032190109963822,3.473372954761087,3,2454000.0
0.001322108571561339,5.184483823729535,4,928000.0
0.0038069814311111933,3.3864536288775007,3,527985.39576
0.005821395730976576,24.736812335968278,2,517606.87278
0.01995230475514962,29.66460516991725,2,6732000.0
0.08185728990036788,7.164781952433391,4,596008.39795
0.015767541862461303,24.594043370813313,2,1058000.0
0.0009333475926653982,12.568805314538704,4,603438.15807
0.13384012841973236,8.105700417556866,3,1588000.0
0.008616034824927607,40.13674282426134,3,2045549.08998
0.030764596472052336,18.374605051303384,2,2234000.0
0.008629253451879482,5.18904146294825,4,2908000.0
0.04630962764262657,18.572402365014923,4,1026000.0
0.004525431728350273,35.36433648774295,3,816000.0
0.031204137736456167,14.082168941594889,2,1572000.0
0.29459139385306354,4.419359810251618,4,946000.0
0.6891832054488962,2.290333212332745,4,582236.39939
0.006047921855244892,26.567773950328757,3,892000.0
0.04440057578358012,10.929700974426373,3,614000.0
0.14712909674809935,5.776715956815057,2,2566000.0
0.007528240479084869,21.02996464615703,3,602000.0
0.008108644601161613,7.291899753737232,3,578133.31913
0.014569982899221958,19.770080073051552,3,549135.0305
0.00666359545617559,25.501095792688933,3,1736000.0
0.0011730535395677478,60.89929258811423,4,783487.47204
0.012755872721293365,23.82559150149193,3,1152000.0
0.008773505780453272,26.986041241582267,3,580955.76038
0.006108845059594283,33.46284518609709,3,702000.0
0.001414695131356919,30.436913338537014,4,1030000.0
0.000888821483605923,4.068134297487846,3,547010.16326
0.6104097777553876,2.6563358285172765,3,1776000.0
0.05131740798272613,9.821263692480816,4,549754.52402
0.002039291695604997,3.0952348904311333,3,838000.0
0.008025263054754778,13.712746849331829,2,2926000.0
0.004563271949955616,29.652654586312888,3,521298.00588
0.0033572827705037394,25.259589223933773,2,1424000.0
0.004667027704380506,31.672750481851345,2,1128000.0
2.3292076222919862e-05,41.76325411841156,4,575458.55075
0.01833722911346254,25.09717718078524,4,3730000.0
0.0016409217675578426,54.327443375085316,4,528210.76033
0.004706165286965191,31.58795304547516,2,2370000.0
0.05031402315951077,3.7665224460430893,5,0
0.01225370842050731,16.33385714594217,3,636000.0
0.01770428650861516,16.079315060978868,3,692000.0
0.010895174061442671,27.224344677328336,2,1854000.0
0.00043533912719325335,55.394624635583575,4,542772.52364
0.0067351322906905944,12.947529963811514,4,593411.89238
0.009825662816763338,15.589079834871576,2,1556000.0
0.023239534757316358,13.645806927032451,4,2129093.59967
0.09146643381452231,12.031041681849256,3,614000.0
0.0032773756615602423,32.79408970586657,3,766000.0
0.709800248063266,1.9419718618721638,4,2060000.0
0.012127314390566146,20.50857695365463,3,3290000.0
0.17834181675033553,6.164471041804277,2,547969.56045
0.028165782198975076,22.064643591719364,3,2394000.0
0.1814770022703645,5.876331918485591,2,922000.0
0.06353825004080968,9.266008800280856,4,1574000.0
0.04876549364445798,5.879383869228466,5,0
0.017875662377235754,22.948601188926904,2,1364000.0
0.008173333615807297,5.95007118252572,4,528916.80515
0.009435729664179545,31.31236039151941,3,5336000.0
0.0026852955306708322,17.151620231367158,2,900816.98054
0.009462969523116545,29.4478543298901,4,3116000.0
0.696314277998161,1.0318262790731345,2,1946000.0
0.013323238400178308,16.122569189623473,3,1306000.0
0.01089144096087303,2.9668398329420707,4,630000.0
0.00117397502639846,5.119803723791645,4,522415.94214
0.00782602722528314,15.237700651706389,2,1142000.0
0.006518515189087918,2.863448616240152,3,6388000.0
0.004162123711623263,26.44198569290001,3,1646000.0
0.0015968720159408546,47.91222379808071,3,536000.0
0.06629742225552035,11.944997170627062,3,1272000.0
5.999686611108861e-05,55.024901585971335,4,581931.33169
0.0232679042756606,35.898189424801636,2,740000.0
0.02710649606269502,25.17254353143975,4,1556000.0
0.15353246018890848,6.641945964930653,4,1136000.0
0.0002261756073982102,61.79193568425839,4,630831.41783
0.00026105462551358677,63.31106565376772,4,552078.19466
0.00826047355173046,3.482067388560193,4,630000.0
0.6166528319972314,1.8235448417538498,5,0
0.004661056676138509,36.035142393210286,3,978000.0
0.030076404998849098,22.127243991209955,3,732000.0
0.013721170173755312,2.2653573939488396,4,535049.72462
0.00633022575559854,29.233767514566583,3,1084000.0
0.01700779803759802,3.862166204713177,3,576988.55959
0.13102589052316513,7.735222345740272,2,5750000.0
0.002820361934823541,46.43619908259494,3,541733.13183
0.0067091914822261225,32.18170747174181,3,3552000.0
0.013570590240584223,15.117555960901775,3,1717999.9
0.022004214500269192,6.835412449963011,4,5490733.39639
0.011652832218425432,32.98318190331049,2,1138000.0
0.016646295819374875,23.26056549316399,3,4586000.0
0.006720760209371584,21.14239351799722,2,1340000.0
0.003356707797929209,21.824621756481765,2,2042000.0
0.0014824476308418042,6.430710463153546,4,880000.0
0.002751621336077585,41.56158777011729,2,1064000.0
0.011206758909075151,18.346559316292588,4,5718000.0
0.012851661928344499,5.960918618546912,4,568634.39307
0.1790688390445278,6.887548549985118,3,1054000.0
0.012027989933589996,26.03570849994822,2,878000.0
0.0545940332022519,14.67503090039411,2,1066000.0
0.011568291342367018,3.2165194363320393,4,1340000.0
0.053681650628136554,13.346734695487534,3,1356000.0
0.055509774347916124,11.92760250686798,3,1704000.0
0.579248551438272,2.6099448332184814,3,1572000.0
0.022892870705218026,11.066703605236748,3,686000.0
0.06896572955167517,13.58338202593889,3,1654000.0
0.015266260291668717,32.087280432174055,3,4848000.0
0.008167399829675027,15.433788382548146,3,571650.0659
0.07651051283409964,4.640674822255645,4,571102.04476
0.011117334109471551,10.869568924389847,4,659266.63221
0.026231081719727132,31.180162492209423,3,862000.0
0.06674073761987165,4.5510372019535525,4,5660000.0
0.02030970657037493,20.553281865406678,2,684000.0
0.1593199650173643,4.685960035965773,5,0
0.0002809771335282667,61.07408347927893,4,1190007.66401
0.012114010901952982,20.282138721244625,3,984000.0
0.0007126651912096964,2.6309063611067716,4,518209.48865
0.01607515658385353,34.34946130469829,3,726499.15532
0.01313737940084897,31.261454915723146,3,1125003.04355
0.05389774589458376,11.881601020297042,3,1326000.0
0.06049607616151328,6.534375207701799,5,0
0.00016624171288096714,41.71822191167249,3,625507.73138
0.002959682922217474,6.962126546918363,4,583456.10606
0.024508230487529543,7.145014132375737,3,535775.38599
0.00942633841068332,28.728459492341035,2,1478000.0
0.004356187299404349,5.0289538819267205,5,0
0.00779324786850687,25.430837983286814,3,750927.3553
0.15187549083200147,6.780381252856241,3,876000.0
0.00013973762202632364,35.726280171529076,3,543361.81075
0.013430843502462368,23.99410953319989,2,1320073.90664
0.4188813080976197,3.546381310326463,3,1544000.0
0.07309137739844238,12.377630361134928,4,892000.0
0.003897425033622503,33.66067784308099,3,942000.0
0.025160581751150827,7.580131974927065,4,3300000.0
0.007503317051873789,11.465865733735141,3,952000.0
0.04596568245484193,14.54075852587725,2,1788000.0
8.259387550389208e-05,31.848883991456574,3,561786.52892
0.0011713815806639208,18.395116204034252,3,944000.0
0.00011738574278451416,62.837881135502364,5,0
0.006234397897125714,38.10337528877423,3,792000.0
0.007575249109821213,29.842558998384238,3,2032000.0
0.015131162656320621,20.32691181179475,2,1798000.0
0.23459875205229408,4.325805864039489,4,612000.0
0.006482861398165876,32.73869746993509,3,523974.91687
0.09678776645821519,7.711186019064709,3,694000.0
0.008156032470393051,6.400220007010389,4,9880000.0
0.000756235515607894,21.390508831509717,4,574325.26357
0.006117611963037016,32.69195991207755,3,800000.0
0.0002913446145581208,30.386012063708435,4,570000.0
0.08669541834705075,11.725602297023597,3,1164000.0
0.583597775801885,2.200791947661326,3,1978000.0
0.041692159183830436,4.104561965221716,5,0
0.0002689138938486815,61.1208239619282,5,0
0.025572070071898607,22.590532762639675,3,2536000.0
0.010904197776123191,31.107603626502776,2,1756000.0
0.008841784509186733,43.852742946801186,3,2640000.0
0.0011813031960794262,48.649338649903555,4,4088000.0
0.014680372207973594,4.111353765758558,3,557380.18381
0.021714306683130947,23.277806970198302,3,1482000.0
0.007427924902091413,42.727168200309315,4,694000.0
0.4713723708726989,2.9086151898397676,4,3779999.9
0.009394783748968178,8.728651360084624,3,1960000.0
0.008038561833223242,14.928020089788854,2,1302000.0
0.015899155486699696,29.655502670859544,3,784000.0
0.05372365172646104,5.339458656273163,4,4856481.75298
0.04303102785894053,14.246932209219816,2,1350000.0
0.7872309394245234,1.6711441031357241,3,3558000.0
0.010950795591222433,29.686206122903513,3,628828.41456
0.008281089778208357,33.68638580803975,3,932000.0
0.01208738595021779,26.45859567067184,3,1012000.0
0.01012410232379038,20.884918323757265,3,1264000.0
0.020566827104859117,15.445475260849216,3,1364000.0
0.044216294750689826,11.633239078038255,5,0
0.11243691886054094,8.799986385141251,4,1234000.0
0.03310290212583149,7.64571275669081,4,2244000.0
0.009028267898233454,33.709545849423485,3,819131.32102
0.01693043205748078,14.567708648815264,2,2612000.0
0.12817805375956465,8.80912467025286,2,1818000.0
0.010995132935887397,9.51659367054721,3,1470000.0
0.027431064555369845,20.855503736552365,2,2236000.0
0.002049884095039379,4.98985216776596,4,1970000.0
0.004973609864222531,10.447442877777718,3,562215.86663
0.6197375236199133,2.077845373650957,3,916000.0
0.008376761945110894,21.83567448934596,3,1782000.0
0.14997106763482537,6.180740548148659,4,841262.68398
0.01792635477432061,10.329764048394898,3,970000.0
0.028691807092098464,16.320590472561065,2,2836000.0
0.040918141570534625,19.834314500543396,3,553598.7707
0.035200000821527286,4.975028331389775,5,0
0.00949386195692034,4.000178044338609,3,521761.56338
0.06383413126751118,14.71031931770644,3,648000.0
0.00016196814767807622,66.32126559450666,4,544074.66753
0.006960449706548551,35.95995117943302,3,579295.94397
0.12189142644249147,4.532954912730842,5,0
0.12095018668773173,8.584430739039375,4,2452000.0
0.5187161161096778,2.9334399671921747,3,562000.0
0.014774748388442761,12.488117688043852,3,738000.0
0.01696566655577932,11.979917663756844,4,6194000.0
0.008493927611617885,27.29314926918848,2,840000.0
0.004435427044907241,28.27289830338146,3,541370.69654
0.003169556108715921,3.535689664291961,3,728273.24319
0.15635345102569215,7.380206708958629,3,1912000.0
0.008362001169705794,39.16739301043955,4,1078000.0
0.0006642921526251019,4.768147002441678,4,1202000.0
0.045705384452714035,2.306294968105577,4,3018000.0
0.004474062066108501,5.932195651397267,3,585750.28121
0.016392877434634415,12.566767310911677,2,559161.8202
0.011888992530902528,13.046195321394462,4,822000.0
0.26865032343372797,4.369504520468607,3,904000.0
0.1801290778422652,5.3104459745592365,4,980000.0
0.006568609519769729,16.46269423829157,3,670285.49723
0.04136032891949227,3.205922486561248,5,0
0.04213564845981898,4.898105568423797,5,0
0.0009186661901637452,26.52238698496817,3,550750.20993
0.012867575061628538,15.88490997512503,2,1324000.0
0.01546845435756119,24.53285961574799,3,732000.0
0.0031732566029937454,32.19973835223476,3,528200.67435
0.004376254399494297,10.254649053749601,3,520329.18956
0.006761661832094752,39.4549420137581,3,902000.0
0.003952592197388117,23.182811704566095,3,950180.7266
0.005054830902789524,27.750268040153387,2,1364000.0
0.00011349060461733089,39.818042513124354,4,568471.82997
0.0005125791988473731,20.17808227801417,3,597536.05165
0.002361899973932683,17.10152657168605,3,573086.62764
0.01116861327295482,34.93216046553798,3,558000.0
0.009050421043995073,5.221436020771183,4,628881.47641
0.023172438085908957,19.06374795087013,4,588716.06308
0.0013505382287767615,27.78612323027101,2,770000.0
0.008006894827534914,24.731220045610677,2,1200000.0
0.002611309134458672,44.203416822385684,3,594105.6888
0.019921704919733173,25.212856176057386,2,5300000.0
0.00038512981291659087,64.69355897030665,5,0
0.010949334277515073,8.267246009390078,4,652798.13842
0.014217823680743109,56.20152363107763,3,2754000.0
0.01198070409177945,20.24888015936473,3,553920.03754
0.0012571238564587828,30.354404758588963,3,589039.63387
0.021080985556307323,25.76680303592143,3,5642000.0
0.020767196561571416,9.483272097666053,3,578611.58999
0.08592420003693237,8.28942549439564,5,0
0.06225351648377914,13.645398586917908,3,1938000.0
0.011212498350921073,32.35309727601131,3,792000.0
0.03755909526399238,19.910430068847422,2,808000.0
0.007426423305735941,29.53964236189259,3,762000.0
0.00786514120312313,4.5512854827309805,4,530759.0031
0.002942814169847636,29.087872177424302,2,594583.04514
0.004653998240316536,3.525128718840012,4,6064000.0
0.010022177034309916,11.739440824045868,4,577484.15884
0.3384470695876326,4.011449436840699,4,683255.48948
0.034209159225938916,15.559752127623193,2,2502000.0
0.008883114953663899,28.45280106624773,3,1172000.0
0.01536711143051515,8.815142309519274,3,1602000.0
0.016176561778049228,21.966026046568302,2,1230000.0
0.40988906597489766,2.505959993728103,3,1416000.0
0.00039596970139209537,63.447938083881574,5,0
0.009116948575735145,37.74480973528089,3,573787.95073
0.11366419177476732,4.87039256337145,5,0
0.004295105941452897,2.939889078213989,3,906000.0
0.020218559572662054,270482.5201187009,1,4488000.0
0.006841405430506048,25.53074808273709,3,666000.0
0.04070802267391287,3.70387679832084,4,846000.0
0.03685887536523871,17.666308016619656,2,1326000.0
0.004626014079288761,28.464805533979863,3,1796000.0
0.0006480512038878428,62.61875614307123,5,0
0.007146239792050853,32.19910096555048,3,1416000.0
0.024658401556394295,12.065563608245405,4,2860000.0
0.01621463257136962,21.149646855544677,3,1296000.0
0.09503661549021057,11.439759725356625,4,676000.0
0.001785367442349186,2.7800939019303263,4,8326000.0
0.010567576625389036,12.877191139692064,3,967272.74298
0.005810322884679351,41.731324933076415,2,2408000.0
0.012382644750820411,6.101908274289382,4,1075999.9
0.21757850991746228,4.598921836207242,5,0
0.003556986308992403,37.115295060537804,3,948000.0
0.011433198831118738,35.853166299891,4,828000.0
0.10890653396082235,10.278278906104578,3,3730000.0
0.0004201896997658944,30.80038945332093,3,537157.99762
0.05595837172970765,21.104347174349986,2,6122000.0
0.0036264115928071306,41.74041919117564,3,992000.0
0.005256141300336064,27.987612596593344,3,798000.0
0.008934536154912673,36.19903548639599,3,1917999.9
0.015021663458320046,26.32215862826234,3,666000.0
0.10754168876182899,10.621229222103791,4,982000.0
0.029584888930019725,11.989879821229794,4,2546000.0
0.07087453792490299,3.0717874005196153,4,593656.79523
0.013423924792276581,29.336722728184558,3,1162000.0
0.005927740262776819,14.779131292966554,3,760000.0
0.0011454411207981914,145.7111410600685,3,774000.0
0.001981147120417528,4.62089779246656,4,534617.99353
0.07307044814440969,15.365240923143825,4,8708000.0
0.01842068067496076,27.26763398449148,3,1348000.0
0.008095198640442197,32.827152178530476,2,1030000.0
0.15328862568044768,3.9243391640223906,4,1294000.0
0.00848487375954647,4.158819324044572,4,2354000.0
0.000622128196598166,5.167084262430322,3,600000.0
0.013381508148394571,29.886343964757963,4,1654000.0
0.006504133098317426,39.640100481739886,3,1110000.0
0.008235405232376623,31.7451910929492,3,1370000.0
0.00021067668885229424,65.74273902735135,4,521428.27832
0.02597872930495058,16.888980868314633,3,2212000.0
0.02349144444715994,20.59602225767596,3,888000.0
0.0001609447598391976,62.77403485371905,4,662261.24374
0.006325022405550849,42.06809237021596,3,1450000.0
0.002376832072257396,5.215525863402905,3,524180.22193
0.004177341718167026,30.90138180197578,3,1060000.0
0.0013358938596451696,37.09279560541503,4,701537.96983
0.014967942268030644,18.03748900966018,3,7500000.0
0.008514099425831756,23.873183423337558,2,1372000.0
0.007771927185840858,26.025511447147466,2,576000.0
0.014537179458507021,28.805458670588898,3,3858000.0
0.03374666732887794,7.191943776673122,5,0
0.045416106033189824,14.353129911848884,4,2288000.0
0.0031965478204936813,16.562727328450336,3,537295.55186
0.09808739442494069,12.37419167688661,3,924323.53174
0.02296911452679368,18.098519673050966,3,3506000.0
0.005617306205657712,35.58463778570357,3,828000.0
0.0032052152301071733,41.493467281070664,4,820000.0
0.020355165478348588,24.645132281196286,3,1164000.0
0.41494026555819646,2.499604251545605,2,2518000.0
0.0029482349015655966,40.816161066960426,3,926000.0
0.04160363002914848,19.435572722284864,3,1828000.0
0.18771946641047957,5.677143250031646,4,1128000.0
0.10913628410937112,3.913227714820466,5,0
0.000886508934343132,50.594253767958655,4,608000.0
0.12729579285868625,7.437835189952572,2,1022000.0
0.15457352420773912,8.656223931057108,3,591371.98202
0.002764916121694157,2.8341563707491413,4,2030000.0
0.008880598071991926,28.856122459744995,3,864000.0
0.010126046411332504,28.42344588342862,3,778000.0
0.06316902119543104,14.55874147212697,2,834000.0
0.29665986946311385,4.262888522767538,4,1998000.0
0.35285604689193417,4.129757150843011,3,1254000.0
0.5853088322440705,2.7355172843083015,4,850000.0
0.08552481190491765,3.1469423394039797,5,0
0.0021971561081167907,59.40445463802952,3,924847.63775
0.00264203924413512,26.982320128385826,2,554544.41761
0.012476265591002967,26.660240722999795,2,1162000.0
0.0015124173524571423,2.3240797953225623,3,515311.59645
0.006393814828526945,25.451881884094533,2,1476000.0
0.023531645139749566,25.602338101620052,2,1204000.0
0.05751505542609272,17.00071671114233,3,3596000.0
0.015596144229054311,19.52615610432015,3,1328000.0
0.008782971974982946,18.96926180797535,2,1270000.0
0.055102570112921676,17.380561937913285,3,982000.0
0.033855008242833974,7.311313950668035,4,1174000.0
0.008976193561411706,5.5697800366543495,4,583595.58695
0.0233237971902829,24.074831677419006,3,1183999.9
0.556635379126301,2.8364048968590985,3,1276000.0
0.008479573442308794,32.37860692156509,4,792000.0
0.012845903447903354,3.4017829614868664,5,0
0.003309038061026975,16.280077072771515,4,766000.0
0.03669341930686075,16.53998179093455,4,3188000.0
0.0052398835270519965,45.45742789490746,4,535516.1302
0.00798382062216913,47.90245678088123,2,1058000.0
0.5531878569892683,2.2088268334018375,4,7582000.0
0.009093192505806529,28.19046529029486,2,1410000.0
0.009671709689633459,26.624664825473953,2,1588000.0
0.03990142945930558,19.003728891297683,4,6600000.0
0.002226248362016272,10.971239675941458,3,760000.0
0.0009603732476046221,52.608698749236424,5,0
0.016472352024053023,20.195116374527814,3,2708000.0
0.0006600943771310336,57.3955980826662,4,533693.52681
0.006041101651714032,28.002954356308447,2,912000.0
0.004638579455222284,17.564040421062636,3,559300.10952
4.343093523630588e-05,65.13060944486791,5,0
0.7735617158879518,2.04526031366039,3,3478000.0
0.016263997066910375,18.066557157681384,2,840444.76131
0.3523408762780741,4.4680772829534225,4,644000.0
0.0925236807686046,12.508656359981565,3,646477.29037
0.0260519748935453,23.876388078183368,2,3676000.0
0.011778646942086135,16.99808914557708,3,806000.0
0.00928703313873387,3.8719166520519974,3,527704.02257
0.036877724782470624,13.570492195006508,3,571851.47368
0.016308363197606656,21.700895232747534,2,3389234.1343
0.0031998073082169583,32.13375884964785,2,778000.0
0.0017609602299192904,26.573239579943802,2,1008000.0
0.009040951951530547,31.002470060548905,3,1146000.0
0.0012272413897775917,50.3324424869688,3,828000.0
0.8220757522892966,1.7440710931012373,4,8950000.0
0.006510442136314817,20.99902108815257,2,586266.66004
0.022009453497590058,6.362980543022099,5,0
0.0017974312242961263,37.90991144061449,3,2408000.0
0.0011966122832771798,8.453934004437079,4,696000.0
0.06176303174033931,9.273212004332096,3,1154000.0
0.061437035876653806,14.447748723796757,4,543398.01842
0.036127783252538584,12.088847571946001,2,1884000.0
0.005295965298401199,35.84261733242859,2,716000.0
0.008869691584575146,33.299079658379604,3,1889261.40479
0.06449056194317399,15.957026038873753,3,1510000.0
0.006831398581766278,49.283622419437506,3,966000.0
0.022500696595273765,20.01585939659355,2,972000.0
0.006292710171840022,30.630197628163682,2,1474000.0
0.018035957021469668,29.932169491017373,3,2556000.0
0.021856818171596386,18.459442694656506,3,2940000.0
0.00017649081338324264,59.267562027374844,5,0
0.00392038743587997,3.6901453834959606,4,790000.0
0.0012491709844591756,9.544221739823397,4,568110.89702
0.0003248442497298796,56.430008389194775,4,547866.332
0.0005205599502475406,59.72661625294243,4,564388.18099
0.02470824637655123,20.45796763192961,2,988000.0
0.017527579304812003,20.24650954082108,2,1086000.0
0.0045252044258509575,2.4589176162559787,4,3052000.0
0.00607085180695656,41.2847653711509,3,528339.10332
0.0016827742701012664,6.288638960436044,3,601160.40122
0.0016717923340490255,22.679382653615413,3,581385.884
0.023068771664204183,24.295643925783846,3,1724000.0
0.0004770601131970681,55.481326394907676,3,630000.0
0.012679960154478778,29.117519238075737,2,1206000.0
0.004642292545637671,8.848686938965239,3,550453.178
0.005984783114401637,3.3883902227299343,4,1492000.0
0.013681777503715242,12.265391013473618,3,587499.98993
0.13009143509272914,10.304479886536848,3,949465.87495
0.004436519965977292,2.45398115416642,3,614648.62116
0.03448674475329972,7.857424879138042,4,2258000.0
0.06983360767352005,11.50790373151118,3,1838000.0
0.0023542510151438635,18.744795842912378,3,568240.60612
0.07886487443116134,6.437715861686435,4,2938000.0
0.0006958566873472129,4.404995572660792,4,528847.46473
0.0169547441139864,21.43624741085549,3,1156000.0
0.0071934140265237515,8.786178809831066,4,754000.0
0.001781989839026173,5.174567448551258,4,740000.0
0.6764945969745562,1.93564552680953,3,942000.0
0.002910808413614372,5.55049022046614,4,1956000.0
0.10268574351147584,8.375140412723729,4,588974.79898
0.013495368972941606,32.70915336295721,4,2032000.0
0.021109627311158834,20.663563089304045,4,3970000.0
0.00746508780420489,23.632420462281036,3,742000.0
0.0996605561365498,6.5798629521665815,4,2064000.0
0.03529671111485124,23.428451409512686,3,1200000.0
0.004939015311462973,6.102247318177572,4,579788.92975
0.09792878538638182,1.9078206996266975,4,2852000.0
0.11998117223912456,6.315843507101358,4,1588000.0
0.7458242545301237,1.8700201111240966,3,1400000.0
0.02622682882359509,28.173798205280043,3,992000.0
0.0059047345653432375,5.933964594487141,4,2382000.0
0.004721695940141166,5.298377432945201,5,0
0.45871566269626385,1.828907671091685,4,1758000.0
0.004181009858822841,39.95694482743434,4,610000.0
0.00010012658707110138,51.41329949861276,4,688000.0
0.7818529054248499,1.6603658848014393,4,635152.57859
0.04893591441597035,4.434182849427272,5,0
0.014899682879349683,40.36497508105189,3,2584000.0
0.017527647260935537,8.76925608000675,3,550265.11351
0.05658137433755933,11.16937869779723,2,2256000.0
0.004023187788689501,5.089754321254495,3,542793.58012
0.02972626380763771,3.743799101316758,4,1060000.0
0.09555915835586007,9.007278623431032,3,6580000.0
0.0016427000326467486,50.83303187854965,3,858000.0
0.04061736930195986,2.833979600996383,4,758000.0
0.0017090483415557233,35.95736847790233,3,1718000.0
0.11260829682729022,4.987877268732959,4,770000.0
0.007348644298332684,40.88124863207559,4,2624000.0
0.03359491869588966,8.370728230844557,4,1078000.0
0.012427410541114913,38.692470448612475,3,5188000.0
0.03206863339088968,26.22451929216916,2,1180000.0
0.0015865997316195772,6.479976566801142,4,774370.82169
0.6250121880535556,2.3137371385234893,4,515550.26849
0.009657550970760573,6.7042437140790625,4,549641.83517
0.0022966205602417806,5.595703936770705,4,946947.93868
0.5351704519366361,3.000828095519181,4,942000.0
0.00817631038781813,20.99119233196029,2,870000.0
0.04275743687945612,20.346202151287997,2,842000.0
0.2505601971884796,3.4101011870531823,5,0
0.017593582563750335,27.148796331806665,3,4818000.0
0.0033619776260618126,22.385530151049135,2,1380000.0
0.004984455478553636,33.14306165225901,2,1994000.0
0.03388423573300652,4.4176272318487655,4,1120000.0
0.323354955516598,3.7446715160301083,3,865358.49283
0.006119782741235656,5.63823033956605,3,559628.08357
0.02356079847351356,32.10372672931505,3,1700000.0
0.0005990257582998299,8.338774877060349,4,965203.10873
0.02091050534953738,11.382678474819722,3,1218000.0
0.7441246968068558,0.9855018390486582,3,1196000.0
0.0012043124208498657,10.341552936272349,3,615752.43623
0.0030040889170663727,55.422981594704865,4,517531.39798
0.05383644522065816,9.654357533995547,4,660000.0
0.020647785873619977,12.391749558263422,3,1828000.0
0.0006027080963081932,62.27796655038604,4,827971.98193
0.00011157867237631468,61.59204854432672,4,532752.54434
0.0005004735502256488,62.785388201130544,4,634781.18307
0.02130245316231481,19.51550431823959,2,1106000.0
0.03858233070573886,25.61207678902075,4,523679.44782
0.07203415652322695,7.457991895822014,4,3456000.0
0.01345455580353431,27.531821509728136,3,952000.0
