0.009384806738174644,29.632613321565884,2,6325205.68079
0.026013724236863153,17.20282193511322,2,6316000.0
0.07746369190374895,11.037139989455728,2,2608000.0
0.000508322267469579,65.6106788918652,5,0
0.0001398327081793498,65.84423050594667,5,0
0.00030534066147141933,69.25309430050329,5,0
0.000192103448244962,68.04879987693222,5,0
0.00015698990674295758,67.45909338148856,5,0
0.018558544857743692,33.74063982027454,2,5816000.0
5.061280764999591e-05,66.50366835535569,5,0
0.04340468187367277,27.244902662595525,3,5274000.0
0.00044788896504273867,68.08272239427012,5,0
0.06067830458874311,14.995151227739646,3,8810000.0
0.00020138438212437547,69.03132610152902,5,0
0.08610590437470293,12.698193898652491,3,3068000.0
0.0004626868521398718,68.46570551988212,5,0
0.00011694205897912582,67.64360538871709,5,0
0.0003526710931710673,65.48254095638326,5,0
0.9029591812276858,0.3776729745491256,3,2382193.13261
8.134744585814358e-05,67.67282631925164,5,0
0.002102948060022428,66.78925473927394,5,0
6.084671528768321e-05,66.66928687038,5,0
0.00010137454232990208,71.02590203873518,5,0
5.876461203561319e-05,70.52570431480771,5,0
0.0009709952662259402,68.03214359095894,5,0
0.00019701140961620502,70.8214715301888,5,0
0.17750623859982168,7.1982138357241645,3,2924000.0
0.0003730245147971461,68.56204769518219,5,0
0.00015276287026826804,68.21061708614627,5,0
0.0001796194756212641,66.90602295481509,5,0
0.00020254867138351547,67.9445413230614,5,0
0.049273764913461804,28.897458719375482,2,5116000.0
0.00016103863159535662,67.72090890576841,5,0
0.021055568623936854,32.63186980648877,3,9550000.0
0.028783102315422984,21.17115897917496,3,3574000.0
0.0008205731361693376,61.128057184812164,5,0
0.001031766215310824,71.12371249783942,3,1719635.71892
0.00012680880055725637,67.68096674823406,5,0
0.00022872131728562646,70.43103392982441,4,5459319.693
0.00010875516455167628,64.2764263005348,5,0
0.00026511882939141623,72.58057271551743,5,0
5.582824639036425e-05,66.71696819395693,5,0
0.0004563491477625676,65.12327172599917,5,0
0.03549427340820612,26.497229274498192,4,8884000.0
0.00033072330801204355,61.60437135915103,5,0
0.0002593855180329286,66.1977152005084,5,0
0.02830244365867221,27.979540929150676,3,1971322.12118
0.4138230102664465,3.420332309199339,3,950000.0
0.0007686840527703458,68.80569361179903,4,824136.29884
0.00018489798486012848,69.80216024019514,5,0
0.060827644722325644,17.816305799730504,2,3198000.0
7.883014132393612e-05,69.21563137619353,5,0
4.647171825555937e-05,66.93741867941334,5,0
0.02774307233262845,27.46575969208829,3,3050000.0
0.00012371130247954812,67.33865298137533,5,0
8.329692833408743e-05,67.28897334530959,5,0
0.00016436756000577527,67.83404038616585,5,0
0.0001233512087695682,67.09838186527183,5,0
0.005645352868030739,38.82292901049629,4,8570000.0
0.0061029857595791565,27.95835218806909,2,946000.0
3.393651548998309e-05,69.87110450398306,5,0
0.0003379945509733099,65.61146206457767,5,0
0.00010222632002079076,70.22211731935693,5,0
0.11412284414434337,21.902604224234214,2,1334000.0
0.06464491853648494,16.12280718258199,2,1486000.0
0.0006753678666441832,65.58805210100694,5,0
0.004668119984746595,41.596039754839616,2,1676000.0
0.00041670513143635953,65.52943419975378,5,0
0.4762480584284128,3.2087839243708562,3,6418000.0
2.5108383309709708e-05,65.95680799684682,5,0
0.00010168892594319056,68.64892467814889,5,0
0.00013215623809931582,68.59431839121316,5,0
0.12550990134009976,8.169578279003197,2,1754707.87277
0.00015347081454396454,68.13255961173924,5,0
9.470563430508932e-05,68.78459964936194,5,0
0.0001119636515600327,68.46694284343356,5,0
0.00020561723129687998,66.68085152632057,5,0
0.0002064959192752776,67.68911684028966,5,0
9.049164702126236e-05,67.6027365758878,5,0
0.00019768259356706314,67.45140979210447,5,0
0.034216694301467766,18.51842015169377,3,2338000.0
0.0002665133171076554,68.47939559281829,5,0
0.009654334533577563,35.10301561899324,3,7982000.0
3.116445184556201e-05,67.09888037696535,5,0
5.31537435670378e-05,66.86036108430643,5,0
0.00021308783573331866,67.42537371892733,5,0
0.0005550933855864551,65.80959643387371,5,0
0.05270269655403796,19.427344285328655,3,3686000.0
0.0003177554523162781,69.56489969347194,5,0
0.00010861491187174227,64.51985554716441,5,0
0.04282644698738928,19.0466502430308,3,8967999.9
0.00029450939013193846,72.50450332668176,5,0
0.011822728259914629,17.21709396403019,2,5168000.0
9.784094919076945e-05,68.71074684195924,5,0
0.6103740797790647,2.201679437277883,4,5926000.0
8.769187138481248e-05,67.57169171267067,5,0
0.00014711032672023303,67.40858798468022,5,0
9.690896037225386e-05,68.64797130441265,5,0
0.0002821829511178031,65.8968784367844,5,0
0.008309255865976221,47.92288127515014,3,9282000.0
0.02633082881640578,32.193828193931,3,8244000.0
0.00020098640477977906,69.99251659863842,5,0
0.0010305778041120861,65.69928282648297,5,0
6.959545313801724e-05,68.08176537557323,5,0
6.370191239060132e-05,69.25337094751312,5,0
0.02414541375260204,31.148348247772816,3,9336000.0
0.008273042716719036,44.20737342084233,3,4542000.0
0.0006175155674377077,65.30143011416486,5,0
3.255943795600402e-05,69.30500343462647,5,0
0.0002829282775662951,66.13147869779779,5,0
0.06439132124798855,16.8269812611971,2,5047407.19866
6.354430009823069e-05,65.98084985200569,5,0
6.795352362414856e-05,67.44922484687098,5,0
0.00515366901244126,32.890583603427395,2,5800000.0
0.000868102688983385,68.66611283423615,5,0
0.0009247829668019658,68.05133178108214,5,0
0.0002455639692900149,67.80003937762326,5,0
0.020007630830788523,29.829853296578683,3,9892000.0
0.45098595086464655,3.427518691393272,3,6624000.0
8.755857164298673e-05,67.64410848667848,5,0
0.00041534561200234644,68.80762674154364,5,0
0.00011303216112717684,68.34733126090474,5,0
0.00041005429801719575,61.256673371176426,5,0
6.929264363855749e-05,66.58318399348121,5,0
0.010301379785509471,34.46053406490524,3,4853999.9
4.323132521945951e-05,67.25348395874951,5,0
0.018945234087799263,35.83208227195176,4,8902000.0
0.0009598335682215568,66.31396788606472,5,0
0.00113358451764425,61.42608488591125,5,0
0.0006955988480243426,61.60115312931187,5,0
0.00012567561916085004,67.91664402219409,5,0
0.0004629875460864377,65.93762599311195,5,0
7.317344799463089e-05,68.13965701254514,5,0
4.581546159612819e-05,67.1750405603266,5,0
0.0003613006132555057,66.1251141620832,5,0
0.14691236782112388,5.878081605545071,2,2304000.0
0.12857084417061518,8.664310982710111,3,9172000.0
0.0002971913000367076,64.06933600832672,5,0
0.001060356856966886,64.91342286386244,4,7139515.18086
0.00018360917503023387,67.72920301134617,5,0
0.0003338082678246926,74.34195691997286,4,1626239.37076
7.490012183173431e-05,67.14249127788395,5,0
0.00010945814730641901,66.89371912666537,5,0
0.1675956143208092,8.644786342890532,3,7464000.0
0.007664265432355645,47.31671536185158,3,2858000.0
0.0008032814287187427,69.15089281177383,5,0
0.00010983539860457691,66.62723380659384,5,0
6.529405246891893e-05,68.10861246068347,5,0
0.0011938198836740311,64.13772702942262,4,1049850.66584
0.00025378580850092265,67.28289698188138,5,0
0.000675384883101263,65.69117417352952,5,0
0.0009385382275234284,60.56986272462008,5,0
0.001271231991937626,65.96177864579867,5,0
0.00010039334814528215,67.87300945824832,5,0
3.876518262991417e-05,69.80200506985534,5,0
0.003007058379726759,61.28240594898657,4,2958815.41963
4.170814193302185e-05,70.0994395643755,5,0
0.00016307135932751922,69.38189642133158,4,5921405.72983
0.0335445445219205,27.885003870243814,2,1942000.0
3.1103718797289244e-05,66.74022431771759,5,0
0.06311109925038749,14.37446685671379,2,1073105.25354
0.0909213224912596,11.51964227335004,2,617473.13049
0.00046863253601927754,69.73636034257149,5,0
0.6113086745408961,2.210489131530047,3,2721413.62316
0.00016562462097437943,67.0371500995337,5,0
0.005263140766929599,45.124585261589836,3,3042000.0
0.022613591574358476,18.607408035521175,2,927644.34073
5.943532407617992e-05,68.89308581288002,5,0
1.5000289078365267e-05,66.93990174464153,5,0
0.004067607394423424,54.10228610325223,4,8260000.0
0.0002981292032095281,66.6440098146666,5,0
0.17148634922937728,7.724127052654562,3,1974407.11384
0.00032430602867615136,68.94711918462873,5,0
0.0001972840767376143,68.75503678620748,5,0
0.0008777708403981474,65.00286857682187,5,0
0.00021819669429653957,68.37212650432727,5,0
0.0001620096696905797,68.14255779958854,5,0
9.435683010689718e-05,68.41357543546599,5,0
0.0033017575448950165,75.30722625271454,2,2530000.0
8.748406588381409e-05,68.06885042176341,5,0
0.0002136520988793062,66.08989886593955,5,0
0.0004749473045134415,68.23458805933768,5,0
0.00021816167653353487,68.7955417889524,5,0
0.030812828643697485,24.372303930661783,3,5320000.0
0.09754565211388398,10.638154648764813,3,6660000.0
9.873283478456786e-05,68.31455627571388,5,0
0.0032453556150109334,83.4738632756217,2,2034000.0
0.000405008095077821,69.47870888818468,4,8096141.19152
0.00018364944943595495,70.26378851255815,5,0
0.0005610010206735885,66.14456755993554,5,0
0.01965070130171239,40.96917212955079,3,3080000.0
0.011963884764186184,32.50442924811496,3,3062000.0
0.003656511077347615,39.93187612939753,3,8002000.0
0.0007910189367413631,64.69545884422661,5,0
0.06480386409952761,18.72062015358827,4,5382050.68937
6.761115061487844e-05,70.07551339185272,5,0
0.00961328761107603,23.344800605886984,2,2612000.0
7.950819865711463e-05,67.41972363042328,5,0
0.3027343627184457,4.829755916575859,5,0
0.00017848263956897974,74.70550360118226,5,0
0.00010352031922871966,70.44491893272651,5,0
0.023737533847688695,31.91724438487478,4,4634000.0
0.001198208092206608,64.0806870207641,5,0
0.0016198131056484996,62.647991781859965,3,4904125.46883
0.0001988947193158715,68.49049163990556,5,0
0.0015955225319557351,66.8228101256784,5,0
0.0036608633250139223,38.44166831906151,3,5322000.0
2.122977495329316e-05,68.19759650378543,5,0
8.780147370155495e-05,66.01972329001623,5,0
0.05184906421105406,17.178657142855624,3,8002000.0
0.00016927571536876925,73.59725289643568,5,0
0.0001436538402136707,66.32848366993348,5,0
0.03577545725935429,18.567786852462806,3,1026000.0
5.0136406812562474e-05,66.55134624656093,5,0
3.308870630835518e-05,69.71447251209796,5,0
0.6047340009998654,2.184015997726993,3,4742000.0
0.0003279930927852387,65.45881067113123,5,0
3.68172628274788e-05,67.89876470796,5,0
0.012733974032088218,26.365753970396586,2,4364000.0
0.18474113773056416,7.892824624835234,4,9522000.0
0.00022501390871221874,68.68969939684482,5,0
5.982095665229901e-05,65.274756261085,5,0
0.00037378999428937156,65.34960247254789,5,0
0.44559481084005775,2.5715531800803944,4,4512000.0
0.000215855121645089,69.73163477824295,5,0
0.00021424457293179927,65.41146004879838,5,0
0.00725666995533619,118.94575506567529,2,812000.0
0.09705015314248476,13.292228013238354,3,4774000.0
0.020711837450482017,20.425090009504803,2,5014000.0
0.0007464568050139584,61.59257234089661,5,0
0.11793598672958495,9.780049016858941,3,7682000.0
0.09156249943493357,12.72940108600026,3,8844000.0
0.0031327560958185215,61.90186430462093,4,4327379.94607
4.85989153001599e-05,70.74529984431008,5,0
0.0002353405016704307,62.8241086607131,5,0
0.00011482194839912734,65.92026336592856,5,0
0.00015909796858189492,65.63410271329968,5,0
3.187982105338395e-05,67.65942229034425,5,0
5.2306610429710614e-05,66.21507455568319,5,0
0.00019920884737193,66.38041924817975,5,0
6.535929624384721e-05,67.06181969035443,5,0
0.000763957486781012,65.72554147496298,5,0
0.00013320201633455303,67.24054834027605,5,0
0.00015807644385390087,67.40919292415727,5,0
0.0008330213069110272,69.07774387334416,5,0
0.0002648695482008978,69.7135059097111,5,0
0.01049552814379577,23.796523473831666,2,3460000.0
0.004567973797283943,23.230464624342016,2,1604000.0
0.04602870525208817,14.462095120885285,2,1760000.0
0.027803469003097554,14.174777138370859,2,1812000.0
0.00015468777617595438,67.88030133314743,5,0
0.00019725679082719823,71.78214861527863,5,0
3.858801433684345e-05,67.65031462745542,5,0
0.0002664280363509019,69.11624553629177,5,0
0.0001578224466657802,67.18908090998612,5,0
0.028155077974004253,21.040394399094254,2,3850000.0
0.001377250332271123,63.00672912873733,5,0
0.007749079480489379,26.00099489557,2,5060000.0
3.5580943965755654e-05,67.41985175845393,5,0
0.0777737206094727,13.957562361003435,3,1685999.9
0.006199288387814509,21.892802744044396,2,2074000.0
0.00010674396504759253,68.5025989693539,5,0
0.0005629564211293195,61.05977749504688,5,0
0.00016366549206159726,69.93263114892042,5,0
0.00023428792070433844,69.38984331529228,5,0
0.0006117352256241926,68.78370870014328,5,0
0.0006729579699765207,68.63464832757701,4,6843378.34061
7.521570669298891e-05,67.63427935144313,5,0
8.244309427212464e-05,67.6263197207982,5,0
0.4534895712827814,3.0099175338791144,3,5926000.0
0.00013402314222417044,67.23016112433233,5,0
0.002419034263093183,90.56695288652018,2,1594561.66405
0.0003882085578712909,65.01805908368883,5,0
0.00021578924421299233,67.2437888500877,5,0
0.012508195110183848,28.548859467010463,2,724098.39408
0.0005979784370393038,66.94205761698515,4,8421098.20488
0.0008361074547399708,65.09640827392147,5,0
0.006085907458542446,40.99440675964426,3,3893441.62723
0.00014302949137867882,69.52762324282234,5,0
0.00015024337447339022,68.12389233811324,5,0
0.017876478037961125,42.61751173705265,4,3211821.80248
0.0850560660350919,11.65459579559859,2,6868000.0
0.00015681194652684334,67.85503862465717,5,0
0.00012304038757337225,67.43382805368512,5,0
0.0292248046228292,31.648700805576407,5,0
0.0008170739453456037,69.09975927709017,5,0
0.0002094738812327721,67.22008886119929,5,0
0.00022617181905485833,69.33805910752062,5,0
0.00014496918644925705,65.53957704988144,5,0
0.00012271554822245375,69.8199123407936,5,0
0.0006951868124979362,64.96312322042887,5,0
0.041997113984591605,19.66815460848917,3,7054000.0
0.00015791931514203084,67.26742341041101,5,0
0.16833902075246993,6.95572335330314,3,714595.91081
0.00015682876883500073,67.85620903731004,5,0
0.00020506377177283763,68.68884976837589,5,0
0.0008586808772941895,60.76822587473595,5,0
0.00022745738704317992,67.53677029296817,5,0
8.64702803946486e-05,68.98578169794855,5,0
0.0029241221872078208,50.76117838086783,4,9706000.0
0.0003543320952323545,65.11936876288749,5,0
0.015052450318843797,24.763948674162666,3,4520000.0
4.395573817576981e-05,67.54732662944717,5,0
0.08743570548016186,10.125103375949516,2,2856000.0
0.7468886014864712,1.4406932162533104,4,8022000.0
0.0001348550463007707,67.683315486962,5,0
0.005932577471764692,40.16488918091927,3,3476056.23177
0.0002160364279686057,68.85258874189286,5,0
0.00017712544702021109,68.3489917055871,5,0
0.04969696696812563,10.805826840267903,2,5888000.0
8.291267923939358e-05,65.67193768313878,5,0
0.00035632528278202414,64.78383079502692,5,0
0.09194264928806943,11.932418559083587,3,9218000.0
0.0005321824184416844,66.26301456597061,5,0
0.03794896397855218,19.834941845334214,2,1586071.09863
0.0001632132679566128,68.97367088096503,5,0
0.006521778712038665,37.61410106774494,3,2802000.0
0.005095728087472219,39.84662904024681,3,4434000.0
0.28756984840325317,3.9763522299548764,2,5710000.0
7.299318330316183e-05,67.33494685164906,5,0
9.161415880829936e-05,66.78543786665337,5,0
0.013198983439292026,30.219803950686142,2,3408000.0
0.00014758204675896248,68.02662019660595,5,0
0.00023220147907118362,66.45018765619697,4,7332168.37406
0.012849503506825495,26.147912091189248,3,2532000.0
0.0001448215925234486,72.263437329881,5,0
0.0001623582355518719,67.78314208503029,5,0
0.0002329692436594719,68.65368600401938,5,0
0.0009403970315691564,68.19569279614146,5,0
0.000819697660144296,66.2660305151151,5,0
0.1230423130938768,7.945751251902357,2,2352788.71739
0.00014793021195369817,67.12278380143952,5,0
0.026429562778621837,19.337700178085527,2,932000.0
0.17096481257040141,6.629276576574672,2,4170000.0
6.603172759982104e-05,68.40805286773474,5,0
0.00020459724893714742,67.25190786656283,5,0
0.0009165364983252731,66.44787205392367,4,7960851.28276
0.000122607686906707,69.03810516391148,5,0
0.054808080094750175,14.169866036230815,3,7780000.0
0.03104291649490913,22.344995835473686,2,4766000.0
0.0001764940161589429,68.47860836005853,5,0
0.2715716181597987,4.225458910704571,2,4916000.0
0.0001936094609591012,68.53698754223946,5,0
0.00011389536789055418,66.51710028256444,5,0
6.52727320708264e-05,68.29467731299563,5,0
7.37821508705589e-05,66.3946834231872,5,0
0.059939093118700416,18.16886146448017,3,6168000.0
0.0004248286491574946,69.15085494110949,5,0
0.00012757794227678704,71.29850117023821,5,0
0.41105638076754986,2.652887590464061,2,3586000.0
6.541619037294916e-05,67.33547999373984,5,0
8.140757052299975e-05,66.96452545432486,5,0
0.41485788021551745,2.763325808351263,3,6964000.0
0.00047306125155192826,65.97688421853414,5,0
0.000578334241352366,61.38538220479466,5,0
0.06760573121176276,14.200875651881232,2,3154623.29834
9.532787429959434e-05,67.73142548121756,5,0
0.3605184598796693,3.4199947836367715,2,1368581.91162
6.85646101473964e-05,66.87389734099246,5,0
7.967622580712297e-05,68.61195045752169,5,0
0.039123033658005256,20.159819981446365,3,2576000.0
0.00010859423968293735,68.72299210977953,5,0
0.029449139812603296,19.04395507668023,2,3374000.0
3.5827370847811235e-05,68.00565396560171,5,0
5.531446417525574e-05,66.69208049898853,5,0
0.00024199417356489435,64.51849506245703,5,0
0.0031895766532530133,42.92164119434152,3,946000.0
0.00014116268959389985,66.9890112667661,5,0
0.00016156532665019267,69.1860140893899,5,0
0.2245761780383666,6.052620462586582,4,8006000.0
0.012953968516027682,27.99500653639418,2,5934000.0
5.8867971564929255e-05,65.74005613779369,5,0
0.47403618323832775,2.031604310679425,2,2564000.0
0.0013457430068058612,66.05967365229334,4,4886205.22661
0.009294383839096093,34.57715730661986,2,6580000.0
5.147010154356221e-05,69.9715274373644,5,0
0.00021542022854598026,67.91901210990267,5,0
0.0006680214457743895,60.9292321873773,5,0
0.0001469027652905511,68.03756567861015,5,0
0.008482566256706865,48.83781391942843,3,4977477.71314
0.00016087769478169284,67.51814723472265,5,0
0.0001994046618512782,67.47449250668687,5,0
0.0024866583862927713,41.43927994451473,3,5568000.0
0.14316733145711114,9.237788752105942,4,9558000.0
0.011596328957302683,39.143027112405356,3,5502252.40062
0.00015238538614029088,66.98107964476952,5,0
0.0457402090536901,17.362900651442438,2,7256000.0
0.016841630786581498,21.86612422727873,2,1478206.44708
0.00029484923716649567,66.39083869397975,5,0
0.00024797894552277525,68.86274505867816,5,0
0.000645865782314316,65.39200804030058,5,0
0.0002728967961687037,60.85314477877598,5,0
0.00012224587926081421,67.92943177654844,5,0
0.15735546818936944,7.724831837033267,3,1612000.0
0.0008483318446919098,69.25868662690668,5,0
0.0002893519257329413,69.65023714105219,5,0
0.004753072356849275,56.78992167930738,4,6752234.35336
0.639067959530928,2.4310264667793753,4,8724000.0
0.024648790002210506,18.472033664169626,2,5078000.0
0.0010758544376698956,68.99661482093506,5,0
0.19593185353134465,5.65820479087543,2,2660000.0
3.2537562683315574e-05,70.77874735584749,5,0
0.00018711674588793952,67.57271480491524,5,0
0.00010611044450562647,68.21561432650864,5,0
7.720866936915269e-05,66.63744843285404,5,0
0.08861685515942236,10.550671957112643,2,3596000.0
0.0010041396673268258,55.03406007093559,4,7108000.0
0.0002580506101663809,68.25362699647364,5,0
0.0016732640223554535,66.10383146503341,5,0
0.0008777471974305728,61.606097808215615,5,0
0.0002713745347523703,65.01961886415062,5,0
4.12547801147245e-05,68.3915545074553,5,0
0.007781831196244415,34.602346260946355,3,4956000.0
0.0001774102104956832,68.59165428631916,5,0
0.009824999699224058,31.724673444217377,2,5552309.67577
2.5641673539341627e-05,69.44106608031247,5,0
0.835885523258042,1.62026495404855,5,0
6.61509970327784e-05,70.63200322801676,5,0
0.007512161484315444,43.839834894924586,3,1751687.67739
0.00012903683502675829,71.68373864559348,5,0
8.156977455540392e-05,66.67274387571139,5,0
0.0007018877531182107,72.24597995244558,4,2101996.99889
0.00011203401608412442,68.25285742628243,5,0
0.0037520879506556235,51.23310177305512,3,873893.12956
0.0005329855772467394,69.8335974806775,5,0
8.051138577009992e-05,67.71807663528134,5,0
0.01493838691064738,35.70744379713023,3,2602000.0
0.00010910850152387594,65.5516767472009,5,0
0.7781125429239614,2.1582207180203437,4,2592000.0
0.00013807019086135256,68.17204342726991,5,0
0.00013376481155224267,66.31082317693665,5,0
7.24268893715292e-05,67.56262434542398,5,0
0.0007095984406931525,68.07064786378585,4,3852558.39737
0.010855777250308944,47.4162211069222,3,5101379.86757
0.0007520957184258535,62.863565426538884,5,0
0.00031485272645462775,67.04102499746614,5,0
0.00017305093792480852,68.48830709398253,5,0
0.009182958213964464,33.126539652225034,2,1342000.0
0.04610482579665423,17.87730523947947,3,7828000.0
0.03957449395738078,16.406839923538502,2,1356000.0
0.00011460399316606649,66.71902088211613,5,0
0.011696217202151474,26.76324364089735,2,4686000.0
0.0003174914553305799,68.32628632258916,5,0
0.004539259659360797,42.10181146902429,3,6788000.0
7.56907812711386e-05,67.67789652651861,5,0
0.16136599649495673,7.667004492213594,4,6638000.0
0.0002635623981260067,67.48747133320535,5,0
0.0005768894474612105,68.88130074424055,5,0
0.000347930501026559,66.10973117720383,5,0
4.452888025398579e-05,71.06823259083689,5,0
0.00021134875527433457,67.03410714152953,5,0
0.0006990422814581571,64.72218761964353,5,0
0.00013286327496743886,67.0479906745299,5,0
0.015862730118778125,27.631146808304234,2,3992000.0
3.429600800008496e-05,69.51722004191768,5,0
0.00023738968732584114,68.14762047471409,5,0
4.491492266234561e-05,66.82238561455009,5,0
0.0007532409214768349,68.9661445168364,5,0
0.007088855091195163,51.792565735502336,5,0
5.66327494785392e-05,66.87914084490012,5,0
0.08631206163919987,18.099664339144944,2,2314000.0
6.670990228880922e-05,68.47887641962917,5,0
0.0003845101640120018,65.14955382281344,5,0
8.616307908406705e-05,68.50643130910663,5,0
9.617486188656036e-05,67.7123600379895,5,0
0.0008110134258799315,68.81807840915118,5,0
0.00012598288704687813,67.78749795356158,5,0
0.01005051915936823,32.96882946738813,2,6668000.0
0.00033145584340971005,65.85092493825523,5,0
0.03605596480713281,18.357313060238784,2,1228000.0
8.564508013486399e-05,68.36031436193657,5,0
0.00017183390758807192,66.14327573125415,5,0
0.0013181174751959541,62.79585777508507,4,8228018.24586
0.07790316842081599,13.054862657074127,3,1892000.0
0.009338998759317284,22.427859509652237,2,2216000.0
0.0003002946821033089,68.44080798192861,5,0
0.1780771176309772,7.165150063981491,3,6102000.0
0.0002005326938364833,69.30761509467737,5,0
8.802195626240965e-05,67.56504432485589,5,0
0.0003131670240969124,68.95872575015395,5,0
0.9064099501597069,0.3912077646948923,4,9516000.0
0.00012601095626607449,67.00392233486629,5,0
0.00014586665681435372,65.70306735933893,5,0
0.00719277163831065,62.52891708618786,3,7052000.0
0.00025222374700424057,67.35273515155848,5,0
0.0005972169498604438,69.07371258520945,5,0
0.4590022482365982,3.0075754794395766,5,0
0.00011783603526488995,72.95651095979824,5,0
0.15071281657026703,8.051950552841115,3,3374000.0
0.48936586014814054,3.306176322835559,3,5196000.0
0.03802613481220036,22.742296443288947,4,4772000.0
3.580426333132818e-05,70.62096359010414,5,0
0.00014525310550879061,72.3674848115357,5,0
0.00014715177732104503,68.33258738028378,5,0
0.02826601853733707,31.165767167041285,3,2830000.0
0.026504301965496007,27.891089525484638,3,1430000.0
0.0001239297240803886,67.78640796374843,5,0
6.0478946172553405e-05,65.90150274570266,5,0
0.4679872344907325,2.1116303241463266,2,3132035.55974
0.033489762372776025,23.548774351637203,3,9266000.0
0.00038930019740786255,65.58016273311186,5,0
0.006238552656404628,31.561608228232494,2,6600000.0
6.289692549134448e-05,66.25301590529757,5,0
0.0015528361407788956,34.78273161501205,2,1068000.0
0.0007341145076053919,65.29141937850439,5,0
0.08717203496404528,15.792488136116223,4,7308000.0
0.000111051250829438,72.16023300410352,5,0
0.04258921471369041,21.72108005440473,3,1390000.0
3.9369889599642054e-05,69.04578716693261,5,0
4.427584000012307e-05,69.09017202275852,5,0
0.009731031375834202,52.64401812244614,3,2995717.47004
0.009364832287711419,31.207622271194662,3,2384000.0
0.00014793528338801084,65.8802963999722,5,0
0.7791121326845235,1.8047911250549848,4,2080000.0
0.011606885878989007,33.7978623541143,2,6260000.0
0.0001947407971478642,69.82300662181748,5,0
0.014724442068966698,36.13969212770909,3,1940000.0
0.058320543507632994,19.923999287195503,3,3550153.20207
0.013831287315498642,35.35648207734083,3,6006000.0
6.576458523246977e-05,66.69713227091786,5,0
0.0003354177625017428,68.20897061108398,5,0
0.00021785589503795912,74.49772365680809,5,0
0.02875369517160225,28.075809368624988,4,9528000.0
0.0002489348699253369,69.71068706287133,4,6758087.89265
0.00016778774671836447,68.25950122256383,5,0
0.00042646093591156557,64.99239173149233,5,0
5.977558832703882e-05,66.81361233485488,5,0
0.00019114629103552438,67.63660380294994,5,0
0.1506314501753947,7.499966920210503,2,8516000.0
0.00011826992368026567,66.63852428147158,5,0
0.00010753920963604794,70.89452099091835,5,0
0.025868669358618316,28.659543274467588,3,1802000.0
0.8755596048172549,0.5197097682551673,3,3172000.0
0.6402355210844582,1.331484321509487,3,4018000.0
0.0008503416515740681,65.14304299167958,5,0
9.964526508738615e-05,68.45300010188117,5,0
0.02835180351320458,21.96377150315567,3,6761301.03434
0.00033025585566473525,67.53880338786368,5,0
0.00010482119235236994,65.79756517658532,5,0
0.0002087433976637317,67.23217631109931,5,0
8.946998096648077e-05,66.22414693703249,5,0
0.16914620424657714,7.0207511981229995,3,7294000.0
0.005920313144524061,51.359489094474,3,5096004.60676
0.013795660549303389,31.51954623607913,3,6766000.0
0.01086930094167784,49.94573372101261,4,9882114.14744
0.01314966242696508,36.81164316953792,3,2752000.0
0.0001029130034274448,65.74122682710785,5,0
0.0007227604765857962,60.69461420758608,5,0
0.0006463475292987812,60.8135621180713,5,0
0.0002788393215372977,68.54238395692707,5,0
0.00024198444069356995,68.14847189227126,5,0
8.24474581732821e-05,67.87674335554618,5,0
0.00041156732971577026,68.79387740802417,5,0
0.014858088349663536,42.05384760476843,3,9280000.0
0.46714406925002055,3.276049762806284,3,5595806.89299
0.00018805771511157718,67.33144568845394,5,0
0.00365169917850523,61.71110272618634,3,762227.00562
0.0964823138537903,10.863947312337476,3,1282000.0
0.00043415683129006114,64.59223115420698,5,0
0.04709056186425007,17.33228683357746,3,7174000.0
5.59648438365223e-05,67.7405588390005,5,0
0.6803644786771605,2.112178968229522,3,7028000.0
0.00018996716159663164,73.83405518490133,5,0
0.0001944368006112258,68.77361652614897,5,0
0.006023613853529731,62.37101335787973,2,4696000.0
0.13232739703676535,8.25380007339137,3,4977999.9
0.010281993198346367,25.450853809866953,2,2500000.0
0.04691254055537346,18.5827627678932,2,4678000.0
0.00037475571935399916,65.18244568050424,5,0
0.17176356123311018,6.887580238484097,2,6446000.0
7.189310682832888e-05,68.20060537851595,5,0
7.859983281099855e-05,67.4316796959905,5,0
0.016263612399185834,34.22226091817327,3,8404000.0
0.013843779457975897,42.80432138178484,4,5778000.0
8.729983826252742e-05,68.63273999428438,5,0
0.00018504849217981095,66.43597632469437,5,0
9.308464220724138e-05,68.09541999406335,5,0
0.0001426689375992718,69.3255822985041,5,0
0.007381673220363912,28.809266427809185,2,2156000.0
0.005862265986231888,68.03523848310569,3,3351996.96226
0.0646173360282238,15.08162155939116,3,2778000.0
0.0008342913216469761,68.09560081439206,5,0
0.008181503778199904,35.817635237190686,3,9006000.0
0.00037131628063479866,65.05093476677735,5,0
0.7767933296533256,0.9381105978964329,2,6244907.12926
0.002275466102112501,63.023213763586675,4,3861517.07734
0.7720984904548923,0.7371460697220842,2,8150927.07947
0.0006803053172623337,67.6516564982399,5,0
0.004244792188045005,27.36586164170279,2,4540000.0
0.00011327247637338626,68.14849513206664,5,0
7.070555633208864e-05,70.60471896199992,5,0
0.0001885721155417138,66.88423690275974,5,0
0.00019475059073890928,67.74682881765271,5,0
4.170260705001641e-05,69.7003987257469,5,0
0.0063923072699866535,39.03341537499401,3,2912000.0
8.738757044316319e-05,66.68310012980606,5,0
0.00012148340832570676,68.03647115503503,5,0
0.08165387871538389,15.70795207605872,3,1666000.0
0.024143797233234048,25.220289142497535,2,2276000.0
0.1380609456929395,8.214956644417743,3,2904000.0
0.0010443387664953764,68.49679547886338,5,0
4.607420739758209e-05,66.2324762357244,5,0
8.704391508099519e-05,67.69223942728502,5,0
0.019244504665573627,24.875201108820484,3,2916000.0
0.02254771472736377,23.357372180032982,3,3692000.0
0.0011142830076383962,66.67325922501149,5,0
7.418748848067984e-05,68.20434226603965,5,0
0.00013263350796549012,71.209331069909,5,0
0.004109011173030307,53.85334537469015,3,2483764.79941
0.0002360587368107413,65.49049579592112,5,0
0.000995762517300797,68.73867009562713,5,0
0.00013730253792958527,67.46837387056158,5,0
0.00024576994287142813,63.00476135026761,5,0
0.10459710312270529,11.650322137906786,3,7302000.0
0.00018421197486892567,68.3621832327222,5,0
0.00027941509890924487,67.68657530840139,5,0
0.0001239060314375689,68.08671105477526,5,0
0.018520024164304004,27.58285353345637,2,1054430.76493
5.2277186261777914e-05,66.83878539432902,5,0
0.00019868272677242465,68.55471221873339,5,0
0.00024290112050182302,67.7243676351718,5,0
0.01754699128894932,30.350253677036175,3,9568000.0
0.6289779438083993,1.9705031791338055,5,0
0.00033460419888511976,68.63872226454383,5,0
0.0001614011149309954,69.51329681258773,5,0
0.24583236680308038,5.815079173532987,4,3484000.0
0.012499182178209042,33.766376559542735,2,1304334.76852
0.019434019354666685,17.841821673569015,2,6154000.0
0.00033546643280553623,70.41112007349494,5,0
0.00038581090061627735,68.70909416559304,5,0
0.001863119144364037,66.16148586881029,5,0
2.775994504762971e-05,69.68222572675049,5,0
0.0001804399916041867,69.08720243958211,5,0
0.0007153443871787584,60.38245217823873,5,0
7.748332521577104e-05,65.63659684336126,5,0
0.06466163103942368,15.211380821745783,3,3732000.0
0.01665191048993131,41.20797603462114,2,1008000.0
0.03159626150202417,25.366165188611586,3,6014000.0
0.00022647856174418148,66.79645931978537,5,0
0.000811012608371075,62.87900066725656,5,0
0.013202983471256624,22.0618730025238,2,5716000.0
9.23918312110744e-05,67.28252179906107,5,0
0.05189714179006268,15.230274683617418,3,5214000.0
0.0004385260600221329,66.17353637461453,5,0
0.00024384839294440294,67.91670957489144,5,0
0.00011889583911490665,67.61025742813491,5,0
0.00528486757390073,33.89769581705529,3,2832000.0
7.439843254239847e-05,66.7421599188046,5,0
0.00022486926370360587,69.3255108840772,5,0
8.885271906904223e-05,67.81411343924171,5,0
0.0006621096132110208,65.57377480128217,5,0
0.00029627955515806,64.53432253461993,5,0
6.102708510215476e-05,65.99865253337757,5,0
0.0005784965156323087,67.97505248089465,5,0
0.00022743550304008336,69.99518154436637,5,0
0.00017917636924380162,67.76874901828496,5,0
8.764827283126298e-05,68.63636705829767,5,0
0.0001708021436153224,69.02660198960417,5,0
0.00016024424996637765,69.0606878163043,5,0
0.00022361843816311194,73.49830701315511,5,0
0.00010294878787052108,67.13810284203926,5,0
0.0002320600027403634,73.69183059364697,5,0
0.000864289693768535,64.99327118799894,5,0
0.0004030522768257097,65.70481759101632,5,0
0.00015040377778879002,68.4899239281546,5,0
0.0007373878737131244,66.0555429535362,5,0
0.0005843644038884659,68.72439371839232,4,2657719.66417
0.10161612213932754,11.159452935250076,2,3949759.38267
0.01808282512786511,40.038783026829904,2,2629999.9
0.0001087712908631519,66.88298133000134,5,0
0.00014876904298714893,70.33572562230049,3,3416999.6476
0.006164493547987033,33.03547282396837,3,1272000.0
0.00018825917522418114,66.96063492350152,5,0
6.860944111427798e-05,66.41038430321963,5,0
0.052035544222093166,12.483742745500717,2,1312000.0
0.00014488245602275709,67.28490518090022,5,0
0.0001943785177152542,67.91041104571585,5,0
7.370371585781436e-05,71.85868458843622,5,0
0.0006496137941008128,65.66945540467181,5,0
0.0002190154212854969,68.99764736959088,5,0
4.034031630857294e-05,69.43252160174671,5,0
0.0008374197491715516,65.1711549913586,5,0
5.684573979557069e-05,72.58583678614796,5,0
0.00026174184638653964,67.88847242568984,5,0
0.00011555411125567961,72.53792974273608,5,0
0.28317088038523763,4.387967975856901,4,8820000.0
0.001336043283701111,66.11234392216654,4,2471068.01721
0.00038264493235561515,68.99975676735023,5,0
0.04049323797564137,13.052128109614678,2,6138000.0
0.00045957223715087364,65.18887275349512,5,0
0.04342019886669024,15.232148031195157,2,8673999.9
0.000796805406150572,65.76466389059121,5,0
0.0249287210613576,28.430456078816693,2,4121728.55685
0.012755260191692208,23.0575718191016,2,5488000.0
0.05569884298540527,18.80280998377179,4,9720000.0
0.0005871354375664835,65.52759003019234,5,0
4.862163097442182e-05,69.07854853702496,5,0
0.0007293043204172641,65.22086675978747,5,0
0.00079760514287484,60.37968727633086,5,0
9.546926394911742e-05,66.82010695371243,5,0
0.00016658459102265774,69.55099908469536,5,0
0.0005806014787609573,68.69452978569218,5,0
0.008096963626362854,36.24135019069068,2,1870000.0
0.0008825119657520252,69.7746646336269,3,5208000.0
4.493127879946371e-05,68.73395911945295,5,0
0.5183934642954728,1.826996340924167,3,1420000.0
0.0006669502795996066,65.09811823909949,5,0
0.00012554635444114238,66.97770644469519,5,0
9.721643770606352e-05,68.43179688880578,5,0
0.06348870915044015,11.07382783834159,2,2538031.64509
0.0011189296090278157,69.1467556264407,5,0
6.877029925622414e-05,67.78486236860816,5,0
3.1045883368910815e-05,70.2988060272421,5,0
9.11648055249568e-05,64.40531540279683,5,0
0.00023166750217371013,65.82811219632744,5,0
0.004851242945206669,42.64752780437249,3,7960000.0
0.012820932270942343,46.95467981720645,3,3864000.0
0.08352152298832625,12.598046023749498,3,8018000.0
7.227106801540775e-05,67.1540564358247,5,0
5.1883592831060566e-05,67.07403163059092,5,0
0.05464134348471943,19.90317404865062,2,3064708.55129
0.0007066463341734194,68.5128443986984,5,0
0.0015203907283259912,51.4586092152872,3,5800000.0
0.013901955011523916,43.58703406220653,3,5939502.67934
0.0005317607720030516,65.5665666662334,5,0
0.0004495177981906082,65.2093536983886,5,0
0.012350947617433274,34.731967008825244,3,6582000.0
0.00025075430210262374,68.17861698245066,5,0
0.07424372338788877,12.815750200460693,3,8750000.0
0.012423453313536201,37.77164497913275,2,1236000.0
0.00026971226735076313,66.00005966041276,5,0
0.00016853122358409105,67.7624482628856,5,0
0.013914972692659287,38.77124054791861,3,8731105.31511
6.659298847156084e-05,67.217616170303,5,0
5.561096229313248e-05,66.4298984827674,5,0
3.187195337056947e-05,68.7522764130628,5,0
0.4675786661427633,3.1237710328877903,3,2486000.0
0.00011226114182307077,66.83369408388492,5,0
0.00011298984228428347,71.22171144973211,5,0
0.05475462879659371,12.838549667244003,2,1566000.0
0.00021322975647255279,64.8873349951953,5,0
7.086757114270472e-05,71.11111182746916,5,0
0.07861735520279008,13.13178286242457,3,6752000.0
0.028206950422262962,22.63493553943457,3,4574000.0
8.22378362415622e-05,67.99711025496623,5,0
2.5082103550263638e-05,69.67629150545741,5,0
0.09343025186289503,10.627218812720532,2,2141442.91787
0.008512181299929429,44.25657695077075,3,2434995.36363
0.00016353566493887845,67.58240746599336,5,0
0.008680891537270674,39.08032521029772,3,1696000.0
0.018412917117801256,33.760310574154026,3,3036000.0
0.004137589852124537,57.73311335189044,3,3498000.0
0.08058403581258033,13.361243079267734,3,6687999.9
3.876215397992274e-05,66.58824694656472,5,0
0.006777957537302642,46.54064116921785,4,3722000.0
0.0003352061030102044,64.85635232281442,5,0
6.094356787460009e-05,67.90449673022624,5,0
9.028504805056713e-05,67.22963582523872,5,0
0.00019213209056871518,70.96795367121149,5,0
0.00012157669664902365,68.06907633744217,5,0
9.634451458338954e-05,67.20013822037485,5,0
0.24594465489816678,6.151767820155079,4,2678000.0
0.5961189191463713,2.6977479674110376,5,0
0.00043777419095930966,66.27014161652737,5,0
0.0002169207289569007,68.06690571322568,5,0
0.03759727318452869,28.811373526949858,2,5851630.08434
0.03477954469373553,27.47921147882796,3,2992042.77217
0.0014678629363184168,69.03926132882,5,0
0.019811162539840024,36.889945715549466,5,0
0.00014679329729090588,66.63953160640517,5,0
0.00010431963304396469,68.39378119397145,5,0
0.00048122841944738513,68.08454840360974,4,7963240.17142
0.10738277882741,10.723355961579498,3,1420000.0
0.03151948755122648,23.96490002723795,3,9110000.0
0.02705645349374132,29.118576722518238,3,7264000.0
0.00014513826516384857,68.46440442813208,5,0
0.04127986502406724,19.026643584281345,2,918494.27515
0.0017645481627019122,73.75898510406564,2,1900680.13083
0.0001467869407209449,67.74016211677213,5,0
7.578074584761527e-05,65.99412135628044,5,0
6.481428663277166e-05,68.79685403460279,5,0
0.00024843187361757625,74.15014594241572,5,0
0.00018028433087251728,68.34933916418635,5,0
0.00020347934730910515,66.79909726075647,5,0
0.028371496815732696,18.022430270023523,2,687814.94117
0.00045008394912745837,66.32548237015475,5,0
0.01833817336579032,26.51807943344265,3,4368000.0
0.0006827171367475652,61.28920483699145,5,0
0.01363081087738926,36.34853226004135,3,1660000.0
8.295319896552602e-05,66.5004975847936,5,0
0.00010695348384568297,68.96945055014803,5,0
2.3788886677865977e-05,66.16614982375222,5,0
0.00018551155449313537,67.73278222213038,5,0
0.015868554539329262,26.31633506459825,2,5386000.0
0.7533228453679218,2.115184987033775,4,3370000.0
0.007679739513731316,59.04801425999289,3,5266471.49466
0.00046665485020407955,68.33650313127208,5,0
6.360599916712797e-05,67.88255193734123,5,0
0.017669761257179326,44.09868021593783,3,8644302.58023
0.0009060918369678399,68.28286509910606,5,0
8.731692816791633e-05,69.83547903586073,5,0
0.0018017975293072289,62.69139748697354,4,2334064.99612
0.6492416609310441,2.1749011063380905,3,7596000.0
0.0007034213948232712,68.98536637127009,5,0
0.002901274728971251,37.201786988809445,3,780000.0
7.985812495728491e-05,66.35328229676425,5,0
0.00013055563909760283,67.09777404313661,5,0
0.006158638927229061,27.50610528604443,2,7392000.0
0.0001399033030640264,67.63366012188578,5,0
0.43814684794095576,3.6402252276855975,3,7756000.0
0.009569123650682663,31.80183118022418,2,1645125.02923
0.010046350802744764,24.21276980207616,2,4522000.0
0.0001309707583480043,67.63464771804566,5,0
8.109138386838516e-05,67.41203433602446,5,0
7.402834390401192e-05,66.9509721314238,5,0
5.102103312822354e-05,67.073603373413,5,0
0.037738491303331595,21.214261174843205,3,3326000.0
0.012329795484011974,37.44852744375376,3,2714000.0
0.0001748904882419568,66.83370749857967,5,0
0.0058465134671358615,44.28691856999806,4,8092000.0
0.1266762936778716,8.266021911602392,2,9294000.0
0.025988082900696097,18.777431956709275,2,3124000.0
0.023297313807591813,10.058794078055204,2,986000.0
0.00012747991479126325,66.979757615938,5,0
8.196405955439488e-05,69.26581426288254,5,0
0.0002797132903274082,66.89609746878394,5,0
0.020274521976270134,19.94076857886645,2,1232000.0
0.00018884729718929763,68.47585011848881,5,0
7.329336461024684e-05,67.15330037848588,5,0
0.005953208318884757,43.946084085648565,4,9960000.0
0.00021205435883844053,67.4841732977247,5,0
9.460592934157609e-05,67.43841544359258,5,0
0.10006371426563579,10.219892702768158,2,4038000.0
0.00038432206795704547,67.0447275428161,4,5536408.24235
0.005336436042469134,99.00977429966876,2,635717.30509
0.00019613051152176704,70.21245776170706,5,0
7.621191751347922e-05,66.95668395909695,5,0
0.04830671931927386,17.900815121334087,2,4690000.0
0.0004705968313783426,65.81456213016317,5,0
0.00010026460225195066,68.65111067582691,5,0
0.0004291149227489352,66.9608784790637,4,3860289.12033
0.0001708656639949399,72.01457166753035,5,0
0.0001008644333375084,69.36230882422058,5,0
0.00411858003207481,38.83200045270497,3,1366000.0
0.03829006398748721,16.63382237124776,2,5502000.0
0.00013842437357870473,66.7742110504169,5,0
0.03989101080438458,22.2385553007273,3,4768000.0
0.0003195750831983954,70.44624983047794,5,0
0.0005760063847411699,59.768809771004484,5,0
0.11654013754507454,9.967596440446531,4,9950000.0
4.542774965526253e-05,66.42941313735064,5,0
5.9815863181254124e-05,68.21014246718605,5,0
7.28309479336564e-05,66.83024004709812,5,0
0.10961017957393515,9.847752825320528,2,5686000.0
0.03491396807189672,20.685195197476105,3,1782000.0
0.02130866726200895,30.767109951541812,2,4784000.0
0.6169112439249105,1.6516264915301222,4,2966000.0
0.004145245167837975,40.50109912585527,3,8486000.0
0.00019708624066887005,67.81918782022179,5,0
8.210802502662835e-05,68.34710721582191,5,0
0.004023757788344309,44.47139591388966,4,9258000.0
0.013106592999566093,43.35572971152491,3,4532189.41402
0.00012069926554796127,68.01031993205078,5,0
0.0001276740849952776,67.07990724778126,5,0
9.808892743776127e-05,67.41123733122693,5,0
0.00048708278738332316,66.29930782174779,5,0
0.006785575544320304,34.944873647850386,3,2594000.0
0.24851177064959293,6.191586537467308,3,2284000.0
0.00011255091773663595,66.24846450406413,5,0
0.11708371321433193,8.83067650077212,3,3832000.0
0.00035584330660562896,69.26275703332983,5,0
6.948490504671951e-05,63.770111637269245,5,0
4.352026537379625e-05,69.18731304558229,5,0
0.0007031076895205244,68.14450091483232,4,2811038.90965
0.0007481039369403999,61.22097502356688,5,0
7.032481389845818e-05,67.00553857723553,5,0
0.004930507009934363,50.522333510862275,3,6972000.0
0.0003681296159553728,66.79157596649908,4,6709079.76953
9.001506664047986e-05,67.08225909121836,5,0
0.14182948601478038,7.299521790148406,2,1854000.0
0.0002095516716253633,67.75139261394548,5,0
0.00042521453502240993,68.06730459980488,5,0
0.013930138235968469,71.99713674914042,2,3500000.0
0.11292601937005706,8.455414876489982,2,3214000.0
0.00016635391282090586,70.97956214726852,5,0
0.00014111436548085626,68.74120348001121,5,0
0.03643863878821135,16.898307819330796,2,2640000.0
0.0015471146148843815,63.643513893153894,5,0
0.0008657645213909073,94.81254006784968,2,1853449.16273
0.00015047768398360992,68.29300093736614,5,0
0.0002654353759910969,67.70720013331483,5,0
7.37680626737322e-05,67.23293392823324,5,0
9.009241201718779e-05,66.58113134066681,5,0
0.0364284077120484,25.104419849709924,4,9916000.0
0.00011845540058726687,67.90108828336464,5,0
0.00024168118173667345,68.20536537960692,5,0
0.004626636217583403,44.46017757601846,3,2306000.0
0.033460102492718864,23.7448325673212,3,6166000.0
0.00077508832557414,69.14416219474144,5,0
0.0006082211369876607,65.65705572356116,5,0
5.2166814878630835e-05,67.82498744584908,5,0
0.003875301414903477,28.691039225000427,2,1668000.0
0.03512825332870848,18.68777109472316,2,3448000.0
0.00047708595029288445,68.13701677003434,5,0
9.475107271239504e-05,67.7055271092449,5,0
0.013569263095312032,22.949469183604776,2,7790000.0
9.708748824881044e-05,68.27322351987208,5,0
0.00022055209107164697,69.37329156740473,5,0
0.00010782931426813842,66.49534335984313,5,0
0.13028212935974084,9.157084106364607,3,8512000.0
9.711873226432508e-05,66.24292166794082,5,0
0.00018408758372549986,68.4159829248264,5,0
0.0018995261384879873,52.742065652125866,4,5318000.0
8.54599909837984e-05,68.00851610170079,5,0
0.00013804361930220364,66.75169440738792,5,0
8.917950290093626e-05,68.47342678861187,5,0
0.15804953427463286,6.683838770199918,2,7952000.0
0.04590146655736119,16.27750389598022,2,880000.0
8.243135298268157e-05,65.91769530348161,5,0
0.09034704141785369,9.878751538352343,2,3574000.0
0.00020500796428922564,69.27067193180943,5,0
0.010616092613099145,35.689697579984355,2,2815975.14839
0.00018696827785762892,69.93320986738503,5,0
0.03286358665451153,25.003782558708416,3,1224000.0
0.000692751538218652,61.52683703160853,5,0
0.011604470683985535,49.95620530175809,2,2792000.0
0.00028431775081153097,64.44000250274357,5,0
0.25196576673429466,5.644172594717742,3,2938000.0
0.14983201902780557,9.585728726749984,3,5652000.0
0.05384409114061946,14.22790374979118,2,4322545.6857
0.00017127925695139117,66.21680091096695,5,0
0.00021825129288047997,67.93918231512389,5,0
0.000309629283410494,70.20953311030208,5,0
0.0011747286093037052,64.33996712611032,4,2002521.33104
0.0001369966020705313,67.03725763562898,5,0
0.0001947201818994372,68.77516617734855,5,0
0.005082672337989821,63.05954017676606,3,2006623.84065
0.5294582133972754,2.9174970117417933,3,3256000.0
0.0002442067458005594,72.37616370368963,5,0
0.0002593629536951344,68.58146796461544,5,0
0.00041838669559397427,71.00152984146186,4,7660084.34623
0.3998402913247119,2.580901619481563,2,5004000.0
0.0035946757892791593,64.73171845167205,3,6833492.76626
9.640873970193024e-05,66.92277857284229,5,0
7.758282170622635e-05,68.49081719401262,5,0
0.40242811448011057,3.9323096261213273,4,8478000.0
0.013016272118348821,29.488476497869833,2,1096000.0
0.046737883495565846,17.317808469102424,3,1620000.0
9.617182455412199e-05,65.75328935140739,5,0
0.035983170069375875,19.1160543544592,3,7048000.0
0.001115826415849527,68.74656438154199,5,0
0.01688998401140698,22.703420402409723,2,3132000.0
0.0005362099771918079,66.27314717929211,5,0
0.00010695638601396847,70.52286538441564,5,0
0.03829109607007003,32.93435939386606,2,3076000.0
0.06491872687624045,12.854582932787437,2,5115471.33852
0.01043214077866751,34.30690756923063,3,1006000.0
9.867827245384974e-05,67.03164969460336,5,0
0.008214087483137405,51.394328936239454,3,1367236.99423
8.018217265350182e-05,68.42613804558597,5,0
0.00011817702582422842,69.8443737748938,3,756583.84896
0.00038251635457128803,69.11913120429641,5,0
0.00040290308290341127,65.85259450550448,5,0
0.024247444856355,27.265770784066504,2,3125950.33476
0.12803083816299077,9.939198580456923,4,9128000.0
4.115576170344728e-05,66.97206322086883,5,0
0.0034393666619262947,25.756731718070903,2,3936000.0
5.150867872491842e-05,66.09890041803385,5,0
0.04126876430639687,17.797868441963786,2,2976000.0
6.414303777214309e-05,70.03311965104052,5,0
4.6925178954322066e-05,67.31794605171855,5,0
0.001547692394962464,66.53249185095339,3,806086.89624
0.011628056426875737,35.155849882537716,4,8670000.0
0.00023692758566261506,69.66049352683373,5,0
0.0005262515188839721,69.53804561635847,5,0
0.028734012793133975,17.750745992209655,2,5212000.0
0.0001589134592584036,65.5949312944478,5,0
9.560720512166425e-05,67.90148532777049,5,0
0.00046432565121779716,65.6865779634059,5,0
0.00011548729072112302,67.10614047424154,5,0
0.00019953164477340253,67.91432862738546,5,0
7.845229594753799e-05,65.92951609984819,5,0
0.13783592644080325,8.510011431278317,3,5554000.0
0.00017091939653920813,67.29803591337105,5,0
0.03548183081951605,25.01776278053691,3,1402000.0
0.00017475878387786272,70.48283651838946,5,0
0.0008114938947905374,65.00772543492674,5,0
0.0003283855178139756,61.98932969205514,5,0
0.0006588787481744605,67.38184799263901,4,9060581.04342
0.00042015068953711935,70.03025578149648,5,0
0.001405373415492494,25.351759234097297,2,7866000.0
0.00030497720322136536,69.77955245709671,5,0
0.00034680182596475833,65.65915884068745,5,0
0.00014866575010661674,67.23550992118912,5,0
0.00031206206718248445,66.52202121706621,5,0
0.07822417827332769,16.330859274893648,3,3487151.29043
0.00015580792209586212,68.2607113107784,5,0
7.133967522145463e-05,67.74416178180637,5,0
0.0003379084379968633,73.27161646078316,4,5439594.30367
0.004055874839533215,45.22825908967616,3,8370000.0
