0.022896973260539705,17.65304336951881,3,802000.0
0.00539746662995025,27.893078905571574,3,2416000.0
0.06240278858371122,9.57012057238103,2,3198000.0
0.08924362870040198,7.460520567394581,5,814392.39601
0.025127136249343644,4.26061420988883,5,3438000.0
0.042707059662076156,16.495249780703556,4,3874000.0
0.008696337256108966,29.863876973402203,4,2346000.0
0.6085452496066043,1.7283631149666498,4,676000.0
0.005947932607992519,3.195381366409086,4,1414000.0
0.011645372281501157,12.70916323386434,2,2514000.0
0.05532604995191177,12.12551748361532,4,918000.0
0.009716512363107785,13.454802089436797,3,526633.09118
0.025648144804720396,8.369630612215763,4,1148000.0
0.018307495101649692,18.683086686957363,4,3812000.0
0.02358850655888101,9.937107017060075,4,597546.97785
0.0024067162121830916,16.21387300637966,3,536864.8353
0.010727290062356662,18.183987354678905,2,926000.0
0.021636221011656426,16.001977817761304,3,659400.23532
0.04516634191043528,11.895503639242719,4,4606000.0
0.0928798796291651,10.657381914800835,4,1490000.0
0.5571088858452968,2.1012488398099056,6,0
0.0016923908964865978,35.79101916821341,4,528145.82472
0.17697657759072058,5.9328219967491265,4,1534000.0
0.27156622058928825,5.08227509020892,3,752000.0
0.007543705117285285,5.800775708198205,6,0
0.0011579124766662664,38.06664567715724,5,568898.52748
0.0023117565634048686,3.3117214631338117,4,545638.7388
0.0623645537148586,6.794382841836957,5,2106000.0
0.00022057575879928914,31.49189165986892,4,548917.9043
0.017450023042451957,40.06698143450667,2,615718.27317
0.30152664269356777,4.683128493830855,4,724663.5194
0.6265123470986668,1.8574381563763835,4,1626000.0
0.6959580160855703,1.5281790369135275,4,1414000.0
0.07737762591821662,9.866023749825928,3,881999.9
0.014655237100357453,24.349043717940788,5,716000.0
0.022556817531960812,14.957565273047326,4,1056000.0
0.0811814592285883,7.569658286088269,3,568089.93349
0.03403292508930677,14.86071902789817,3,554273.12371
0.05597334096894447,12.799956259354603,3,1292000.0
0.01982425386237239,15.423499449835882,3,920000.0
0.009390124455710578,15.986034316610876,3,633067.61472
0.021991134911732085,20.566739675794246,3,2852000.0
0.0035205270124684255,2.007293733772838,3,524661.39069
0.014433526503807264,14.479612159130358,2,565356.00469
0.012520338663763682,12.082506493403727,3,856233.58072
0.12447926845531844,6.273450683798012,2,2552523.63195
0.20310592488140017,5.202275457320297,3,1858000.0
0.013500257046043955,5.358557232735222,5,636000.0
0.030590986205016088,17.29959924029989,3,3614000.0
0.023514707417355302,15.793206548221058,4,1566000.0
0.02911609564524866,11.64991661441023,3,822000.0
0.13600305752124897,7.0423241653341915,3,1564000.0
0.2671968467203111,4.4969887539616495,5,3998000.0
0.053784153465043526,13.169588217094402,3,553860.34899
0.07720285775722882,9.923302557941888,3,2998000.0
0.018769705576458535,21.949253020426763,5,648000.0
0.009145518776120373,21.031058089468356,3,936000.0
0.03010411572353994,10.705633553644462,2,640000.0
0.0442228336259054,19.097089493968262,3,1364000.0
0.0022396854971988805,5.808287687537455,5,588982.12741
0.05826143890885744,14.282227088864166,4,5540000.0
0.011461477488739925,18.105092872718426,2,2462000.0
0.032496269398294614,18.054539136560784,5,1006000.0
0.0708803077694241,12.48900826109525,4,2070000.0
0.009882412075990643,9.09602225110106,3,1160000.0
0.03127211124141589,9.385985517389969,4,6076000.0
0.1439185643413631,6.641126833194563,4,996000.0
0.017737846626896786,16.050416669764704,4,960000.0
0.5179363220957948,2.5120897583732527,4,5602000.0
0.013614199406167102,24.840924021000394,5,746000.0
0.08550563123896684,10.892717889613266,3,1244000.0
0.19319588196199253,5.2613576591028925,3,4623999.9
0.007880392725298056,25.204938718228554,2,836000.0
0.3982900232776465,3.6840149591180027,4,1530000.0
0.020970218767891603,10.60648982440138,3,936000.0
0.0006660595029587969,38.90301458534501,5,539983.48108
0.036309729778593355,21.525041657559562,3,1644610.22127
0.06852950409131563,7.944254074721269,4,1646000.0
0.01800100187399621,15.486873175693606,2,912000.0
0.007277582336650832,32.142787992409886,4,1090000.0
0.011913474382068296,14.161406422347389,3,732177.05656
0.036081127574442456,14.134466049306084,5,906000.0
0.14294008024443583,7.992507469935331,4,1498000.0
0.10176640708741828,7.348461167039107,3,3624000.0
0.04337317335539024,19.195859779639537,4,527564.88229
0.01123710878099619,3.2176149819958275,4,528711.34513
0.018268383573945373,6.339194866575387,4,560996.21847
0.01995419466035965,4.437908288146308,5,2330000.0
0.03498453144412358,12.272293532958347,4,4068000.0
0.005544736165280175,18.98880865661216,3,760000.0
0.046753419240217156,15.019553069767737,4,3029999.9
0.22712394154154514,2.633554852555269,5,1804000.0
0.0006422944017083222,32.49856628684336,5,694000.0
0.0032277620973952823,34.71652887048668,4,884909.41087
0.03248795920833593,6.31378247560294,4,789251.66984
0.41767448282348735,3.5877053574251985,4,714281.66007
0.020000945447376482,20.123898247240554,3,880207.83895
0.00031080912917843596,39.09228384083016,5,655275.73792
0.14219333123263583,7.294136162629312,4,1316000.0
0.16781972746431978,7.463358669846154,4,1084000.0
0.06644905441832691,11.93505619844695,5,4302000.0
0.02121432164225,9.057162882328145,4,912000.0
0.022402356293617132,11.954460348019552,3,2268000.0
0.09721126848670031,8.902171673159787,3,2742000.0
0.01759045702495425,22.807521207736368,3,1914000.0
0.04914078379177956,8.722510994413721,3,526112.70596
0.41992193480522405,2.9344826609126473,4,1486000.0
0.3575541480614074,3.238636190088618,6,0
0.00843971438691496,24.717695451620852,2,1018000.0
0.8191567140949173,1.6283819931631387,4,3190000.0
0.03197476103396408,14.332453601366854,4,1548000.0
0.005229592015842324,24.183013108097303,4,564000.0
0.012132339881961435,20.72564833894568,3,588000.0
0.0004840251145235569,34.254539000583094,4,562731.09516
0.03429216800383855,7.9918933525850235,3,6234000.0
0.040647288909614394,5.496285999751695,5,4474000.0
0.019020573876361375,16.610056771689415,3,3968000.0
0.0018846780505609889,14.075886928037606,4,537435.55786
0.05806689723556621,7.0404887973881545,5,788000.0
0.0015072032042151313,27.010507512863214,4,1902000.0
0.011256196174256963,10.694823479080751,3,633799.88467
0.003001254658982572,18.625657466655195,2,1082000.0
0.0031862088251511343,16.013347315343676,3,572296.0253
0.5426273693628365,2.270049838658457,4,668000.0
0.009851398655177507,19.39767209281574,3,1034000.0
0.2196296925792584,5.646961937241632,4,798000.0
0.029664653654635477,22.940618457059546,4,787620.48041
0.047975977920868794,3.804716886377327,5,3538000.0
0.06186375873059786,5.655913444087943,5,748000.0
0.08124824243086486,9.308706500533953,4,781792.25088
0.015159892872115626,27.540115252247567,4,672000.0
0.014572694020565047,6.787713289391968,4,1362000.0
0.01346031112342792,5.4105978472848495,4,2384000.0
0.483711650948601,3.05906401302864,4,1056000.0
0.06168069926519004,6.362816814073535,5,656441.88966
0.005996144517501939,4.819291155978559,5,4008000.0
0.007413691985598743,30.116651297390696,2,783621.80129
0.028355582875627578,16.556795443953053,3,5582000.0
0.008914147117352425,20.085657384605007,3,543430.80683
0.049999388436773456,11.335707698795595,4,2254000.0
0.025281210800978147,7.033639256176233,5,1968000.0
0.5800133559213632,2.1106020443725306,4,924000.0
0.5593454244847795,2.1805861151697545,4,1296000.0
0.0057761503237139964,4.486842952319464,4,1344000.0
0.26322559752117686,4.626152806345488,3,1190000.0
0.013944547845654146,8.20468546167949,4,1334000.0
0.0004822347849435904,40.34640656566158,5,7439541.51302
0.08229372755988658,8.871757778442825,4,535152.80853
0.08891988236710022,8.711156979129045,3,1080000.0
0.06076188347095913,12.983410526100343,4,652000.0
0.02463672963590714,9.75400347471096,4,2538000.0
0.7124718774980389,1.6424813870752129,5,3666000.0
0.014420787063835995,7.0442226074402114,5,1810000.0
0.018653538078634298,20.835221501237083,4,626000.0
0.02392267859077236,31.049710467726285,2,1096000.0
0.24449478118361404,4.45157445624552,4,1178000.0
0.12607969743139336,7.634830108064224,4,527858.68061
0.02086435934184333,25.158682641021663,2,1016000.0
0.04427108287996754,9.477016787065306,4,5256000.0
0.008751551719089985,31.306892199693763,5,546021.47442
0.04028080927023015,3.8941146468468526,4,5974000.0
0.0674162826535218,4.989291721298653,5,816000.0
0.008950848224965335,15.150403538804063,3,3688000.0
0.032499355614951334,14.806766676541201,2,1606000.0
0.0002786519846780761,39.565574468958225,6,0
0.011024171674145891,17.12804685164303,2,2038000.0
0.09082542245893047,7.513742452378404,5,564277.81062
0.060475649872485784,15.317073394066034,4,1540000.0
0.33978004382832566,3.2613627884192975,3,1526000.0
0.011585249877734372,18.159140571090358,3,860000.0
0.012759010449323076,13.819145511986282,3,926000.0
0.002987746568590609,2.2057172841988084,3,519116.51111
0.02401719838515708,13.740559720674693,4,4622000.0
0.03405043235635604,16.394280300570642,4,3650000.0
0.0022965728969231774,17.189532027000524,2,650000.0
0.04937930527084322,14.614454144488585,4,1586000.0
0.06880267145442018,11.241596557048755,4,2558000.0
0.00741720374976784,27.111533866691147,4,548808.09174
0.04518290240799689,15.340319655855206,3,2016000.0
0.00033297182886737143,38.2847366106336,5,1325282.53208
0.009096151859038457,21.300758086949696,3,2288000.0
0.011229255515812685,9.507280425007389,4,578000.0
0.05148466598034823,10.244161074753222,4,1118000.0
0.012432571264893357,12.498719787061654,3,3052000.0
6.497579033317974e-05,38.916263228999846,5,563585.05267
0.04817274091573393,11.22074638086335,3,934000.0
0.05246441047009076,4.519601920862533,6,0
0.02678346323039484,13.333968914093418,3,5170000.0
0.09095841392118985,11.533886878072362,4,534025.24659
0.05806013884860633,5.834009961283803,4,535389.43588
0.007044642856201398,26.096291299157432,3,1262000.0
0.017013392350881847,9.081613110458134,4,3388000.0
0.020173122399743337,10.171540367763267,3,2356000.0
0.1875371625535894,5.408657116242089,2,2714000.0
0.011046617297502144,17.2977034469679,3,1124000.0
0.2229271759230002,4.533430106943129,2,1252000.0
0.015878123847330373,4.415920539682076,6,0
0.010417805805085901,20.547052376100407,3,790000.0
0.008193542623191613,16.439890008651677,2,1135753.65237
0.2606422209305659,3.4531541881405063,6,0
0.04363634583179389,14.023385795046824,4,525941.9296
0.006517991621214442,14.162437115459978,4,3630000.0
0.007091380660962024,20.204706901879863,3,1268000.0
0.006924500150093602,21.74471955357405,4,859999.9
0.06641663637759763,10.296930161932824,4,914342.84342
0.012780964930995328,3.939866725780951,6,0
0.023065427222157917,20.226520938826503,4,1214000.0
0.027882228297753497,23.252526627345638,5,534184.75186
0.28727365302062485,4.739639225216111,5,3334000.0
0.02413172726096329,15.733857559610813,4,1532000.0
0.24065281678170933,4.721362977246688,4,4858000.0
0.20591392852808005,3.503212559927731,4,531193.82567
0.07502653305512869,10.304525690617062,4,1120000.0
0.004059920289318097,28.515256742365242,4,1842000.0
0.012549083226524831,26.652109782061977,3,530032.71117
0.00348885971667208,21.159723592948747,4,780000.0
0.011019906925158428,27.296379919164952,4,1950000.0
0.03231759109696905,18.78629424519186,3,1700000.0
0.017328050374085198,24.823644536697035,4,805999.54536
0.00018179060895076804,37.66452695546469,5,548695.83015
0.010506350712428439,17.033682091082103,3,3448000.0
0.018323250104740882,19.532304511696697,4,526286.71702
0.022506609996802745,11.905794371090291,3,825220.66328
0.026871424751602688,14.065689764249784,2,1478000.0
0.008787357327489288,16.195227936582196,3,2504000.0
0.07363668588485911,12.239122275004448,4,825828.01781
0.31751667598317485,4.098542267992476,4,1027636.70496
0.003476845386570989,22.959725048983206,4,517471.97257
0.018618886538985847,14.217233973577358,2,744000.0
0.27273492488756396,3.759044393202027,5,4732000.0
0.011693406806291514,3.1366478626223673,4,522886.46298
0.07327270823884932,13.065698908606075,4,5298000.0
0.49588762575841183,2.5043593715213026,5,6604000.0
0.10267759118457975,5.734192301037331,2,1528000.0
0.03193333879776528,16.009644966040618,4,537706.6159
0.024563721064871032,17.136727024920575,3,1336000.0
0.00024000934786380142,36.50868427079805,5,521009.97903
0.0056612949859247905,21.840806791063088,3,886000.0
0.018743342744855677,17.221855072228138,3,904000.0
0.03173489021999804,15.708118679698108,4,1714000.0
0.11964609649959193,8.694047798301078,3,3022000.0
0.006495009526521686,21.877951116780608,3,937385.57647
0.04756231268138941,13.426868813336833,4,618000.0
0.0006544198424862061,35.402237929675174,5,527800.47248
0.6642210954423393,2.0960998548169414,4,1216018.51831
0.04845176884270493,9.193034351897408,4,625205.53018
0.0062276275651527374,29.039238579476834,2,1388000.0
0.0332301240721779,6.216195600454153,5,7486000.0
0.0278339572178609,9.793151853986675,4,884000.0
0.10383689019975859,9.005579521933747,4,2142000.0
0.003456444253053942,24.052107987732374,3,723350.13893
0.017885244620576855,22.364042161761823,4,2018000.0
0.010929036415336319,22.555520095672097,4,2924000.0
0.030250053718252765,9.670677921309448,4,660662.2002
0.0968347638558513,9.879622972035484,3,932000.0
0.06049155457630549,14.594779857249227,5,9821768.80402
0.011128611523210796,19.97219259762547,3,3414000.0
0.21306642298018735,5.7164239918579245,3,1464000.0
0.01028460312625123,24.006644920114812,3,640000.0
0.07350866644816077,13.128442626819098,4,918000.0
0.01918941237535392,11.886174625967637,3,600459.4844
0.004462379741762932,39.152251493276715,2,714000.0
0.04078332772987866,3.4981853477532443,5,2160000.0
0.008446078842606963,21.939244165171992,4,1396000.0
0.7793070321550497,1.4006658584015659,5,718000.0
0.005266712277194197,16.975592182357676,3,529679.7268
0.05987863202030989,7.11623228910874,5,4728000.0
0.005161816729981004,23.62029327330619,4,1450000.0
0.01264271355454001,17.61240854578086,3,612000.0
0.0580470229308091,12.37834480828632,4,1360000.0
0.008078887174932091,14.907593767853541,2,1328000.0
0.1079593424141708,8.643589471187381,4,1620000.0
0.2002272988306602,4.82196003726402,2,1234000.0
0.08393255309884884,11.265567362689254,3,3674000.0
0.021879990684275458,3.3898161628155057,6,0
0.0005746400313645523,33.01779745823418,5,556923.38737
0.014372056257191963,11.746385424126837,2,1194000.0
0.010950196061018073,13.987265029273399,4,690000.0
0.011911121376113852,24.52201626252325,4,539233.67649
0.015510296381106976,24.71663314802442,4,1066000.0
0.010410831437422456,13.539067182402768,4,2076000.0
0.06516801519367145,10.020740683488384,4,549163.90111
0.021994806394208352,17.785932170565182,3,2010000.0
0.08677402465333833,10.187000210783218,4,529837.38842
0.09852366839033018,2.938553249704703,6,0
0.02334719802407097,8.796381451794524,4,1404000.0
0.011757669993921006,21.724976752823018,3,1884000.0
0.0015311152673374811,7.318929496158894,4,548090.26611
0.02679199977310783,16.756809148830847,3,1383999.9
0.026498268757071963,5.884776205595671,4,535537.7023
0.016580920840985,13.342410971052846,3,709665.13353
0.016997592350050873,5.018883159780315,5,7636000.0
0.036256892083545635,14.993432595855479,3,864000.0
0.059394159482059394,8.71469623550705,4,1572000.0
0.06795153961876374,10.801580085611812,4,916000.0
0.04666504178985044,14.38568940375851,5,585033.34569
0.061493254439831224,11.257630002295718,4,3910000.0
0.04033105065028191,14.824421834135338,4,1008000.0
0.00011592338757775329,36.059889367224045,5,559965.56447
0.19032792620032518,6.573257585849695,4,998000.0
0.009336457180678211,17.898871014122687,3,613361.3752
0.022240766926065032,4.355676175657427,4,1290000.0
0.0005113765362287676,38.92234702818781,4,561551.53664
0.05662201913728551,8.66659511697201,2,3516000.0
0.0022777835166433277,11.607044407540249,5,552430.8503
0.0006165254926270772,35.24706010227014,5,531109.35131
0.032933981049575976,6.588250807727519,6,0
0.060170196667731476,12.84836125869395,4,7010000.0
0.11329679629858358,7.878539119985966,4,3650000.0
0.00472591164202055,24.884228909648915,4,812000.0
0.029284217534568092,12.298356062134564,3,794000.0
0.007275492277951269,6.016461618616977,4,529521.8639
0.0437562334107334,14.789741672100583,4,1666000.0
0.009805742916953068,3.4914754314456884,4,782000.0
0.07932208300692327,8.557375001098853,4,548079.85522
0.016946357666214166,12.685554843364326,4,948000.0
0.10528645749770046,6.547107012292519,4,1088000.0
0.38960541018866807,3.223401287131046,4,2734000.0
0.011772317710769333,24.111609220230715,3,718841.22281
0.021188817858718352,18.47121301443841,3,1582000.0
0.0007073582981464442,36.500089299041946,5,677794.63797
0.05193105534762483,10.956756239401594,3,1520000.0
0.008794234823772059,4.558900786403892,4,2270000.0
0.15919446335142956,7.764393142592734,3,1062000.0
0.10848416144410279,9.82843863852114,4,554000.0
0.01840101851569531,18.849361415229982,3,584602.34851
0.6439912767447666,1.8262178748717017,5,1192000.0
0.028537340061201455,17.18055146220417,4,1258000.0
0.018331603338872734,9.510649237187387,3,2100000.0
0.08100309463086502,3.8914901675697307,5,597626.33555
0.029033714244787807,20.729991842954078,4,579472.33093
0.14709629931739132,6.426689940704925,2,918000.0
0.037207393634938676,14.408615247142984,4,537674.00623
0.249141966370912,5.043290353743991,5,800000.0
0.09135243484100039,11.173507140130754,4,3657999.9
0.0024238409501709636,26.938506318732735,4,650000.0
0.010046947844519578,23.172593003872183,3,2345546.37932
0.007540901910593518,26.201792292144074,4,561344.42881
0.05468219260931531,11.89440302758598,4,5190000.0
0.04058011531566799,12.885688713341505,4,5046000.0
0.0073504944914262104,31.31929196519827,4,575234.23468
0.013130391143286516,2.4830989044150087,4,532078.01772
0.298203065824628,4.7972326502076434,3,842000.0
0.000776812424229673,37.424662291442196,6,0
0.10329713455430228,5.265833727104393,2,1316000.0
0.009543458658179607,28.68434568831654,4,2268987.50974
0.03840317865709065,17.690799830884906,3,4158000.0
0.009694514647916964,19.732278506889337,3,564348.16658
0.5013875287823306,2.144569092896938,5,8342000.0
0.02906999212703914,21.838922179659708,4,1274000.0
0.008953508628245012,19.33438773024449,3,756000.0
0.004720614838845072,19.500724362686054,2,840000.0
0.030123611881250234,14.856684656706976,3,970000.0
0.0012904993564751997,2.2779208541898672,3,542833.46662
0.2405194110740724,5.250918051032772,6,0
0.025488788034993833,12.09175476598668,3,556845.31091
0.021702312721077543,23.858721341522386,4,1254000.0
0.059992947789486835,12.50841166973423,3,1782000.0
0.022521741521959703,15.340986336499363,2,1470000.0
0.22756429234006662,5.587522973102183,4,1166000.0
0.003809347224812487,21.726246875702483,3,1056000.0
0.008297498146306063,21.393709022126956,3,3046000.0
0.010081103027124639,16.681339174386903,2,540183.71773
0.0192805237668368,18.26788902277787,3,3372000.0
0.011828784907188314,18.77633184117565,3,604000.0
0.06437394929978645,9.565862808994297,4,650000.0
0.6596804871021261,1.8249931978351943,6,0
0.3407357528040848,3.0801797692036277,4,6556000.0
0.03053359868529575,14.444160291103522,4,1054000.0
0.09577391379820903,10.796145292264937,4,553604.24328
0.03785257118624088,14.687118483882674,4,1220000.0
0.043247204669410254,15.928913140725152,4,1060000.0
0.06514428552965026,8.888686523700416,4,1598000.0
0.018751451952066324,17.408074145113407,4,3952000.0
0.5017525038613814,2.1577989905729242,5,814000.0
0.07957351845373509,13.181541259003733,4,3016000.0
0.12327733573180039,7.05079026557907,4,2074000.0
0.03162728784888412,9.11177855322505,4,2896000.0
0.013369629746937273,3.8541137313732294,4,537417.23755
0.0524261884619945,8.712534811483986,2,2454000.0
0.6420291107632778,1.9164454560897266,5,5366000.0
0.007805918287003479,30.70811370250021,3,940000.0
0.05472860671642247,15.281434353065324,2,1028000.0
0.2068253092385069,6.093504868370076,4,3168000.0
0.02875959117781666,13.992691637920274,4,658253.23316
0.021938848902748113,26.8548337382686,3,3114000.0
0.007608352102152162,4.424915336475733,5,548949.92755
0.00781537528467451,27.909495044103924,3,868000.0
0.11317726424538481,5.945035680833121,5,1854000.0
0.4023390274009874,3.240817112887178,4,1162000.0
0.1456339664992037,5.669190181749018,5,4504000.0
0.00825133278499983,16.86000425015713,4,780000.0
0.008416717319158166,21.11795472693478,4,1520000.0
0.011707844760340112,23.67771761232573,4,564000.0
0.002399934873319128,11.182413822477178,3,583671.49011
0.01493124021866634,23.96204668587678,4,960000.0
0.014179626827022687,19.750537886328694,4,848000.0
0.3078355653444194,4.222724535165692,5,1462000.0
0.017324480954162027,3.2200638118661584,3,1628000.0
0.18311386126056728,4.82857503930901,6,0
0.06658453661838712,8.935551072908735,3,611046.59167
0.020668132484890644,16.178095525555136,4,660000.0
0.01300849164631735,17.454659333117903,3,1316000.0
0.017417937593156897,12.229365217229397,3,1752102.20172
0.01834628986492656,16.574609740778634,3,2992000.0
0.0033625522319569554,4.138242479960203,5,1404000.0
0.019468487187256436,18.705374001454686,4,1664000.0
0.19934368038620986,6.378172303807023,4,563038.57365
0.05369010355667896,3.521239024585928,5,4932000.0
0.03594564833813615,2.907839039522943,5,8309999.9
0.01859252747740283,27.22331772218781,3,1187878.35676
0.026610065658146415,22.883197701389545,4,1788000.0
0.04018122977304275,12.415517427697345,4,1182000.0
0.017455253732794142,21.959202165896578,3,1006000.0
0.03101810861299713,16.92422456031874,4,1472000.0
0.4859492907525906,2.9834538618063045,4,1224000.0
0.007354343009611707,26.607525287882222,3,559400.19607
0.4612625615736223,3.1266246355771523,4,579173.22712
0.015893996371911457,14.069590658386039,4,1210000.0
0.11962571931183394,6.1564261693644005,4,726000.0
0.7638929707081524,1.104879701038023,5,1310000.0
0.1333658161261963,6.459453988534983,4,806000.0
0.6296082367824649,2.183237825655246,4,544446.23915
0.06565996190542718,7.551844171240424,5,3984000.0
0.016456081225931445,5.544715726555122,5,7498000.0
0.004768439146207757,26.31747941106808,4,678000.0
0.0016980915003878855,3.07122916984742,4,536877.03117
0.03975758270339946,14.40210869696669,4,3664000.0
0.005133726004330572,6.3018771722314835,3,517316.14232
0.027834349364461216,18.272140989876515,4,2090000.0
0.6645438057149213,2.090742865575919,4,848000.0
0.1101268562368824,8.714743314015827,3,750000.0
0.004658351599000845,22.190769040367524,3,2034000.0
0.02346773373728228,22.907517855437572,3,1752000.0
0.0050451966518488415,2.930838741283818,4,1108000.0
0.004992764343894633,8.341924725123617,4,1282000.0
0.010028421135851149,23.14082995189203,2,2714000.0
0.19495688327440294,4.605673170785836,5,2682000.0
0.007814723000620616,18.8811262429183,3,846000.0
0.024687703231870316,19.590696519716555,3,545760.97391
0.012312671875707277,25.704201203939153,4,4136000.0
0.4310966249966777,1.6608110734596007,6,0
0.09703331957644715,7.453637371098207,5,567502.57637
0.048674632798885904,15.571330796479549,3,2152000.0
0.018269808117513407,18.089076842191854,3,552000.0
0.05230507544210169,4.673376353888983,6,0
0.7706976785894035,1.5086972149090185,4,1558000.0
0.018497522613981878,5.34722072156501,5,612000.0
0.006376408486568779,19.396829835943542,3,559248.4869
0.029418230897840424,15.208500243424425,4,2236000.0
0.10678095880272394,9.507183634232197,5,2648000.0
0.15609531730195653,4.416190435803167,4,983999.9
0.0839446048186377,10.8765101890119,4,1380000.0
0.009022604147598302,21.44245634056293,3,552798.38235
0.025572610051990595,20.63683492985637,3,3798000.0
0.3460995159655983,4.0143462531497445,4,682565.63393
0.009688945022052845,22.699646663354113,2,1288000.0
0.0800147296952842,6.307493276939231,4,580979.80886
0.04751092450519125,14.931096294824219,3,1504905.12304
0.16323405721720247,7.734773947328172,3,1382000.0
0.009481759946307271,23.04949253893364,4,786000.0
0.10634601244762922,9.344991832204828,3,720000.0
0.024305311311384907,16.64654499412794,4,536015.69558
0.02647817723768338,11.86179858328047,2,2422000.0
0.13527615409338886,7.465172197484123,3,2210000.0
0.03198623836381081,6.606765000873134,4,1498000.0
0.11237064829993207,9.903278445881137,4,9399909.1238
0.07834610023846346,11.552107969470265,3,2094000.0
0.053413645150759644,9.362839834129694,5,5624000.0
0.012645714196948573,7.486146939587941,5,617130.1871
0.05175936169819109,15.051405993523499,5,756000.0
0.011286442973758158,21.086737729478408,2,1342298.65882
0.08210422111802589,8.712613623121843,3,1228000.0
0.23054047173973147,4.276942483774752,3,1350000.0
0.0321786530177406,8.414499168375109,4,530802.10448
0.007406445705871553,23.302657202544474,3,1332000.0
0.0007944435149869369,36.93281751961758,5,522201.03649
0.024933491046900524,9.032701128685192,3,2909007.75989
0.011722969556873885,30.793014414362016,3,914000.0
0.0027885563701235696,16.788745050195175,3,1368000.0
0.0075436381651271716,18.303013432376208,4,546731.83865
0.012890399014656669,31.3642381499565,3,1666000.0
0.04574652023280138,17.224247748099952,5,8072000.0
0.006099150926343276,10.05773568009967,3,1782000.0
0.0058866733955931,21.45134477534239,3,546029.67276
0.019073958557202668,12.905284511278676,2,866000.0
0.015190258823451605,17.69001746230117,3,652000.0
0.006000052844958855,12.94720140171375,3,553450.17267
0.0402075750904987,2.8188515324051866,6,0
0.7196862861212752,1.9313951705091847,4,554741.60437
0.01219166589595765,13.728251767810363,2,2114000.0
0.06954293087152601,13.446488659692962,5,872000.0
0.01759718453122411,12.033429556822213,3,1692000.0
0.007944734527494193,27.934032670474178,4,1312000.0
0.008767536726618083,31.447067129536176,3,786000.0
0.03478738480493538,11.42265097719785,2,3766000.0
0.08816114674434672,7.909023582828913,2,1024000.0
0.034733155136502894,18.08290987603763,4,1804000.0
0.007321457118216876,27.905585080222547,4,614358.08878
0.01567837452836277,20.684183418320405,3,592000.0
0.056705106439137565,13.107731817810661,4,828000.0
0.006946896617096642,16.452271394748287,3,1570000.0
0.14177475498941675,8.86472020783405,4,721373.9824
0.05279589102554108,8.826704940266318,4,2368000.0
0.002822033379889777,9.636030417426877,4,581781.40051
0.08580940987774073,9.960742944940154,3,3036000.0
0.014822677092403683,19.305924058461922,4,4016000.0
0.12664244079239365,5.8391788092916235,6,0
0.005581357529010514,34.33042010467946,4,522525.71405
0.0060017909269726305,23.043260418470137,3,774000.0
0.2330713394565056,4.685433655206403,3,1034000.0
0.15617393836379004,7.838173149975848,3,2148000.0
0.011312199124186791,27.414090394983766,4,775839.45369
0.0531124553720242,11.105343130442435,3,1314000.0
0.014769706545828636,15.56667881612908,3,778618.08972
0.12608131569022774,9.10286369444785,3,2064000.0
0.006359205463217698,26.99084520301294,3,931796.97887
0.32939859945160177,2.700183359751989,5,622633.7153
0.011534916841610962,3.0890204132766943,5,536030.74435
0.0004712619356033754,36.372831599383495,4,521287.61286
0.03233280858683955,21.18170730976439,4,646103.20266
0.04085851613638557,9.203633771767375,4,3284000.0
0.1017886020757284,9.834894520769103,4,674000.0
0.06560785274029675,9.922150134768534,4,569728.80618
0.4367257734935808,3.2725625197191115,4,2420000.0
0.22425461989135773,5.2924954225172955,3,1136000.0
0.04880978285852981,15.178433951617631,4,960000.0
0.01857027060407719,16.856911590997047,4,4670000.0
0.529611591121617,2.7034614852101604,3,1946000.0
0.000427884465462545,38.83913203548688,5,522391.13122
0.1450305780977889,8.193912775194546,4,700000.0
0.1582398032060586,7.136635192959919,4,740000.0
0.015634576436172,20.149610745014936,2,1318000.0
0.056260102484556304,12.306421053798953,4,3322000.0
0.25900084090308245,4.798692645528241,5,624000.0
0.0183037538270416,26.500352689172182,4,910000.0
0.02514589026963725,15.135796526355971,3,546790.53177
0.017737063109485068,7.573240517955337,4,638000.0
0.017533265120423858,13.284535877566148,4,566794.79273
0.45474957851765135,2.9289780416514413,4,3536000.0
0.010426125817843874,20.1873007123245,3,1396000.0
0.06842680506211893,8.858705966752511,3,1378000.0
0.26809180080275113,3.644087525562909,2,2390000.0
0.00017031480621214058,38.26683658275736,5,527731.32836
0.1540029346368253,7.35753180838646,3,1896000.0
0.005812115881765012,4.226396237045141,4,1156000.0
0.00038924394542801566,27.278551188497627,4,525170.49456
0.0340477541261126,11.393819997838644,5,2624000.0
0.0007619481640550089,16.650211070123312,4,525277.27043
0.024775305172644566,15.753908019754999,4,2316000.0
0.12278975028594266,8.713928673695982,4,3474000.0
0.0069735651321265555,15.354841136361634,2,650000.0
0.16690453596472912,6.518656105726394,5,652000.0
0.013799102215808231,16.975835121024225,4,890000.0
0.017931254668684626,24.999781286307048,3,1730000.0
0.014579294151666172,21.136350820278984,3,682000.0
0.00012968675450459683,34.2725302798885,5,518239.69094
0.011840091736507574,3.8577025222121937,5,4202000.0
0.021423535195944175,15.419145625163777,3,592009.38071
0.008226797614720118,18.019343294492703,3,2090000.0
0.03715775091412578,18.647608747320913,4,1266000.0
0.0007743737086389567,36.92127185470933,5,542401.97612
0.023129290534447393,13.741116086518998,4,1148000.0
0.027799253443970533,11.774824553777135,4,638471.03951
0.1366134938507158,5.7715737425610865,5,1058000.0
0.0056006289172293566,22.110810693132965,3,912000.0
0.028475388791722726,32.49201227476826,2,1420000.0
0.019355536401202283,20.912267836779616,3,2922000.0
0.162920873260852,2.6594056925730003,5,1242000.0
0.1416211941541578,7.805920938398615,5,2056000.0
0.6531677496291318,1.7774940945854034,4,2666000.0
0.025595659487926345,19.83461307184763,4,1078000.0
0.543448584862829,2.547277253725433,5,3466000.0
0.12986005982264426,4.058688640800508,6,0
0.30441002737374473,3.613017369807227,4,2340000.0
0.19716721782631674,6.077038983836808,5,906000.0
0.00038019614600130465,38.29601639526193,5,569207.94645
0.015546162080106568,14.41009344257,3,567036.81766
0.00813839965312424,13.810017811546823,2,524000.0
0.021622193191480555,12.195022751027897,3,584523.0634
0.0340575063268289,12.05318877051259,3,1212000.0
0.012330215752038156,3.165080941483453,5,3718000.0
0.014027633369865752,5.126965517976895,4,1436000.0
0.05992689033008222,9.638976733349786,4,564532.74591
0.038817091005567184,2.458214149407076,4,524078.03871
0.019185781218807374,18.552184249909875,4,862000.0
0.13434449270172807,7.047138391763798,4,1318000.0
0.10821432967068645,6.554801043888934,4,5082000.0
0.0003241594854365041,38.074079596261406,5,1004287.5099
0.21708961318052586,6.011369705513307,4,1203911.98071
0.023115276846081112,20.638846947229432,4,876000.0
0.002702457904602715,8.36504138765102,4,856000.0
0.4184323073280846,3.4367977730288923,5,584000.0
0.09960611784133651,9.5826553165331,4,844000.0
0.07477970742221003,3.3377942595281804,6,0
0.010023919868686832,20.13175845172323,3,816732.31297
0.18518598958566748,7.017256686816732,3,1444000.0
0.003999513686043195,25.27689067976137,3,1012325.53595
0.09483479972047001,1.9357861209893035,4,519555.91134
0.038354667249806955,11.776016783820161,4,884000.0
0.15712428711837909,2.9089240928609055,4,919285.39334
0.10424025224325316,10.74772435861816,3,866000.0
0.00023499235628627625,38.60365488264,5,537309.22699
0.4821638787401014,3.091487087730023,4,527196.12169
0.025119419717793575,14.574894154489197,5,5386000.0
0.11414269690142033,4.844871219420309,5,2970000.0
0.008337790630243718,23.387769172853943,4,2992000.0
0.1350673131947959,6.59984632062521,5,2306000.0
0.0017981876137209932,14.179839165921011,2,866000.0
0.47179130832185273,2.581055292199973,5,4600000.0
0.03145053787560468,10.290098765697952,5,5832000.0
0.20326183022509384,5.687431811108954,4,1930000.0
0.00809067324888018,2.536729416108192,5,1846000.0
0.08620645466806075,5.992225281902181,4,3652000.0
0.021897295111504785,24.799827683463455,3,555097.12014
0.755693781028292,0.824105606368712,3,1972000.0
0.02702817513067634,14.269003178997808,2,649994.63638
0.021737929245991397,15.383028519724261,3,2438000.0
0.007214682538788052,25.795310115934377,4,520668.64281
0.056231376406280294,11.784711406746466,3,1364000.0
0.09401802153815707,10.279958018755668,4,954000.0
0.0027493388577170663,16.66220112053035,2,1742000.0
0.010997574033375231,25.628284253925628,4,2132374.7773
0.023276076869741678,10.699581918070784,3,778000.0
0.4555249763861954,2.980530422273344,4,570090.0823
0.024452842748901922,7.12538540073177,4,2264000.0
0.02388286760190466,9.99760450365143,3,2665133.74628
0.015807061094079776,15.513347137087969,3,726000.0
0.32906810965961636,2.72196286180934,6,0
0.25704724977565935,4.2754357866809825,6,0
0.019240913977225948,7.875275133779693,5,922000.0
0.01531907310449839,26.358671387042552,3,1108114.71791
0.022054270749621883,15.567014878993803,4,814000.0
0.0009115391904430421,2.3878691551380693,5,553744.37027
0.0004062336038522267,38.621416002063775,5,597245.78614
0.06548929698320917,10.422732804903363,2,2666000.0
0.1704549392358325,5.707905489312629,3,531772.53193
0.09876082276961584,6.428094643210989,3,745680.40539
0.002348650961657707,26.747386019003077,4,615551.52378
0.007606381216307386,6.808673187764396,5,1186000.0
0.042252870072902064,11.486420355489289,5,1966000.0
0.7354915868241478,1.6351961136226436,3,2152000.0
0.017457820531798143,5.223313464085984,5,1568000.0
0.0027240465109339197,2.757164124896343,3,569867.38988
0.3114930094195093,3.963200626952854,3,1588000.0
0.043879027474883044,12.740067638202351,4,2104000.0
0.010861394079133821,11.820721112562651,2,1428000.0
0.04342934640645405,16.338189679727204,3,2257999.9
0.008077969270327945,19.034656052371925,3,2272000.0
0.1467482320294099,7.174901245213367,4,958000.0
0.014296888532238601,6.573227986784871,4,568317.22835
0.06980440912016755,10.420268209288558,4,5044000.0
0.0343434464310571,19.278559516786128,4,1527210.25002
0.6801088443660511,1.696103136657078,5,2464000.0
0.08712865844552459,8.953394230211105,5,5048000.0
0.015642709086798472,26.555159872113936,5,1186000.0
0.006776448391541045,24.076577426334254,4,816000.0
0.04131039670578242,12.88266938609197,4,842000.0
0.016548683075661885,20.159586938553208,4,756000.0
0.006558063594813619,20.158693320458244,3,822931.36521
0.014035133207461657,21.254405871669526,3,932000.0
0.0861068524686348,10.460682899651417,4,1882000.0
0.19167923411412416,4.870273986044458,3,1216000.0
0.0381123313891516,12.36555310116555,4,3382000.0
0.030118494605964292,17.772583399164546,4,2312000.0
0.030769445685302925,4.299461650657808,5,563726.90231
0.057721290900700155,8.97183588467074,2,3214000.0
0.5010141680108328,2.753465360754536,5,4174000.0
0.00826092966593405,4.460376446064911,5,976000.0
0.02205659146736694,13.61584728393352,2,648454.74935
0.05478652708858163,15.810413928907904,4,836487.22336
0.014443915987206592,12.927337457955927,3,770000.0
0.004459895557000694,15.813755732203806,3,938000.0
0.03454845003378289,14.60365315191447,3,1180000.0
0.01361383167135114,4.747956775987552,5,904000.0
0.029117046613021915,15.580797653359644,3,940000.0
0.009585663690609637,24.920406981479214,3,1218000.0
0.042858945864450555,9.221414212022514,3,4696000.0
0.04598571728506466,6.060994382378341,5,2642000.0
0.04581014605587584,10.10666081802572,4,2596000.0
0.03878090224102829,13.90911182211482,3,890000.0
0.009605916565726843,5.95362260087792,4,542283.75563
0.021501162099106047,19.84713403415335,3,729561.24513
0.41389560781536777,3.286328208464951,4,2114000.0
0.008654779329254193,18.11028335019805,2,1636000.0
0.013801118916306579,13.978738653558981,3,564368.74031
0.0693858644400116,10.092818279109684,5,6244000.0
0.011363372636757484,13.06877077143058,3,956000.0
0.05535611444696922,11.10494744804696,4,896000.0
0.5101372240822252,2.2729787390585727,5,547005.79412
0.011284146913840049,22.315260831658037,4,1672000.0
0.15680304849045776,4.525142045485658,5,4330000.0
0.030976909102998575,14.827731013193642,2,1186000.0
0.16786383639900834,6.214958532187497,5,2740557.58342
0.016914231129825437,20.54318473430623,3,780000.0
0.2292600653954535,5.0791661983136756,4,536297.53917
0.3930509660502994,3.123434186521823,5,3518000.0
0.15471826256401439,6.018066507620797,5,521128.98061
0.018705877496116335,11.66035011987767,3,811119.41657
0.0002802895238303931,39.125767583691534,6,0
0.051189199117413195,10.021848974981184,4,2110000.0
0.07932229679738358,9.562505760281319,5,7732000.0
0.01598564661886324,9.645983960374744,5,916000.0
0.24124225422939174,4.704791785014443,3,4396000.0
0.04733286161575703,8.822810612760337,3,1258000.0
0.02822522154295965,7.93352628414269,5,3042000.0
0.1431572355757229,2.909507084013152,5,523752.11689
0.0006161054306069453,40.06621627936716,5,900747.06489
0.012206146996730617,18.556771770072967,3,3964000.0
0.030777705486719088,15.848434722762471,3,1346000.0
0.03622810050706936,6.390144309733824,5,618000.0
0.2117288748040862,5.035253199479765,2,2986000.0
4.8680539608554774e-05,39.3669220256515,5,522583.5082
0.033064968976981184,11.656699545833286,4,1068976.27649
0.0302917353007133,10.041335213348885,4,604000.0
0.1027954658542977,10.141872125797804,3,567687.92178
0.008987512024944161,11.011697566892744,3,1958000.0
0.00856880098693275,15.594573843636685,3,2128000.0
0.08888181180574471,9.682948969426398,4,2902000.0
0.008643095659114062,14.66659905993638,3,531266.08046
0.023776341307469,4.553380434623778,5,565885.18524
0.02814135636687549,10.44304103171003,4,1666000.0
0.0027765871552839433,6.043985660711214,5,568459.63954
0.0949962340436192,8.950238715003506,4,712000.0
0.6823693326251868,1.7957485081830167,4,1616000.0
0.007952104831745398,13.040592564998583,3,563228.57987
0.10216118975887191,8.215532669642458,4,2502000.0
0.0035708560651700277,12.331750351048393,3,860000.0
0.002185252405695062,3.311805261333928,5,540925.38319
0.2500984539798992,2.680363536104987,4,515813.542
0.01696782257020648,16.64115746705114,3,3118000.0
0.06572482240244434,11.480052785678227,4,571473.31167
0.009130712758573392,20.603043303911086,3,904000.0
0.4447850165454866,2.891845525242123,5,1528000.0
0.07507108781891492,11.194223986944808,4,3554629.20855
0.19756541135456715,5.661048591414895,3,740000.0
0.012602555454381993,15.381625816085664,3,562042.82479
0.0507189561993821,17.32583655072573,4,2124000.0
0.02291776743591142,17.291468747693084,4,5702000.0
0.005484968203564267,13.323177694791667,3,946000.0
0.018262247731642325,14.104617367428764,4,575211.5687
0.06868711582440469,12.474629151606898,4,1044000.0
0.008948593964286568,4.834007546220088,5,589740.91764
0.17842006651256398,5.8214202232853465,5,8554000.0
0.5306006653065827,2.735954943857209,4,2664000.0
0.03573004633687646,14.368693404823874,3,2510000.0
0.005303972790493976,29.603312063924303,4,766000.0
0.11104479251933679,7.434265299328419,4,2882000.0
0.42612414071886084,3.303848219319877,4,1516000.0
0.010336176621374928,12.935723617985476,3,1698000.0
0.056845079568829386,13.659631106665739,3,2838617.75239
0.045058396614261746,16.57678132723323,3,2238000.0
0.7372181039641418,1.948226361740457,3,556908.90738
0.026242256633027518,18.426794569940146,4,1532000.0
0.21109637020645514,5.09393189260601,5,7396000.0
0.005628127731496227,12.653495886515858,5,798000.0
0.17249965918021576,6.113205971147429,4,3134000.0
0.0687326919455776,12.330521980228031,4,1454000.0
0.014558364411832952,21.969250783092303,3,546031.84638
0.006413976267669061,31.076321271955003,3,1194000.0
0.10575703252200716,6.5791780565289795,4,1428000.0
0.030800362981718697,17.072580662172818,4,1270710.01969
0.0046865304139422,3.5868270947995873,4,3581718.43784
0.03651091077519211,13.285532166662337,4,5583623.8307
0.0978781257334003,7.804978631540715,6,0
0.10586751541681695,10.514053931192826,5,4326640.45827
0.012845754531431027,19.789316003079435,3,668000.0
0.029783523750859173,6.889773949942811,5,8908000.0
0.036617566224049845,15.378788636750395,4,988000.0
0.01919716098346362,12.688985988084319,2,970000.0
0.04112025146340414,17.067579807164304,3,604000.0
0.2604072478825565,3.6968690358515643,3,1832000.0
0.033670226873217225,4.775226260815228,5,8612000.0
0.02213257142976548,3.126070987115382,5,1466000.0
0.01520597861557087,15.831718974774375,2,936000.0
0.018907385753007724,25.75810929137218,4,2926000.0
0.013542277128242715,3.891539036854027,4,616491.384
0.02045922684354188,19.7301934279521,3,886000.0
0.01643765948897125,20.72838449586032,4,880000.0
0.025776216901462864,21.52427536372396,3,2126000.0
0.6013637658942245,2.3071450300141643,5,531437.30996
0.028401399045540572,8.740486031106617,4,3084000.0
0.007576521991973409,18.413198025032873,3,553587.93122
0.7396373632563216,1.9674943716068571,5,1034000.0
0.025137745417560083,2.2904354837936163,4,533180.73984
0.06452094919400617,4.127720174494332,5,9674281.87202
0.0033790153204713252,25.05259860430823,3,1090000.0
0.21405233825829598,3.4905121583459806,5,2146000.0
0.0032101727760060965,11.630016503350873,4,585723.67358
0.37944580649665993,3.6065880558977135,4,3406000.0
0.00015417339911355586,38.155887001311754,5,592609.68673
0.6564065889106138,2.1432409255576426,3,1544000.0
0.03529863850967436,19.262645862559502,4,720000.0
0.10530551778379098,8.572133599297544,3,2006000.0
0.03134070181493172,20.955978711106063,2,2377684.23709
0.12109856980723047,7.891412817984405,2,1136000.0
0.19008102306354174,6.758311307374054,4,2134000.0
0.005353511555050943,27.242911857825966,4,608000.0
0.17619275635470458,6.635701295984957,3,1898000.0
0.02270592742301778,10.627552056016553,4,980000.0
0.010137271564695896,11.086359030162035,3,594000.0
0.1470173258303053,7.217630574632972,3,5276000.0
0.33048308740708565,3.5857401226886885,4,690000.0
0.017320746735279172,4.446780015423259,5,708000.0
0.49974923553950695,2.469844438139503,4,696291.91742
8.869494922791482e-05,37.61401679495646,5,513815.08747
0.15430282967514247,6.626039802994704,3,1680000.0
0.028255071147713574,15.235939204515226,3,606000.0
0.0947460292183308,9.158285921344334,3,1244000.0
0.001988118152064514,4.690539695152947,5,576200.62232
0.10248050440232209,7.540640879172266,5,760000.0
0.02555704800792206,22.46564361636238,3,2912000.0
0.18754900732209623,6.882449571515717,5,7538000.0
0.019646470647210545,23.29400576188932,4,1290000.0
0.044821425979552375,13.858139085199749,3,1208000.0
0.38158175595880567,3.135016407595346,4,2448000.0
0.024049358429914347,10.244014180080047,5,2788000.0
0.054208041251877045,13.5048518587468,4,3216000.0
0.011289128412360537,23.76519308362962,3,535804.82173
0.05381552408302135,3.948730738029867,4,519857.17315
0.13335585377433956,7.3321023966191685,3,1588000.0
0.01726476230854858,7.7242515568364825,3,559689.44565
0.013232734834806102,13.919449028418397,3,1422000.0
0.0007734272633631608,39.849748123138646,5,1885218.49451
0.053136850693760805,13.899340083351092,3,1982000.0
0.008277306276375013,13.302533830844734,4,1784000.0
0.08345800589854914,9.4392375137148,5,531400.80434
0.00253134670122782,16.78221235857155,3,844000.0
0.011414469352763456,23.265686130559157,5,1104000.0
0.08511779390989689,10.538156078009266,4,894000.0
0.028911613468114442,15.711829998185321,4,3172000.0
0.3543692230563087,3.3294724043595534,3,976000.0
0.004934639526694258,23.437697805204785,3,1158000.0
0.0005332098652543036,37.94822891850174,4,567762.43644
0.009353396207024833,9.744554365612109,4,529008.92703
0.0036245693945835228,19.110551873005495,3,704000.0
0.06022442159150092,13.901653443121914,4,1046000.0
0.056262571997233904,13.462662363294582,5,1364000.0
0.005541078294217894,5.771405472007013,4,546189.97396
0.7728136622124006,2.0928694080635313,4,3074000.0
0.06252697416944464,12.369520831670007,3,1764000.0
0.08862852907159592,10.495220719853364,5,1998000.0
0.008539303660290638,2.8675719034792855,5,1060000.0
0.021963369344560422,18.785969628357968,3,4330000.0
0.05809125709182382,10.785367941127447,5,582451.43178
0.015863998091550736,24.93376355225434,3,1082000.0
0.7782917237297488,1.8947031750915775,5,1856000.0
0.06209313377937735,14.219998659349178,4,1284000.0
0.006216312903833694,18.251584793479026,3,940000.0
0.06778491588228297,3.4589135736852397,6,0
0.5268479257934402,2.837358269979875,3,2596000.0
0.02276174155111971,15.302905609496326,3,1082000.0
0.005523503547586687,23.94429555724721,2,898000.0
0.011904920667543903,2.0849716290713034,3,584225.3232
0.016099482695210693,15.748684979490086,4,2320000.0
0.016279115968778665,17.925622112891272,3,1110000.0
0.020841863414791963,13.754438970496984,3,1202000.0
0.019242068024094835,14.500029307400272,3,1978000.0
0.019420814401649007,16.810315094426482,4,930000.0
0.47178925235682667,3.023190392760439,3,1355196.71653
0.2512709601615405,4.66981339237349,5,598819.25874
0.19224571572339408,4.671914353947202,4,5232000.0
0.00587182713806531,19.587840892942697,3,1538000.0
0.0578364476922098,14.242663976122229,4,1144000.0
0.021140592343805137,22.376449951050866,3,634000.0
0.008434127152462995,3.3349037500226353,4,876000.0
0.29135886357467505,4.420920821473292,4,1978000.0
0.16350269455686475,5.958386535959872,4,734000.0
0.09139333923291082,9.854567697779771,4,1114000.0
0.5219818697136921,2.768061180978604,4,770000.0
0.013490333061917005,6.910029295467682,4,2780000.0
0.05899231085878765,12.491155554446532,3,1212211.97752
0.01903273506984677,21.636488792228175,3,1634000.0
0.00974848517286059,16.73539445286857,3,555344.37854
0.01191273791782247,9.84864504127147,2,577056.67464
0.04534902838849733,15.16111212380826,4,852000.0
0.010008806981387017,15.840705235726796,3,589632.74807
0.02932432896282344,15.244482444707296,3,678000.0
0.021997718581647462,23.238721088774394,3,1214000.0
0.10211507390160038,8.730926033066085,5,6152000.0
0.008884446770126403,19.54671129996081,2,1300000.0
0.587188976213989,2.3322738848601574,5,674000.0
0.3139098177762426,4.238054118459248,5,532029.48665
0.00963708391896831,29.626217160151274,3,1200000.0
0.006104035079988362,31.460860014670967,4,653418.08407
0.0010169645020163412,36.52913789859621,4,567717.01496
0.014775201724915444,13.960761665036447,3,2218000.0
0.00710208323785003,4.331256454243115,5,624000.0
0.023371451067054606,12.819098750801626,4,1242000.0
0.14216853413478572,7.571645987370947,4,1186000.0
0.20256474732101332,5.762427226850034,3,547841.81934
0.2735570555002604,4.711016067698779,3,1930000.0
0.0023158729567693244,36.050035800774104,4,672926.1854
0.024609932471144954,25.874704236456054,3,2986000.0
0.00020463009422555512,39.86233219053974,6,0
0.12238157165670957,7.884951568446992,4,588312.17594
0.0022913455572486042,5.709010716365338,4,599854.10376
0.35665441252527236,3.080037870619552,5,3146000.0
0.03794197469408263,9.38031741059769,3,1776000.0
0.05877519863807542,12.372750164714882,4,1143640.65577
0.14260897515824425,6.972347671581374,5,1404000.0
0.007237780679413704,21.970333891252764,3,1396000.0
0.004233402331252703,23.48831968799256,2,532593.20802
0.2979346792497201,3.8255655576579537,5,530591.61904
0.19725803770241712,5.815486051070723,4,1068000.0
0.04741346193255314,13.367729911263112,3,1034000.0
0.017740892950245286,18.81378468382831,3,1720000.0
0.007465769427477921,14.991430242779632,3,1006000.0
0.024204384652980186,18.806584049219524,4,828000.0
0.22847878079506434,5.203706373760096,4,1202000.0
0.009460010338112342,23.422329980719457,4,1528000.0
0.023893265166747425,7.597202640605234,4,544729.84828
0.08339746192060316,5.764893746051582,5,1506000.0
0.008487377978023146,19.155298380693242,2,1434000.0
0.00012189958553053085,39.342142455844815,6,0
0.04144756036301087,15.174711355392839,3,3788000.0
0.010943902478323279,26.536206244332398,3,1160000.0
0.0022743545268541277,2.5376441097326548,4,548720.14527
0.08417410047206147,12.392617980120729,4,3128000.0
0.0864677037211056,5.075676474018372,4,880000.0
0.21221185594274658,5.336991479144088,5,9206000.0
0.04982766283109786,13.920337280870282,3,1089999.9
0.3184782383048941,3.9326216696496514,4,1894000.0
0.026277146798184617,10.76452542396098,4,634000.0
0.03271109633751222,10.86198702834028,3,1770000.0
0.01455283975641729,3.3401568157601442,4,548041.52957
0.45444324466140035,2.4997239806456495,5,568808.53298
0.009277974534940886,21.40785991374127,3,2578000.0
0.045053337660979235,2.422676887358242,5,525970.35881
0.005543036650208117,19.838027725517154,3,1084000.0
0.030819235270592573,9.37463307535884,4,4436000.0
0.020421026529621883,19.460685821841583,3,570910.06816
0.002070829085447889,8.923167506871922,4,726000.0
0.16648376056648037,4.822854385548358,5,5312000.0
0.030299525357288592,14.455917367967468,4,540589.9957
0.013006311923236593,11.350638408327764,4,1209596.7853
0.07849686736555919,8.882148906780163,4,884000.0
0.019718854350910867,20.692109884617253,4,2056000.0
0.5177006460113683,2.369568651367703,6,0
0.004644513723899773,22.042557597316154,4,567847.08123
0.1039458328238218,11.568887357637394,5,1872000.0
0.014160286095524069,21.316657223908106,3,1824000.0
0.0069690448600791145,18.089110509071734,3,954000.0
0.019805243560184878,21.585202503092255,5,1264000.0
7.562098398516791e-05,38.571991241086145,6,0
0.08466467362405483,7.4404604610914005,4,1156000.0
0.04306882390271607,12.911667424994603,5,4816000.0
0.1600267521107746,5.898671076540458,5,1172000.0
0.033125588873412215,16.193811402094077,4,1016000.0
0.006564026799237654,22.727220556006863,3,1184000.0
0.005967544679224479,5.530679701299119,4,550866.70389
0.091931282443149,8.188409892757091,5,1350000.0
0.03659640659064957,13.838058312491123,4,2232000.0
0.03678952591724187,18.27122842570404,4,962017.28791
0.008729653630743848,25.772280505237227,4,742000.0
0.016599888221462765,23.804094393770537,4,736000.0
0.01415690418627364,4.618694276603845,5,746000.0
0.10200159976099965,9.54851710709787,3,562116.99644
0.20506148110124267,5.318881304790117,4,641453.86021
0.09222748613922277,11.97316528898968,5,566891.32564
0.017705141533148835,4.814259492193796,4,2066000.0
0.03703735376430769,3.956267944701334,5,658874.78652
0.009763711572987359,16.86199343361168,4,1725999.9
0.6356275408477237,2.4381658864164915,5,7628344.64246
0.014434479411716848,11.464468470982107,3,603374.10115
0.04224705141733928,15.869885684427071,5,632000.0
0.1616604328982648,4.923662098661451,5,5210000.0
0.049469118225527,11.104833773011148,3,1504000.0
0.0413797417918497,10.124575487375203,3,1188000.0
0.009997452052548848,25.214261466281936,3,1992000.0
0.0053600098281989484,26.47342848886295,4,666000.0
0.08163794357041076,9.715606929109615,4,1848000.0
0.2254958644018599,4.868728178378008,5,842000.0
0.038956550451703195,6.346743642707478,3,3856000.0
0.0031934442817201664,4.93923932271735,4,2168000.0
0.011969669394133508,14.853795062407864,2,658029.05495
0.06466717856077663,13.785768102334023,3,1450000.0
0.012280731701344682,26.190654531953243,2,1204000.0
0.3196702498276657,3.1473387348011115,5,3828000.0
0.0508202543450791,16.46580188655532,4,718000.0
0.02212997413025884,17.349923718472336,4,1088000.0
0.00978829223731789,18.883721417867342,3,888000.0
0.02676172665891582,4.664411805007477,6,0
0.0632422703095391,10.16701591439501,3,1442000.0
0.012273478567339294,7.067906922297804,5,538334.26953
0.2670734098779303,4.40605190812184,5,5740000.0
0.025687146275802968,7.787325566171941,4,584121.34559
0.09953769881764565,6.650682491204128,4,1854000.0
0.01159896241773,22.21658772404321,2,916000.0
0.07523400803850644,6.393665207591976,4,706929.88254
0.016918826564171135,20.454074003158944,3,1396000.0
0.011258476715521045,21.375277217142806,4,596499.70717
0.02208799126004514,10.22586831456728,3,570430.9939
0.00032624263006235046,39.144631803113626,5,558646.94448
0.32085964788486143,3.386837600339664,3,1818000.0
0.010575663884378769,19.002848693890286,3,972000.0
0.38728720408957107,3.1120576973223955,4,548371.64785
0.016502575410292226,20.040363885653996,3,617081.03581
0.026935884626928763,11.992259735241637,3,3830000.0
0.06165195567017958,10.886304004588197,3,1370000.0
