0.01787731672520712,27.68965034894582,3,1120000.0
0.025629603087908393,21.820947035602696,3,558329.22963
0.013215038305214782,34.76985843793475,3,3572000.0
0.02821900333813735,13.291268106253098,2,1138000.0
0.0018743971824336538,32.88831626591914,3,632000.0
0.9898442444116531,0.4601839622340201,3,1776000.0
0.007904972858946193,23.510886907260698,3,542096.3018
0.10106594369112966,11.658635566718848,4,1896000.0
0.011882114990140656,3.8927104180025087,3,554973.05265
0.05156645221194533,13.703606603377976,3,876000.0
0.013564237640393927,20.0490032419483,3,714000.0
0.001987564349667305,48.9422022408303,4,550657.09589
0.011453912948916413,25.29602438949936,2,676000.0
0.009463039992421693,32.933152823872824,2,538188.23554
0.002052378687500237,31.11432706247974,3,536757.88427
0.004620524261577431,35.1449061616025,3,800000.0
0.024582469228135492,27.091043553441793,4,1934000.0
0.16876970029765465,8.232374054268384,3,636723.45824
0.003806577362718078,30.83263346225059,3,1066000.0
0.026000199868828754,22.43478889334288,2,1466000.0
0.04075458178075612,21.70924121621343,3,1964000.0
0.005577168460043353,34.786777890507466,3,3576000.0
0.01272452507011337,30.7711511380673,3,876000.0
0.08094154893095815,14.96943082434444,2,908732.9388
0.00012381209577176213,39.64863376883129,4,543475.98321
0.007046756935717904,12.312359336963143,2,726000.0
0.0008568967332441609,17.012555814312698,4,1362000.0
0.0011031362261005515,32.53871063194517,3,546781.0131
0.007219345683523928,25.098170227483873,3,842000.0
6.228193301224923e-05,60.1484595172222,4,538875.27448
0.005474572171135818,44.74911057243975,3,613767.03504
0.6905015916197661,2.3511131957088476,3,1838000.0
0.01571175521809677,20.441851516128917,3,1780000.0
0.31431302612985057,4.14133799426824,4,2900000.0
0.5481839977320148,2.554769023682098,3,2292000.0
0.011790522538643258,26.532664347767533,3,764000.0
0.010423594208331359,28.153080441947335,3,832000.0
0.005095507558604783,40.979443513549555,3,702405.60564
0.9040992690974996,0.550544961781454,2,546511.59751
0.05589305246152002,16.24430411294471,3,3484000.0
0.12294805425225568,8.42301163856914,2,1560000.0
0.028981443911906987,19.21578551884998,4,930000.0
0.0005610413438968785,60.260730200507616,4,535092.18993
0.08279519807833226,12.820347470068725,3,1036000.0
0.04456928943015845,19.016455717848995,3,559759.67828
0.031711144624477376,19.605531563414146,3,532881.48487
0.060806280664099335,15.994237780311522,3,866000.0
0.0935693737524659,10.230835076620117,2,1332000.0
0.1352926982650812,7.806755322348182,2,1474000.0
0.003909384874369292,46.34851844624709,3,732000.0
0.007256522468655772,32.72531653637055,2,2278000.0
0.015379569121609878,33.66405501688602,3,2226000.0
0.00029897975926435223,58.5750751049043,4,529997.84023
0.02253280956357208,26.807769818868547,4,3172000.0
0.0077796717575885485,26.751708789365214,3,776000.0
0.033873782874346565,13.35604745484017,3,2354000.0
0.2741185905814921,5.155853642737029,4,2622000.0
0.028430750010179428,14.544958261951985,3,537118.88825
0.0017606804604917345,31.586733112865407,3,1590000.0
0.035150429361683055,21.31413879158774,3,668000.0
0.0009749288960743801,33.13306901446938,3,596000.0
0.012951420833566886,40.109989447136144,4,2102000.0
0.01731409837496057,25.643648624588725,3,535373.47686
0.00038808270977448,58.6707669417746,5,0
0.011501007104651408,31.424454265776642,2,556557.86496
0.04617882857858292,13.373807653636515,2,1426000.0
0.0052404063278771035,31.96232206803122,3,672000.0
0.08050270019063496,10.977257937562484,4,2150000.0
0.006089154219618114,34.33801918705939,3,650000.0
0.0075990427091989585,18.6689690150232,3,1374000.0
0.013748219646075997,18.08977620799381,3,538798.4687
0.005343235601754533,31.90646841988782,3,545081.14987
0.3113068375953529,4.716457112343191,3,838000.0
0.5663000000807442,2.7732060015654243,4,1089999.9
0.005095878738623452,22.04506599619752,2,539523.32031
0.04973018833676873,15.154929317417691,2,1214348.53261
0.14462033921877931,8.180265558867061,3,856000.0
0.012430571386980583,30.356908237906538,3,1512000.0
0.014385195875605054,19.93706973333649,2,1022000.0
0.009129046353706802,22.940890829274956,2,1558000.0
0.08347552170297606,12.017840908677933,4,604192.3206
0.011241619785092898,7.620466998899387,3,546877.03559
0.07661930464899612,13.276640470603848,3,1422000.0
0.036183334232727175,22.660635104674178,3,542916.51566
0.008317758464958061,27.197923076680247,3,2490000.0
0.006768462016157991,5.118028347353726,3,779187.85478
0.0015085645790589345,19.230607755146732,4,549698.40045
0.018420363775367456,28.797509217042613,4,1846000.0
0.02834803077225895,19.798569162082114,3,1712000.0
0.005006160381430926,14.630596559516722,3,650000.0
0.0075626154192690665,28.066314506368975,3,1066000.0
0.021786020222986344,24.659343813213717,3,1090000.0
0.0064914812323436846,27.74424501337984,2,1108000.0
0.6408374837139862,2.3694986801750266,3,1250000.0
0.15112481466541236,7.241817936716364,2,3552000.0
0.006811001184761938,34.544313790753286,3,898000.0
0.00018291318378162868,52.58373658097559,4,525927.64762
0.00011370154451247442,64.132589942484,5,0
0.00031260899196289456,34.02976177869762,4,549653.15522
0.03766742049752514,18.41538435772345,3,2666000.0
0.049956109768585874,8.807624095162405,3,2394000.0
0.00896402489396728,53.49587485036341,2,2250000.0
0.0003491731592963637,36.14415947079191,3,540433.35288
0.002280750005887344,52.58158886026513,3,527463.51334
0.0005054822051268161,11.340144061250937,3,563982.62109
0.010650022979923492,34.0805238704029,3,1045999.9
0.003097597964371714,23.978520355002793,2,598000.0
0.00041259124812957924,60.75910274995694,5,0
0.010069459706207706,33.115935550858076,3,1408000.0
0.055310381987362524,15.014945377570175,2,876000.0
0.022430297261473612,26.759913960239288,3,830083.48527
0.018394557087381906,29.569371826252663,4,2220000.0
0.030273363428518753,27.624849502520675,3,918000.0
0.002169791614137682,5.130229620633227,3,537784.097
0.0021801093612407816,33.36475125022113,3,1068000.0
0.15967761020470717,6.2974444788637705,2,2346000.0
0.01701423919687043,24.43834998343032,3,1603022.67654
0.0004206632744995511,62.7248854173769,4,717227.05302
0.015052878892802938,25.10946099669978,2,2514000.0
0.007177171830435889,39.512942782731855,3,3838000.0
0.006666632063811675,35.61616034728347,3,702000.0
0.008100266323991337,32.040821835040305,3,3594000.0
0.01434586732540723,26.39241799043125,3,644000.0
0.005702331358006363,56.66842093078063,3,1596000.0
0.10002643728348161,11.929109953686263,4,2794000.0
0.006715114933380406,40.23610996500346,3,530967.19066
0.000110626294276519,39.760713567730534,4,576034.3194
0.0025206795906329354,37.727411877993646,3,808000.0
0.03939655929351071,22.417551357794235,4,5136000.0
0.18962765305444354,7.1414292223749305,3,722000.0
0.009304931786411695,34.843520484396684,3,1584000.0
0.0032652220874004757,29.12107919073729,3,558368.17706
6.305705936665916e-05,62.327865904448004,5,0
0.025606731892781877,17.498880776066134,3,540561.72393
0.12644500996252558,9.281966524256083,3,710000.0
0.005821672976336751,31.01074306534781,2,634526.51806
0.008947466550505712,15.975543409531944,3,1108000.0
0.19385628752787218,6.80476308394691,3,1816000.0
0.041393242708949514,18.996894644580998,2,808000.0
0.009795695324404585,21.090910921840145,3,544604.56311
0.0023321957162175952,22.901990460754625,3,898000.0
0.021771789790292522,35.23545705793147,3,536013.27942
0.4583882391372152,3.0062566243372713,4,4100000.0
0.006790110097573345,34.48269242359826,3,1226000.0
0.0034682155583219804,33.86353274993155,2,1046000.0
0.04055687813075844,22.625444435690337,3,1376000.0
0.0195409577207345,18.466014228634343,2,860000.0
0.001778054081452163,48.61361885243608,4,560000.0
0.04016793749251488,12.865707333804668,4,580000.0
0.0007266150773221917,45.89772631240885,4,9616000.0
0.011286109091636524,30.48655800297795,4,568000.0
0.01095667118286602,23.943327104333637,2,1312000.0
0.026636107551242964,32.769472122902314,5,0
0.8150917791513372,0.5543349167110797,2,543584.48973
0.006430754852174658,4.10240477064371,4,5270000.0
0.039962912317138354,23.075793654453594,4,2066000.0
0.0367830972296402,15.00142278166575,3,718000.0
0.0005242220231934549,63.124617317004585,4,611816.52283
0.02268720474040301,29.405076276598354,3,2344000.0
0.019324786892493298,21.675729634481584,2,2518000.0
0.020261794291344535,27.396255817126306,2,2974000.0
0.009263266576842663,28.993550182571873,2,879897.8432
0.0016909353840098384,7.317960873690185,3,539774.39904
0.0029181894928627856,47.32671715865004,2,1078000.0
0.014071880864834258,25.975668363528744,2,2018000.0
0.022288441451087118,26.15112542819948,3,840000.0
0.7319541208617557,1.3685966040744166,3,572637.67556
0.014208754452184592,35.76301441526568,3,2390000.0
0.0016374134788085112,4.738936639233848,3,543646.45307
0.033975177558749264,15.793112983759595,3,569472.14676
0.03866903308220859,19.56209798844887,3,2404000.0
0.015679671740163638,33.3346834476258,4,584000.0
0.017182081481184816,22.868614211648335,3,2550000.0
0.1314660217708682,6.348371202468817,2,3464000.0
0.0033441407686400472,43.436032582388,3,632000.0
0.17033200607001228,8.069841874026825,4,4514000.0
0.01635112243581515,25.679266947392453,3,1242000.0
0.0005506020400844578,42.086727921658074,4,1478000.0
0.0027753221174087257,45.96659788496711,3,540566.35901
0.00319469223251707,33.24361684070424,3,1134000.0
0.003981295827086816,8.871739875356909,3,673890.03791
0.011827531723006041,30.54368599118584,3,562000.0
0.015077675564876243,23.57478038174571,3,1220000.0
0.00016396989532781978,61.87913396142261,4,869827.39313
0.00016604918113065806,62.30305003504884,4,547780.04391
0.0004851721489687091,60.762667979718,4,602386.08421
0.6723552382275002,2.0675595583039605,3,5076000.0
0.00968607460197985,30.44505820418246,2,2150000.0
0.005036536431490469,30.200429290787817,2,846000.0
0.09006609596267605,11.683532241958913,2,3526000.0
0.7150396091470578,1.7946849208646691,4,2346000.0
0.006538127580336466,40.33241406912018,3,3134000.0
0.005605974892131216,40.84844540584314,3,1143999.9
0.004931407876075323,45.4482883919589,3,1676000.0
6.41643184641169e-05,61.13680472561452,4,569011.64328
0.007881663668644772,27.921216930243766,3,2020000.0
0.0049841538697661435,20.03748302188653,3,1284000.0
0.005979925318171114,20.353249366053497,2,1152000.0
0.00821683653317055,24.67595356610842,2,1798000.0
0.007286980196790482,35.01216934414804,3,556000.0
0.07343233106992846,11.353403282453648,3,1882000.0
0.005299160299792673,35.23796066459839,3,710000.0
0.00019233637051747552,63.18656578080537,5,0
0.111221045698624,7.899580584494782,4,712000.0
0.7674648224153693,1.9819480572008368,4,1201493.19837
0.059862352624597354,17.938150245813407,4,1446601.03402
0.03732721235730259,26.343844238011293,3,2844000.0
0.037306418922529706,15.862735234714538,2,3152000.0
0.39695368988022894,3.7735065408771584,3,6432000.0
0.01178282386750788,28.3548608192089,3,1448000.0
0.13353791083520675,7.553599771089336,5,0
0.004346996960359639,36.86483117691759,3,3204000.0
0.006523639626579915,29.836417458534022,2,2402000.0
0.000347115284126845,44.195389797183466,4,550104.01895
0.03765407720877021,14.081665928072852,4,9894000.0
0.09639715481503727,10.091103016929894,4,3934000.0
0.013399691335874816,22.425850012481803,2,1286000.0
0.0009134763445891201,54.12396075114987,4,537516.72431
0.5706180312970623,2.7722821620490095,3,1436000.0
0.0004845128118891001,61.309023947884086,5,0
0.020748260787632835,32.28675847337595,4,546899.20802
0.020613121115092562,23.64743205160727,2,1464000.0
0.12048860746434761,6.638636194077617,3,549541.65987
0.0067153927664686695,32.10695055575985,3,4832000.0
0.01725773536757482,40.91959838170022,3,2667060.51993
0.004583226012487158,41.81833466015052,3,1004000.0
0.006400745711496346,32.70356859995791,2,648000.0
0.011735502187623693,24.454564076942788,2,652000.0
0.01613750481406348,29.93865596653581,3,2692000.0
0.005219512826070601,37.05290493723929,3,886000.0
0.012087909183218136,25.405323725453528,2,569578.09515
0.012401711489108024,28.915033422940013,2,992000.0
0.06839148886508088,14.618178324860095,4,5406000.0
0.08295961684379187,13.827179046993738,4,914000.0
0.014002753123751417,19.76843580324745,3,968000.0
0.05404335068266259,12.560871404123516,2,1058000.0
0.027042916342551664,18.85986846234517,2,4030000.0
0.5882439501331974,2.2906028027640146,4,534648.27586
0.0678735178292129,14.668483976971967,3,1206000.0
0.005500640898500603,8.524015700349478,4,533436.18461
0.3155367260088497,3.612301705127992,2,4566075.06203
0.03418025561906155,31.67728807707191,3,854000.0
0.00518962748716303,24.775017625511786,2,2264000.0
0.00010369851678165453,43.986473092157624,4,543464.11948
0.004804910923661807,38.92203677976618,4,1144000.0
0.01445130248775483,34.52340910409232,4,2203999.9
0.05104834421797474,14.311128308759583,4,8190000.0
0.6591962825663505,2.162864108478121,4,3290000.0
0.003624983876154085,17.26326480180544,2,748000.0
0.00044725998111122046,60.311998492460944,5,0
0.00977705462596958,37.97553402552694,3,551096.92711
0.036497153160883054,22.076346354465063,3,1290000.0
0.028756810292934993,18.08210100794173,4,986000.0
0.012558608742639782,35.55002907711163,3,676000.0
0.0040604524060089894,18.20090017093984,2,1002000.0
0.012321509004673695,17.54726900579534,2,2504000.0
0.02341494085053275,26.7343558587669,3,1158000.0
0.018909352421313894,35.770464512636394,4,526521.66485
0.0055278264866244,32.05982160230134,2,776000.0
0.009189382683211612,25.194680243751613,2,956000.0
0.032628300906104045,18.485641501985967,3,535765.54481
9.599100010554811e-05,57.10389800402497,4,566071.67598
0.007119437418270473,38.362580631681936,2,654000.0
0.014199083313680779,30.706050228578654,4,732000.0
0.027664886767689346,19.62508405587311,3,2242000.0
0.009975455929120492,44.39977849083214,2,1218000.0
0.03666114209043312,20.764050346304483,3,632327.98276
0.010532843124993672,20.216191268920362,2,3016000.0
0.08199238506597564,13.341391477342727,2,1780000.0
0.01010666746502428,27.60529692957152,3,555636.7614
0.049384252759490974,4.427319239594461,5,0
0.001983017837072598,57.23134254453576,4,738653.43131
0.0003485536707515481,59.86153354893961,4,559388.24204
0.019398515793849477,24.37115430115918,2,1032000.0
0.08198720126864674,12.945390511556223,3,544078.61143
0.0004960747596379268,34.41439761738453,4,552909.73191
8.967360492858421e-05,62.5603434703962,4,531035.21277
0.021931358381449887,4.563151426642644,3,642683.174
0.013208553715837495,27.536080378940188,3,962000.0
0.05166409750110059,14.86090471887491,2,946000.0
0.022347923388928475,26.86311041127984,4,4972000.0
0.11512966740068381,8.821108967160006,4,742000.0
0.021481001805246258,20.374805716040125,2,2012000.0
0.008119575536191935,40.06035100394166,3,1223859.05228
0.005347903890529025,8.169039329781954,4,600000.0
0.042539278300920066,12.576069946274316,4,2312000.0
0.02915197447472834,18.647603111186104,4,1094000.0
0.016656940773242056,44.69333897547124,2,1222000.0
0.0573581916164985,14.439973877291763,2,1388000.0
0.04984339532416934,12.899794475880022,3,886000.0
0.12420958040435726,10.16355004902744,3,1027999.9
0.03353860943070026,25.299729576201464,3,1246000.0
0.00020286991029400331,56.62191024391668,5,0
0.0009972300090464064,54.45646967883663,4,553334.68944
0.0005143172248215023,58.99457589881633,5,0
0.010129703181025221,22.095847307807265,2,1282000.0
0.002259861613624814,21.649375312025352,2,903883.57954
0.33458855020056233,4.104839594426179,3,802000.0
0.3347743688487031,4.49506563940327,3,998000.0
0.015617113371434786,28.06328940630068,3,1480000.0
0.006877024002389115,22.035802273735797,3,692000.0
0.0014525755187905615,31.441256588893516,3,528297.7821
0.0077923660536539496,29.970709395252808,3,1560000.0
0.006385426598864779,56.95441938565375,2,816000.0
0.12251200022526343,7.843691448327351,4,1022000.0
0.03399590719409511,24.940937803709485,3,535051.89583
0.02678942640181326,4.406940168509304,4,2506000.0
0.011743027772691228,16.2969963210025,3,3026000.0
0.016928117474083827,17.418488926783038,3,553200.24237
0.02441229002988416,27.717552583420147,3,5282000.0
0.022684332675249257,20.12216206860708,2,634413.93747
0.0077612460956292565,30.142882500351135,3,1120000.0
0.015601004957415416,31.267217418259783,3,1594000.0
0.001463644499861136,27.91682318675863,4,1182000.0
0.057745261092816975,17.535211864835027,3,4514000.0
0.00946713417883319,44.7667317715998,4,1395715.97629
0.030688900869411014,17.544980628204925,2,1210000.0
0.007119120790923647,43.048907864747335,4,2242000.0
0.009444785919291907,36.656410276180125,3,696000.0
0.0002571473266283532,60.161116058296734,5,0
0.00408357595799979,3.5396502328188832,3,537333.11204
0.005296390873494438,42.18718240928824,3,699738.96519
0.03244404307345573,22.967673739843665,3,976000.0
0.009060193694169704,41.67676221500577,3,734000.0
0.005794372786255032,16.10242164436072,2,534979.92352
0.537925126069783,2.186753516607742,4,1614000.0
0.0029003317410546906,38.08987269348298,3,832000.0
0.0005495837587476979,63.427635658282085,4,808334.79413
0.032043147587667464,31.67642082691825,4,7858000.0
0.03661301269874681,15.945338674974765,2,1614000.0
0.07242405597505829,14.025515466986318,3,1216000.0
0.011539293120056533,25.184121909546935,3,744000.0
0.010307100655301814,34.95126683521146,3,1178000.0
0.004286136637744135,30.01209133329811,4,1292000.0
0.13254815700964592,7.293729632456358,2,1630000.0
0.00037566924577812493,61.63614366718777,4,741691.56318
0.558150996359724,2.2987124036450353,3,1080000.0
0.11675257011905205,9.776407080283214,3,1054000.0
0.019457455469669926,40.013787423701174,2,1092069.97518
0.017515019531308136,27.178917099151953,3,992000.0
0.029854876534055608,13.20468317673481,3,586000.0
0.000883225688863868,58.222516713509265,4,596187.95209
0.006568605615704451,19.734898617071714,3,770000.0
0.47047067304531187,2.972456150358724,3,1988000.0
0.06446641329127371,16.4190512787005,3,2138000.0
0.015018799103666533,28.794215587562324,3,2268000.0
0.5152617796132799,2.3396193064566546,4,866000.0
0.007925029452387709,38.46676885162421,3,1158000.0
0.0002079896275017624,58.68624925949174,4,530474.7861
0.037582832176948675,23.946101388592325,4,1678000.0
0.07620929298036862,13.866069522842949,3,1034000.0
0.008125529037455781,13.497953912944109,4,1002000.0
0.017588991561466184,20.53937508589431,2,986974.0968
0.15506126346876362,7.4907590561406465,3,752672.27686
0.28495255088676674,3.7200272134816137,2,1636000.0
0.007135195685904267,42.08020768452088,3,1063542.65291
0.13494280347529666,8.327886471982112,2,4090000.0
0.002761331500371556,6.295121791421471,3,554404.38706
0.011327513110049614,35.44094943674953,4,980000.0
0.0026812238138462503,29.302599241445716,3,550573.69894
0.04197362603996878,21.13459165584376,4,9484000.0
0.7796680345377837,1.5695334412966333,3,1234000.0
0.015911121661603158,40.02899095366902,2,1508000.0
0.038163082137348515,22.235031017225943,4,928000.0
0.025627944544548153,19.250647453486785,3,3006000.0
0.004684729572475117,37.67306010412775,2,1458000.0
0.0006557646660304945,55.01783669015562,4,600223.43617
0.024839030830451393,38.28647796552264,2,629857.41779
0.08917242163212694,11.155442986648097,3,2244000.0
0.007657616027398852,31.760264712088038,3,1298000.0
0.013804767269633459,28.63448707274786,2,538538.05865
0.0013195055741922735,56.223810527704586,4,751507.55729
0.0133938219633248,21.413931591937676,2,1224000.0
0.011024127383766767,32.00153038696902,3,1334000.0
0.020194977240651692,21.040779824713173,3,806000.0
0.003936633762676061,39.786318638790675,2,1214000.0
0.025797666323727264,3276543.5188883957,1,533090.35615
0.06381454655428069,14.095321163667979,3,1356000.0
0.0005197162249791722,56.29222025367302,5,0
0.002289088483596544,16.812916576876383,2,768000.0
0.01651586617927112,28.202603254678362,3,882000.0
0.00958007536953929,39.59212907740198,3,1178000.0
0.020300155145705958,26.901098216484755,3,2264000.0
0.0029787548743689567,45.171818169361266,4,612000.0
0.0982128915512136,10.014777303354379,3,1336000.0
0.011609968969097157,42.74764767961074,3,2864000.0
0.07489619119617251,15.715810010652582,4,1078000.0
0.019558516898839876,4.325909789278386,4,559080.2836
0.06551993052315694,17.393267232304797,4,2278000.0
0.26746015552293956,5.216302873813109,3,1854000.0
0.0027122997051807676,18.294059503871253,3,843003.16506
0.02162763025844405,26.544923372494797,3,1058000.0
0.020133112926196114,30.048362161695024,3,1990000.0
7.384854324132199e-05,59.83407095958572,4,538009.85036
0.026736677866489957,21.76111707962272,3,1874000.0
3.527503328179071e-05,64.62049065343638,5,0
0.00531323006273785,34.53560144679403,3,966000.0
0.022464181306118974,32.653556037220994,4,586027.10667
0.7057261545649827,1.8452491232694916,2,1566000.0
0.023869191658356336,17.138560380638012,2,3514000.0
0.09140286949024799,12.14610472118343,4,542730.10108
0.021079424871342147,19.71064263847713,2,1654000.0
0.000902488479352723,4.7054687322686855,3,812000.0
0.005119988735740046,18.573720481777446,2,1778000.0
3.4317917015563545e-05,56.226352813346914,3,550206.51939
0.015106498343871207,25.803747530060956,3,650000.0
2.7528507288708146e-05,57.40801512274789,4,568268.19122
0.0008691144353441051,58.70872299655626,4,1495173.22492
0.021173287136245934,25.78165740930924,3,2206000.0
0.020878733018115433,38.4169438851223,3,1739999.9
0.012400706462627998,18.750191379612037,3,738209.90441
0.001149901727089775,60.59691506144855,4,654710.85009
0.009403334504839442,25.72767970286688,2,1258000.0
0.011698935643611281,51.964129785561745,2,2198000.0
0.0330911575904517,15.946288546625665,2,1150000.0
0.024169449192901014,32.112494150355126,2,2880000.0
0.9058213870840938,0.35749192901889465,3,2574000.0
0.06063356799464663,15.662396340888158,3,4616000.0
0.005219914888174279,21.56325270544555,2,536803.34888
0.01734294212967167,19.227714912564366,4,1344000.0
8.647477388441112e-05,54.71663972481121,4,550450.09748
0.006082227470865861,39.67647992545984,2,2202000.0
0.0029036587696887124,5.939829422200434,4,3800000.0
0.006940646227166116,27.26247870682569,3,1698000.0
3.217552448727544e-05,64.14360604325331,5,0
0.019598351344451818,28.14864319541287,3,840000.0
0.04664194048164312,19.849207872221424,3,1500000.0
0.003468380829350998,17.335400201729733,2,2426000.0
0.008603231875573426,26.774216024264504,3,1160000.0
0.0481302223309505,4.432566733171699,3,567222.75198
0.13385675789667092,8.343672385256196,3,548590.11319
0.1696872952524353,7.385290018343428,3,1222000.0
0.007116939718573871,28.63362612584575,2,560399.07985
0.015402820764561021,40.014623993420074,4,2387716.73305
0.07964510169782411,13.510602605065635,3,1020771.00349
0.005039015907642634,24.903376152427388,3,552630.66926
0.00026022145561844774,62.59342725739082,5,0
0.013236468080850683,26.5506451291068,2,1626000.0
0.007704584747331394,15.568152572797134,3,934000.0
0.09456364542992088,12.25585889734443,3,910000.0
0.014216171027039995,32.41397483919655,3,2334000.0
0.023731210337303736,13.139728463667371,2,558243.94038
0.006653591072693687,24.17331622284075,3,545676.14922
0.014219058604540466,33.47307232795385,3,948000.0
0.09901221473647391,10.847495677440547,3,1264000.0
0.0022368518222648653,35.54289113726483,3,704000.0
0.020685620217412534,26.675309847846364,2,1986000.0
0.02527907520054572,19.894712559773918,3,960000.0
3.5238150623693894e-05,63.37771967815811,5,0
0.05250217842449988,18.87407781346501,3,2002935.70585
0.007594945327797877,31.684318231790918,3,875062.11391
0.007997927960747336,33.67096824954919,3,552853.07554
0.007452477401268171,18.917640355795243,2,1766000.0
0.3708781304520455,4.185498998564529,4,634000.0
0.0829568998474341,12.436957337462308,3,936000.0
0.04493614685067152,20.35380958031467,4,670000.0
7.450761725358781e-05,57.15982014047217,4,540249.4209
0.1278550691466733,9.476810480760635,3,1182000.0
0.01493335255308019,34.555975293169794,3,1436129.69635
0.03119432087218269,19.208845420848334,3,3316000.0
0.3875094601770607,4.005180162210573,3,2170019.22528
0.00552787520583233,23.478209875443024,2,2180000.0
0.03408042815268928,8.572686370014987,3,3658000.0
0.004298983009341405,44.468261870701525,3,2841249.65805
0.003840592807286763,52.98288734958601,2,546945.82123
0.2193877330565467,5.981286871747369,3,538050.53932
0.010624479762773226,27.009344993247492,3,1360000.0
0.012724043343038737,44.71101835132116,2,846000.0
0.009931153832194083,29.87705684326682,3,1298000.0
0.016523684402800543,44.37195594455465,3,2744000.0
0.030770092176486536,22.845156617250336,3,1156000.0
0.02161197638870508,19.67716927813122,3,2028000.0
0.005878827020363798,5.142279852706514,4,547568.12708
0.7161977601658931,1.9360322580342577,3,1334000.0
0.13706985905654126,7.923917839122061,3,878000.0
0.012135190284047397,31.721497514663607,3,2106000.0
0.003296733821760056,30.09096451599358,2,581093.90882
0.011429024050694125,561354.9401727961,1,537000.03447
0.008509273260892656,35.24446287786132,3,3854000.0
0.010501410997390178,32.83642197325355,4,1650000.0
0.00028917822786510066,60.191489516294304,4,1412162.98796
0.00022781374895252372,52.898967530834035,4,532286.5166
0.010377703794105287,26.771916610589617,3,1294000.0
0.002162860824867707,7.485812321013998,4,571886.35955
0.014762794692066315,22.053469173628482,3,1124000.0
0.004620416482558945,28.728459492341035,2,1896000.0
0.07927565618122717,14.501465616297592,3,1072000.0
0.016166170467530876,23.551148009994623,3,782000.0
0.0187739790905392,21.106097669100162,3,526461.62225
0.024617038414689252,26.587868808165197,3,694000.0
0.01085870668638755,35.0800649585684,4,2414000.0
0.025623521487338423,27.2486204233815,2,1208000.0
0.01683186276003235,17.703332776598497,2,2464000.0
0.026771764522551388,17.73982147820557,2,1058000.0
0.004513232173845093,35.79482582405319,3,540894.05267
0.009457589815498171,30.61981840933754,3,1278000.0
0.040597192713912905,7.319574645715712,3,720000.0
0.00340200627867681,17.968329524802456,3,561059.83972
0.0745170867960789,11.918600148065162,2,2230000.0
0.0067909673125462495,31.783952807019492,3,994000.0
0.011187902036055769,30.370532104268374,3,3314000.0
0.02697942421720626,20.9794091244593,2,874000.0
0.0017259289515662599,40.08259838514562,3,2186000.0
0.3212493996658068,3.8735790943354917,4,560852.19102
0.04909099821854865,14.239227434004658,2,1448000.0
0.00012340233561413926,58.906875287953206,4,536966.10043
0.022359575162093814,13.520215267046494,3,1472000.0
0.004008258894844798,47.23859014440499,3,709814.73172
0.0027374681697758642,12.07089485147516,4,555551.50067
0.04127294421303222,15.678388240930863,4,691121.61444
0.029281743976183352,14.136381191985366,2,1898000.0
0.00031704091568472335,60.608680542190434,4,533957.6334
0.6046179464937763,2.1138701069248738,4,820000.0
0.022141801776645494,19.314866188948848,2,778000.0
0.000107615303891873,61.892191773185615,5,0
0.023741064949133812,26.47991455389519,3,1958000.0
0.07541796540823331,14.823193369824992,3,2806000.0
0.017541317888400444,21.910672361625018,2,1676000.0
0.008655768545811866,27.922679536732137,3,1032000.0
0.041139550420125896,24.25145495191459,3,940302.01589
0.043899354263440334,16.74490596406414,3,1244000.0
0.005947795894462229,39.401224564036305,3,1190000.0
0.8478332521471349,1.4335415338993909,4,1366000.0
0.003844368960189167,37.08465052310912,3,1988000.0
0.0033173577875547427,13.238692159665192,4,1690000.0
0.16395623059680148,5.627028041109028,3,701878.98183
0.019909783279573212,10.802341435961763,3,687289.27882
0.005739513454700031,33.416220327044066,3,570016.13914
0.0008268628075017733,6.850685491927823,3,708000.0
0.0004166088606652569,54.82950474877952,5,0
0.0059530395372935875,32.258773617535645,2,1196000.0
0.6370669737807167,1.3179650574184543,3,2204000.0
0.007746682161512646,35.450939604655346,2,1576000.0
0.17071800663034783,7.118618470977876,3,1234000.0
0.007765174383425385,20.504029910991562,2,1318000.0
0.08929170927612967,8.661417781866993,3,890000.0
0.007616397210627074,27.18473301297277,3,1004000.0
0.013495920405061613,18.14445573872522,3,2706000.0
0.029716853193797438,29.556120232389016,2,2724000.0
0.6245723872430162,2.1376363496749295,3,816000.0
0.00017785328607420554,59.038399262522624,4,546887.90725
0.08490856762541898,12.192288839245775,2,1162000.0
0.009815799222107463,29.320269196127853,2,1598000.0
0.006342891807259418,39.337680989113046,3,565553.49639
0.02171032442211249,19.63544502893034,2,1236000.0
0.030909630158152228,22.024586793300795,3,2178000.0
0.027643252396323804,18.950232050850726,2,1746000.0
0.8324479434025515,1.7717087190760905,3,836000.0
0.017210558422784683,26.202710044739845,3,5430000.0
0.034436979989494534,20.950043693559124,2,3814000.0
0.014518247966575923,31.510248957652774,3,1708000.0
0.09419455760241917,11.190573242092979,3,1340000.0
0.0029172890438773956,39.883108789487785,2,2140000.0
0.004358365013886214,27.975944032954267,3,1458000.0
0.013099600122345335,35.55160727379236,2,3176000.0
0.024082100152547286,33.747758217039625,3,4594000.0
0.006641346106120796,33.09137675660895,3,1174000.0
0.17468705777664875,8.143899838572686,4,782000.0
0.0177618610188693,18.989432348053892,3,742000.0
0.046669363350725364,13.952637403631504,2,1112000.0
0.02442872341371738,18.248133541108388,2,4736000.0
0.00014962350629347333,58.235073151181076,4,532246.72849
0.00042555900242815267,56.67747081013262,4,728659.32806
0.49501883506142935,3.2714177968407423,3,2298000.0
0.005690527743929525,36.085383592659305,4,821788.51351
0.03373696329414666,16.811516720882427,2,1462000.0
0.11632644173755717,8.514934466525352,2,556000.0
0.2649378997360368,5.587918650499948,3,1706000.0
0.00027306744314156006,63.67919981217329,4,732110.45472
0.01088526013848309,28.974412838394063,3,1374000.0
0.004132861982051503,10.38401065184764,3,545647.73331
0.009591077844715324,26.067766902971805,3,784000.0
0.0017967078150504469,6.600923091217177,4,2084000.0
0.16592300594803702,7.118287571944765,3,5056000.0
0.11811764912823322,9.538623224727582,4,840000.0
0.86698995384271,1.8920307656286972,5,0
0.006726776765957302,33.9953892848807,2,756000.0
0.0034279759965073174,28.55570679113125,2,724000.0
0.016829400148970157,29.26319662399206,3,1790000.0
0.0816199060093251,14.530197814688334,4,554994.41283
0.004540756400592446,34.49873818580423,3,2426000.0
0.01773608251860252,30.072845948545144,2,2876000.0
0.006248743003091712,30.270932162216504,2,1038000.0
0.02798418368283217,24.36069086956156,4,536124.77445
0.0023994470492852507,32.87990148751951,2,2040000.0
0.042678113614405266,16.711789595944897,4,530885.56353
0.02491518811293572,19.65735892232116,2,1080000.0
0.5736819386592256,2.092659051304075,4,1062000.0
0.11050301390860195,8.686492542646112,2,732000.0
0.014208747199443969,22.657508713725903,3,529338.17781
0.2007943457959279,6.998276420125482,3,3546000.0
0.01573671981069939,27.661068575076325,2,834000.0
0.02560248896267447,6.599848780739489,4,585428.4954
0.008833346419959313,24.840989908762097,2,936000.0
0.0301781912750943,18.53807100719718,2,855913.08432
0.7360184072605994,1.9222156155501198,4,4970000.0
0.006346765072864796,25.469659184854745,3,1652000.0
0.020639917921831504,24.109146314125283,3,536687.72274
0.0034768125116811585,18.36432437158218,2,561547.69532
0.0003944051736407818,59.88398956719958,4,868079.87729
0.03197286627159383,19.01301023701122,3,546164.0415
0.03401642464426353,31.430490753639408,3,534000.0
0.014845317475024248,9.247879158096442,2,2368000.0
0.012514831370895589,39.886397482776566,3,4534000.0
0.01432536956138154,39.66375166950561,3,934000.0
0.16404447745995215,8.230779937364266,3,1260000.0
0.11125408173891024,10.00020308650845,3,551745.45731
0.034882383131509355,21.306512093692135,4,562000.0
0.07353798800297263,13.15839365561937,2,1212000.0
0.5991997234106045,2.53429168742572,3,534135.23524
0.05184197944561004,14.78099285476384,3,1340000.0
0.00136681715273785,3.9211595307529716,3,624000.0
0.06571718893098576,14.689760928068464,3,1640000.0
0.01940359754929179,35.505153719044145,3,707305.66671
0.010843784322510569,30.41957839188545,3,1266000.0
0.003842328493844757,29.670172863714985,3,1316000.0
0.014328518968835493,35.28018326412017,3,3326000.0
0.01462167013435533,16.106867979314043,4,582000.0
0.043735803189651874,17.800780534814916,3,1566000.0
0.035560159292863915,28.062224280173822,3,1136000.0
0.011434380951462288,34.051970511932026,3,648000.0
0.004411478957593751,31.845851185653736,3,696000.0
0.013670659521760678,36.84307305408846,2,1838000.0
0.0005662152928943521,58.3084991361057,4,578652.58964
0.3639238219947109,4.180880875095751,3,1094000.0
0.0003170462785277278,63.225971910763676,5,0
0.012347013012926216,28.588474769266384,3,2084368.60565
0.015423224138294021,22.645015080151197,3,542806.99406
0.03211837917312758,17.76290073010467,4,596000.0
0.001427000514907618,4.848191585668881,4,822000.0
0.025478120472459256,20.88890978874973,3,2016000.0
0.0037543825453218945,50.752209039534726,3,1204000.0
0.0069624264708966965,46.533439075856556,3,6972000.0
0.011881637435167989,28.275615493904276,3,1110000.0
0.012183830998905975,27.798954163408013,3,1448000.0
0.008189460666721124,32.42548621881961,3,1054000.0
0.005373707478233496,37.44453821038613,3,1102000.0
0.07679129873262062,13.548593328864404,3,684000.0
0.008453216577592173,34.91359470626438,4,1870000.0
0.40252006665378315,3.1546723550343603,3,556491.71098
0.003678107841680972,36.3989642069519,2,780000.0
0.050006615949652077,21.80602772770501,2,1352764.13892
0.008626214526873646,33.12849233155843,2,2136000.0
0.03491281011954802,21.90716975691319,3,1580000.0
0.03372812283642387,11.669598363539976,3,962000.0
5.586268957898698e-05,61.3502601379363,4,554216.60241
0.003337866423703454,30.260593670719413,3,1698000.0
0.008267080760928294,41.15717962168864,3,630000.0
0.007720498084967653,5.612268897181311,4,541922.39923
0.029899503244493707,26.551939586160547,3,996000.0
0.2070710449485543,6.704537864539726,4,2438000.0
0.012506175112198446,39.97391962032439,2,1044000.0
0.09229247045137597,8.875957701976514,2,2262000.0
0.08278325460655862,12.156024386890278,4,828000.0
0.13065012758846126,9.849221198771549,3,3454000.0
0.013082555397787148,28.482321611861437,3,704000.0
0.07560809238206244,12.908331034124323,2,724000.0
0.013924396220172988,42.68875489548938,3,1610000.0
0.024145121290749798,17.54930296207627,2,1164000.0
0.018714856684581456,20.702400438987144,2,856000.0
0.01943516429633479,4.32849738866711,4,546428.66395
0.18729007790409802,6.650934628334193,3,9298000.0
0.022434523926894694,15.900703674776887,2,3484000.0
0.01077349744419743,21.496752506445375,2,4752000.0
0.0170414104929975,24.72079099793049,2,1106000.0
0.0038805459709977605,42.81320085912644,3,1268000.0
0.029644596318109267,13.836707833058114,2,1108000.0
0.019315038459069435,27.67506652629885,3,1712000.0
0.0031053054656802544,47.60035087487473,3,5485460.16423
0.1533133640852817,7.335642214807059,3,1916000.0
0.01469713352069777,21.738774668874754,3,565031.01791
0.30787237819116486,4.904562855412128,4,2851999.9
0.07762410721064056,8.543136477095837,3,556420.65529
0.006255921582018246,40.19536512179757,3,998000.0
0.008768144566397315,20.98767207003557,3,536888.53431
0.007460638625936403,43.078792446176124,3,1664000.0
0.007544304940642016,22.02950043777404,2,574000.0
0.13674606472918488,9.016555343311719,4,1950000.0
0.00040983521825130407,58.83504922067734,5,0
0.08412916903265001,7.397208404665601,4,1168000.0
0.010583476615819319,45.043147804640405,3,1066000.0
0.044128895231360286,14.915970395439095,3,3402000.0
0.027173644949855403,19.642408192603575,2,4222000.0
0.018117465410605355,24.095391172386684,2,2752000.0
0.027007692125656863,17.646701090907154,3,1596000.0
0.002913324008247905,34.41160020980686,3,1222000.0
0.10746048623500278,10.816512540355426,3,1708000.0
0.005877280421304033,36.959642438284455,3,1158000.0
0.0003197230785175248,61.63717089615671,4,1243746.86474
0.06874165624137757,15.505831097254644,4,568000.0
0.020650352316145388,32.16629368335572,2,1250000.0
0.003758936948922748,24.124585957945985,2,766288.23147
0.020295579873312708,29.273664745518296,3,1110000.0
0.016801542189186874,18.983724207537268,3,634000.0
0.0009165150704615216,52.88773392053007,4,541641.52774
0.0001681431591949126,40.69392975185067,4,551294.58465
0.048104617752203746,18.29888843234327,2,1694000.0
0.006968464968297098,38.93778564000752,3,962000.0
0.0005693222925678302,56.59977051813837,4,528717.70667
0.024621084500408102,23.741592577628534,3,1234000.0
0.08028041740361265,5.784292994999435,3,1064000.0
0.0002176455756809377,60.91041473328301,5,0
0.5482060765593058,2.508071431282226,5,0
0.010463609336242493,23.25537612099636,3,2142000.0
0.009227814096387104,37.33309957347084,2,786000.0
0.008958256074549621,27.393944880223206,2,2136000.0
0.00016964827229337703,51.749486239849105,4,560000.0
0.03351948478204567,22.83459508280407,4,720000.0
0.11804037197195627,8.483558156426295,4,538175.9273
0.017029250270507203,25.804131315274137,2,1618000.0
0.0069130633535179845,36.98940239021832,3,1260000.0
0.011997474066522778,32.5281611583101,3,1332000.0
0.0012734660538673752,30.25083724103725,3,539264.01743
0.019456351311608108,15.248393165700918,2,550712.70516
0.005089810864530509,27.63292494836218,2,1222000.0
0.03388872248746291,10.75915182279975,4,662000.0
0.05522599318156779,11.573710396169355,4,547641.18137
0.012735793593406063,40.846428997220784,3,4834000.0
0.0017468022432992445,33.28959149305844,3,756000.0
0.01739284181876041,27.473371615773807,2,2068000.0
0.0036350921140046373,43.141479952900404,3,546143.82043
0.006400498989950823,32.50141109977845,3,610000.0
0.028534497251815307,8.228513442605427,4,634000.0
0.042252955938438766,16.054239841714505,2,914000.0
0.03521697173590521,32.71548194634483,2,717155.28292
0.015967846199115666,28.6876781684668,2,1980000.0
0.025287007181809578,28.660494246286063,3,752000.0
0.00019177549164985121,57.04780937305791,4,534576.29959
0.022528984415839177,18.432011063574553,3,1036000.0
9.33528564490091e-05,64.50474437773252,4,528327.98051
0.03424179113992294,19.10635907745622,3,3190000.0
0.009724220593049624,28.079631335396993,3,982000.0
0.06373563619398268,15.333911357694559,3,790000.0
0.0010471867905692664,38.40555729288695,3,1142000.0
0.02305216579849407,28.507016711923637,4,798000.0
0.17009014734138883,6.717183455958834,3,990000.0
0.00046508736023509017,59.71298556192052,5,0
0.01727612873474025,28.107754191438573,4,1248000.0
0.16241989282582245,8.499792406152185,2,808076.85059
0.006469349600873407,39.45743349946659,3,1866000.0
0.001324932744976309,46.45435679992046,4,1178000.0
0.009703863351942277,22.14228708601934,3,534893.96524
0.02892325434598577,19.465726162010046,2,600720.07156
0.003614282197293658,42.51461372997481,3,736000.0
0.007786469310216868,30.999974321906556,3,3698000.0
0.014554002938122392,38.65201040581331,2,796000.0
0.03856517608709489,24.581568480092322,4,5866000.0
0.0029363111463225596,27.75936538253629,2,980000.0
0.08444879319167303,11.552943651961577,3,6580000.0
0.018545009611185225,18.929930626413274,2,722000.0
0.007307266068893308,24.812750189557704,2,2408000.0
0.02867267868071139,18.60798288350705,3,1794000.0
0.005330383961755861,43.185284569238576,3,918000.0
0.025231255051027066,25.083129957181605,3,1522000.0
0.007071700803248936,26.523987980793635,2,1902000.0
0.7709565805401631,1.6080634266011147,4,1526000.0
0.013175485960130587,4.528103433810229,4,541749.44629
0.02839804209049072,7.111273781470569,4,946000.0
0.16315633264877846,6.04509952659372,2,2278000.0
0.00696482862931995,22.63659005977695,3,1074000.0
0.00046969936259832,58.42093880795771,4,534125.94006
0.009203261279214017,31.984231199708397,3,724000.0
0.013870656182401592,33.855359138060365,3,4776000.0
0.060272685928785846,18.846606143952602,4,1302729.83399
0.609227085918431,2.3780234493775754,3,1978000.0
0.006343983979030371,40.81781157236632,3,1374151.55813
0.04644207672593233,12.676951939119977,4,1336000.0
0.009520971955861351,31.264771612443397,2,1896000.0
0.010596070706662922,24.07335370464319,2,3632000.0
8.586831567779121e-05,63.33789140345766,5,0
0.021460822942034663,23.404888194071916,2,864000.0
0.027972305826856166,26.08357708257028,2,772263.06082
0.0032424209622081797,51.50606727338249,3,1110565.02561
0.007898058862192636,22.324291300260935,3,1746000.0
0.015206398339636877,36.171665444229134,2,1544000.0
0.010231720800338882,31.73827116224908,3,1378000.0
0.02278175364662969,21.027159543059003,2,1006000.0
0.02118711212204959,14.028996130615763,2,2250000.0
0.501403408302675,2.742978774386903,3,2124000.0
0.019762171535521292,24.34124040395321,3,1072000.0
0.06464967756209536,16.204390362346246,4,5212000.0
0.022700058092942958,23.795977991497523,3,2276000.0
0.19827906708115164,7.023898941440423,3,1362000.0
0.017436764695908106,20.931587893408672,2,1237335.61148
0.05283475257261343,17.65376743544346,3,848000.0
0.2519060855622108,5.696999761729074,3,2436000.0
0.00042467256801245295,56.303792964250704,5,0
8.612668056991315e-05,53.10164424210873,4,531919.30931
0.0037995530815397964,20.986625989096332,2,1090000.0
0.03561381040606093,25.200192486107795,4,4306000.0
0.022038662685895404,25.91400838051549,4,1696000.0
0.20572547490478013,5.769687696966145,3,2944000.0
0.000328818760928676,60.90400750540057,4,538585.91191
0.0008412479081391288,21.10408990937676,2,608000.0
0.08173032352990017,15.238883892946156,3,703207.93221
0.012854812211578056,31.235778853816537,4,1610000.0
0.001661459161489464,24.88191974339245,2,546412.33813
0.006789924628947852,26.8520696109489,3,2338000.0
0.013737616942640429,27.17228544552993,4,6806000.0
0.0033210789700982585,25.64004511482241,2,884000.0
0.4055423287631114,2.8829193265513062,4,1158000.0
0.0008791455140655352,21.928562865868756,4,550952.97861
0.09101915162304883,12.40384492273729,3,1024000.0
0.16504828760903284,5.745285336502793,2,1156000.0
0.0012419659542359089,6.58582292479608,3,563896.6524
0.1224196596943094,10.630559574414411,3,567573.0046
0.02481389410635669,18.140588366114187,3,2448000.0
0.011140373337087638,37.026711494002484,2,1268000.0
0.0049784068192104255,32.77956582457352,3,559677.94864
0.006139015794176732,50.73843064562666,2,885702.08611
0.44237182707741796,3.4146516926167356,3,1240000.0
0.018591996566800505,29.90784642370869,3,1052000.0
0.0005021558486840535,56.37846843201021,4,584000.0
0.06528116005825184,15.192087855563871,3,1722813.40403
0.0005776007359467898,59.370674239577596,4,5132075.72754
0.8917156795654939,1.2862424166999085,4,960000.0
0.0029254432257236067,46.507465607257046,2,802862.38383
0.011262709606276263,31.054300022015525,2,1640000.0
0.12481337534770989,8.03183268104993,2,1312000.0
0.04417257607356198,13.889059922856868,2,1634000.0
0.002487250433700571,23.808627880992,2,1042000.0
0.0034121968287693103,3.9889652106708966,3,690000.0
0.05127586550394109,17.361909409975503,2,562877.62682
0.06603334750832933,13.814479183687325,3,529813.02272
0.04040860608878294,6.0013843675889,3,1658000.0
0.01917616736600496,32.82123253501903,2,1532000.0
0.006709257970760041,33.82945163834741,3,982000.0
0.06023690115995272,6.806268880701782,4,1068000.0
0.008254418230252056,26.704012073565984,3,1352000.0
0.00743328503416818,7.839376766647765,4,1142000.0
0.00789883442795187,28.036157086665245,3,686000.0
0.32389242426442105,3.555758895158267,2,1032000.0
0.02490517222828712,26.606941830466138,2,736000.0
0.006266667893002918,43.30352999266659,3,820000.0
0.015439152254844999,30.198010800982725,3,796000.0
0.6412575798229075,2.1584607421875472,4,8358000.0
0.06826575600873258,12.474016611957872,4,1974000.0
0.012175801155359905,17.2829202884128,2,1191999.9
0.025964583007510547,26.89855014508831,2,1544000.0
0.012461541246225137,38.05857966832148,3,1614000.0
0.005331755281969968,31.673175175542156,3,702000.0
0.01369781261435782,18.89777053023344,3,2396000.0
0.10506086190606702,8.609892336686444,2,1356000.0
0.007323457653192579,43.19293658194674,3,765493.01411
0.0027881284053187213,30.204980239392285,3,3184000.0
0.0790553499789684,12.676206665657096,4,1940000.0
0.008308264615839927,32.11557294787189,4,3340000.0
0.00937047573493912,53.242069694819754,3,1347356.27201
0.16754402588076958,6.537789434100704,3,2020000.0
0.002417982924847497,41.02826802342036,3,655141.82163
0.045197603714971425,16.332722464357296,3,960000.0
0.017660673611922084,31.773087508761172,2,1926000.0
0.07646176064109415,10.23015862671186,2,7434000.0
0.010765228286156336,28.63981902029827,2,2474000.0
0.00409437478545403,12.807491036922945,3,578817.1829
0.09105529834613119,11.504218355929885,3,1104000.0
0.009013227256233847,30.049550241890376,2,1450000.0
0.023309488929276274,29.374273976422064,4,530515.07219
0.012725794592618172,43.13497571417917,2,1352000.0
0.11915406694103482,10.335930858155125,4,712000.0
0.1391358368720359,7.416877408040502,2,1236000.0
0.0025451137056660346,37.193428340652645,3,1076000.0
0.011459367428312484,28.8826481788816,3,1076000.0
0.014240564608982266,44.898212245118934,2,1578000.0
0.0301984311186564,15.046799890092892,3,3493620.67946
0.041922764264264584,19.500316467232874,3,1072000.0
0.0004183459956943501,59.490097164653065,4,532714.09568
0.27515085631727065,4.096541040039176,2,1424000.0
0.09661766687992783,12.017206934566605,3,1026000.0
0.7306658708158615,2.0640801561733317,4,924000.0
0.8038234072032853,1.842694074608287,3,1878000.0
0.0038057440253766975,20.01452695898734,3,588000.0
0.02388662254864057,30.735109232992112,4,8846000.0
0.027578847170125962,23.70152289973967,4,1686000.0
0.012112924734333329,35.2224040999539,3,522708.94157
0.03696940108923573,22.257560230881708,2,1036000.0
0.007072981031116228,37.653828704575055,3,2346000.0
0.0002204820730566426,60.308481741629784,4,533692.32693
0.014155051420910959,18.954463624891492,2,626000.0
0.5678501133018962,2.470951334599963,3,978000.0
0.003526511423407241,10.391808086139298,4,542250.08488
0.013499178184428234,39.01535566233953,2,1552000.0
0.05234053011640315,16.803860666511177,3,6386000.0
0.0046047292505892725,31.939509013389266,3,1092000.0
0.4300819683326068,3.533782782651508,3,716000.0
0.01063387299160242,26.738591190954487,3,1982000.0
0.012442073814605312,32.62511127915068,3,2000000.0
0.005926401911532204,46.97623284327848,3,834000.0
0.0004970047120321274,53.70328198623009,3,540714.12008
0.03946772893854601,15.77715538252014,2,1898000.0
0.005466415297638215,35.44027329414674,3,1000000.0
0.006975632835524926,39.50172954912166,4,544074.72271
0.004937761627627738,37.59876775033822,4,1498000.0
0.01375895667492158,27.847676912161006,3,3758000.0
0.015707638827725447,27.606708022471654,4,1132000.0
0.1116465539299421,9.498565621595395,3,1500000.0
0.03917078000217153,18.964792101794018,3,686000.0
0.03091863416432831,22.85860579421038,2,2752000.0
0.0175019608569747,22.424742701363183,3,1252000.0
0.014668730601703242,24.431100810000046,4,6398000.0
0.005538555592074055,25.06756273635658,2,2338000.0
0.00903969725883658,23.49755406986895,2,1504000.0
0.04173020011555533,19.420597071580993,3,1802000.0
0.028054667600601255,19.854598123917796,2,1070000.0
0.023499248248930234,22.50439138175691,3,544573.42633
0.012007788287493248,31.374999231980762,3,904187.50829
0.079086809879166,13.480360523023494,3,1008000.0
0.0035122599132869007,46.584852612214284,3,547136.38627
0.003365376050653203,43.64468646497965,3,549253.27236
0.03058953465521541,19.810873486300423,3,1294000.0
0.0011111573525466854,4.598315188941856,3,1094000.0
0.005418450324695062,34.86896827934044,3,1576000.0
0.0010663584540435188,57.52627221554846,4,569702.92889
0.7274208005054441,2.0740906031663457,3,814000.0
0.1208068820042701,5.641855678382452,3,1738000.0
0.02277729076149761,20.61163346350941,2,539946.76509
0.034753255847799105,20.949967973762032,4,820000.0
0.001493618270779631,57.351124717425556,4,534895.18844
0.08736632095494931,9.70074397852685,2,1180000.0
0.1270449781977745,7.6654545321221255,2,866000.0
0.00013066064186568685,45.76186128416335,4,538078.46728
0.00217362422294753,42.45228818025055,2,1978000.0
0.007728132281591695,26.666202283687703,3,1226000.0
0.18108726428334695,6.862985573163808,3,4560000.0
0.015370207948820169,24.975983537052468,3,4650000.0
0.07286144478783108,16.26056104440661,3,1639772.26941
0.0033159875470458195,40.137475901224036,2,858665.22144
0.008608704775396962,5.727925309843191,3,1142000.0
0.016086414030323803,20.3130640266132,2,1424000.0
0.000200989669850051,62.515975124183086,5,0
0.04707816383298648,3.9220148027563915,5,0
0.009562365027500274,23.334611833997915,3,540818.16731
0.050469244040382416,10.8602326082009,4,1937137.41396
0.005975674009382611,27.057345956579777,2,1052000.0
0.0066776898855093626,36.052688143645945,3,558000.0
0.0007492472709265014,42.53190893258687,4,549300.35433
0.000979180408696265,60.50882517866334,4,637894.51984
0.005485117611830726,34.558630602639326,3,1024000.0
0.20498031589068974,6.488590062855472,3,752000.0
0.027445931495604144,24.50978622853009,3,684000.0
0.02367568915559994,37.08356671938094,2,553083.5992
0.011450173611796335,14.41088638201007,4,966000.0
0.06005955109147661,13.370103492217622,3,1390000.0
0.054880868656004556,19.860668703546587,3,652000.0
0.0006404510390161998,58.47758922850943,5,0
0.0017074486970560495,39.19086336282251,3,589003.62226
0.00579644311780895,8.028292853967443,4,572738.03332
0.0053255839948875925,56.23835728763821,2,1672272.71858
0.0014342670984253273,31.537866461625363,4,542174.44455
0.00012462576138612706,54.05850295106021,4,555871.8561
0.0001429050596480399,62.598573170791724,4,694311.17361
0.06377032469101968,11.955706306885645,3,6212000.0
0.5859547766128834,2.1472274158836027,3,6732000.0
0.26648013231698103,4.5646701496571485,3,1596757.8529
0.004130496477026301,42.2220865880721,3,742000.0
0.011647844742195603,26.375267830302462,2,1532000.0
0.0050610055298349185,35.48338599630697,2,670000.0
0.005003338081907421,45.96887535403498,3,551954.42503
0.02030491904453811,12.752494858009944,3,628000.0
0.04119865717567996,22.849941976735042,3,1580000.0
0.0034644812450010123,38.64413287304594,3,554818.96665
0.0018456858180307375,39.52052409833963,3,537681.53035
0.0032949626928821573,39.195998289778686,3,1140000.0
0.06746134151547105,13.49149139900008,3,700000.0
0.1450629001117464,8.061489644257199,3,1770000.0
0.000167730610168396,53.67929425862969,4,533733.21281
0.010604502624109825,31.521194569049772,3,1462000.0
0.010331118668892351,76.67018739378204,2,710000.0
0.005604933638034019,24.04179146070301,2,1428000.0
0.0104165579562408,15.466050910185583,3,944000.0
0.726794508402566,1.7973907280742085,3,766000.0
0.042510965299373316,13.123672670468201,2,2414000.0
0.08405716107244375,13.928890682562407,4,858000.0
0.0054841069767651174,35.319744603547775,3,1064000.0
0.003879443426909935,40.56011682621428,3,746000.0
0.0005010453756886121,5.27756876389904,3,642000.0
0.007482595792411112,17.098524901875297,3,556450.47446
0.0036576912534186166,33.19311309019249,2,3020000.0
0.013819236013270226,52.46241202462808,2,1074000.0
0.08809648216443408,11.98556373165124,3,1660000.0
0.048356186145325185,17.11580532466479,2,2848000.0
0.011971024310954705,22.535879729804336,2,4207661.03026
0.03491351202347435,19.95706407320719,3,1386000.0
0.11342791670293575,9.921844356024724,3,1286000.0
0.00491921787221887,6.249132030190875,4,575380.54291
0.1539676149583323,8.364696451959208,3,756000.0
0.016344553875594046,32.79484526255371,3,928000.0
0.005836246741440355,41.50501168293258,3,5774000.0
0.042204293617158314,15.583019307193483,2,3334000.0
0.07838018239474466,10.226794014032851,2,976000.0
0.37973525511929734,3.6993249105151573,3,1580000.0
0.12045016716044075,9.39373336587347,2,2042000.0
0.011318692209792076,41.637830102452355,3,1474000.0
0.1079190552666143,8.102671247460666,2,3002000.0
0.012212108354666549,40.855516046906466,2,958000.0
0.01342113347556858,24.634917486853208,2,533653.29185
0.04508335652691643,15.857191497497393,3,1134000.0
0.7066638120912723,2.1936546978095057,3,1302000.0
0.008509382726309288,38.40730241681554,4,800000.0
0.02887820411082607,11.868252075432343,4,3020000.0
