0.002444552140535752,70.83897783046122,3,1120000.0
0.007869092150702363,36.112566218294106,3,800000.0
0.004403620457453087,36.95276495944154,2,1586000.0
0.24080211793021547,6.584030816425417,2,1090000.0
0.0512478540633432,386102.9495477684,1,1518000.0
1.980063854001321e-05,100.0657184829895,4,0
0.0009422778432183801,75.22876085342892,3,3064000.0
0.0196303277136668,42.984537861486814,2,1430000.0
0.009832979492327986,5.298314070599682,3,890000.0
0.00011382470447671247,71.3983451577859,3,548060.49295
0.02952355784360614,30.97455986572746,4,0
0.000204457238947991,82.14460022525795,3,558555.52038
3.813754360724268e-05,100.05354631698036,3,523113.01576
0.012902560671111205,44.24669137275889,3,1828000.0
0.012457158247880929,56.39214706908867,3,1520000.0
0.01009274947157957,42.90744095501352,2,1936000.0
0.06761459005791776,17.37524000940374,3,974000.0
0.0074811434065102655,36.22410293856265,2,1326000.0
0.0020691085090383844,75.29590576847446,3,1036000.0
0.00027989595983178155,93.55013377371367,4,0
0.10954925815001695,11.085019262408123,2,3972000.0
0.003916218234867685,41.034154238459905,2,1360789.22338
0.007216802736722518,39.077076887042324,2,3580892.27541
0.30831994116984257,4.236486664888786,2,588487.95698
0.30925334627606726,4.299438326660403,3,3394000.0
0.008092293364299697,5.010414627543214,3,556698.74669
0.03405422900785264,17.971424811897474,3,2452000.0
0.009419415590375565,37.353465771024645,2,1286000.0
0.014124470867609958,47.45515813603475,4,0
0.06170000832898616,19.73576337983384,3,830000.0
0.00010010168608200543,95.85175781154838,3,532193.32874
0.014627413469919439,36.62363115328417,2,844000.0
0.0013194759359502221,90.18895149844961,3,1022000.0
0.013011574507351692,56.062982872476475,3,541775.67655
0.010599939507527936,27.705869634990272,2,2020000.0
0.01184526535244304,48.23647594130005,2,1548000.0
0.07830542542819624,13.944509822806674,2,810458.2902
0.004859234451155222,69.97326898917035,3,914000.0
0.04593782564709625,25.037851640105988,2,1796000.0
0.045685722479505086,383525842.06457007,1,2090000.0
0.057318813292906744,19.243044939163788,3,1766000.0
0.00626029124798667,8.729988893272502,3,550489.58485
0.009193956068290545,79.84677559480072,2,2024000.0
0.21765990074917643,6.6399911269659,3,2072000.0
0.0007385906340007597,84.25517220579393,4,0
0.761915674439767,1.8134785052974967,4,0
0.09140775576555887,13.23251707666039,3,2624000.0
0.0036487705745660674,109.78533127099445,2,568711.82226
0.01984144137689021,39.96151713961382,2,5978999.70913
0.00035993744002919045,84.49839854587057,4,0
0.10651865769663249,12.706718336745242,3,1406000.0
0.7228673529582004,1.5383913609787494,3,2112000.0
0.018695648403920375,38.39079136090599,3,1198000.0
0.019220813759377238,37.35967340550246,3,1670000.0
0.0062563751476139105,7.031109548398863,3,549291.18901
0.07481379896617928,15.100917140024036,3,1816000.0
0.03573870414481196,29.99967276039274,3,2060000.0
0.011338343759363953,32.89731815615405,2,2986000.0
0.00030399949176474785,92.46902853808729,4,0
0.014865277518264032,57.87535208484956,2,1375999.9
8.136998726979295e-05,87.50228710520709,3,548354.27416
0.011974955895228718,59.84109963100293,2,1168000.0
0.02726863472122505,26.29594334551992,2,2450000.0
9.9430341893712e-05,94.00199451792089,4,0
0.003422106926154283,31.709237370228397,3,774000.0
0.005352076823556817,44.86774423466356,3,752000.0
2.1092983811644276e-05,106.08942650777628,4,0
0.17593585256987854,3.5121462520077604,3,4652000.0
0.0005533446349090414,94.47579581522749,4,0
0.0027103481467323867,52.66383114687714,3,760000.0
0.009470696060539917,45.859447837265336,2,2030000.0
0.008572816887298976,42.61673290452872,2,1580000.0
9.996828395558973e-05,104.78858990130679,4,0
8.988342506505338e-05,100.64799701177982,4,0
0.0028342034027319953,38.34128825510286,3,668000.0
0.0002554302176082104,88.86898927729092,4,0
0.3412194492991566,3.0340989660909568,2,890000.0
0.0021659806897223817,68.20558995632773,3,736000.0
6.260354625059377e-05,100.87584038691563,4,0
0.005107721060139467,51.390229170829805,3,1696000.0
0.01082279703629077,9.46599142792747,3,545374.84094
0.008021901394939742,47.57826402430313,3,1004000.0
0.04994420848096648,20.91476946593519,2,4672000.0
0.00014017028877529603,98.58554602403757,4,0
0.008339274059809594,43.130562779883775,3,2216000.0
0.009531584999793365,6.030041418579307,3,714000.0
0.02772790773446121,34.083207212464124,2,2320000.0
0.007977603620340985,56.81611939514209,3,2288000.0
0.0008467738606802062,77.18114272979831,3,730000.0
0.009856165516385237,17.924972939399307,2,928000.0
0.007033736391841557,58.91198374344187,3,1528000.0
0.98764452239151,0.4303612507584752,2,632000.0
0.0038069264641565105,45.70395518331033,2,2276000.0
0.0007912483771101862,98.68081547048249,4,0
0.05691419757195805,36.488879330062524,2,1686000.0
0.021274038763672603,44.12058352914662,3,7776000.0
0.14363920992454302,8.830284279462308,3,2416000.0
0.8690553525173255,0.666104692045764,2,3238000.0
0.006364535455430889,6.951976433723309,3,553661.05064
0.09444852179180345,10.489147856280875,2,860000.0
0.2950328112980375,4.262019626797021,3,4058000.0
0.008026734664108335,35.55076265449374,2,1632000.0
0.0361174592259897,19.991930887110396,2,1422000.0
0.0013832883738527954,85.24448000948223,2,534500.23084
0.0020954380218130347,31.701656190840556,2,910000.0
0.014765873754121861,133007507.81958282,1,4034000.0
0.02377428712963413,31.94991303324621,3,2716000.0
0.0005362656798866705,99.8141353926379,3,977960.59688
0.0025351732249851,68.71927465720384,3,760000.0
0.37863657077258517,4.115432745532935,3,1992000.0
0.0007219677549836563,84.21816850881642,4,0
0.043530348538202146,300981.00610543846,1,826470.68229
0.007957409910874864,7.940325555639375,3,539860.89944
0.0070439313895905775,23.744099811924244,2,4526000.0
0.008669343006421443,35.94555879248702,2,1070000.0
4.056224252017369e-05,97.65248444820543,4,0
0.0027602463123663,55.37004801222231,2,1607783.52879
0.11593483728331061,12.130262512159627,3,2378000.0
0.014374565734467127,32.9733697549972,2,1728000.0
0.07460162686147931,18773279.993305646,1,1938000.0
0.0019766368603041633,73.78733293608049,3,744000.0
0.75345346182087,1.9025303973762566,3,1848000.0
0.00031400913519485436,102.09481666250008,4,0
0.029070341786700427,641114.352089628,1,6588000.0
0.0010144434783855428,77.43604267557012,4,0
0.011988137358543871,5104869.749461261,1,2002000.0
0.11949636565981572,10.1832171215695,3,1748000.0
9.142477520592556e-05,95.4128425780564,4,0
0.002628048140901623,67.49828618491935,3,1536000.0
2.2329035806891082e-05,104.20307386929446,4,0
0.06092879462919727,15.066781227066903,2,1826000.0
0.049335744881051136,21.45068428403198,4,0
0.0002014740802208811,96.38541095132169,4,0
0.8266330298312485,1.447289918960931,4,0
0.003456161796893525,71.27191487441607,3,3802000.0
0.0008260263438613878,49.16919204778438,3,7904437.22334
0.007392895942643111,6.978268766769289,3,622000.0
0.004133962695659394,11.867103229041916,3,542554.69632
0.007168142946698568,41.26271252510341,2,1640000.0
0.0004735794209680569,79.39490755360127,4,0
0.0014056423392121932,51.24966764202353,3,721660.73998
0.005357153824097648,49.74197886756189,3,3412000.0
0.016118229719456666,41.52859798146713,3,2538000.0
0.003236147020493293,25.659241352634837,2,4051999.9
0.023246743415042983,30.971444224552013,2,726000.0
0.142209891779521,9.514324540963083,3,8312000.0
0.007380245791529348,44.90051114656634,3,1296000.0
0.027358980071957764,19.128552502354832,3,2030000.0
0.013933234333206009,24.82890162837089,4,0
0.0016721398668502507,98.79658790811358,3,1748276.53296
0.0004032561406830029,82.94567337434374,4,0
0.0004368344216470348,95.7553212489694,4,0
6.0062484881183675e-05,99.96129727072865,4,0
0.03944997153165381,19.835588577837132,2,1156000.0
0.0008163712487953864,4.625642964626382,3,550981.39399
0.10328960582756785,10.170457490807879,2,872000.0
0.008463212574321208,49.37519664726014,2,4868000.0
0.033038482747872494,22.229743471622914,2,1598000.0
0.012266307659116758,40.989218108771816,2,1620000.0
0.029714937683684044,11.674705058584262,3,1938000.0
0.00341919777994317,62.173687077283724,3,906000.0
0.0001455780458831017,95.80070875665263,4,0
0.015685538112192615,39.96853766871687,3,885137.02172
0.0016796499531307992,97.12664566379276,3,2216964.69467
0.0002445064137194845,89.51474014635899,4,0
0.020829356576468835,38.74089065439129,3,1592000.0
0.00049898825455604,93.84316243069587,4,0
0.00038896959877739016,95.93075141923148,4,0
0.009766390938312901,7.0922231217970095,3,547538.14036
0.005293035784150957,9.172391220539083,3,579714.83605
0.00037513488610123303,65.19279968310852,3,804000.0
6.507944877585506e-05,93.62058256651542,3,544364.16307
0.00015868593777215368,82.6679262177408,3,548461.27944
0.09777287503069709,8821776.043586085,1,1964000.0
0.008048748647911441,65.49722093602996,2,1910000.0
0.021333292589307298,23.243634881591905,2,1550000.0
0.00013917087704270206,101.38175147708982,3,568711.22247
0.0036895541442044507,37.559194298527366,2,786000.0
0.0004826343999650589,96.36612613240857,4,0
9.893976817197152e-05,95.76954483114189,4,0
0.005794463561134643,16.693129967044037,2,1562000.0
0.002947435945075694,57.131234442702635,3,1244000.0
0.028870821129007646,38.40896167290291,3,4984000.0
0.01143629599251355,40.663781459710485,2,1132000.0
0.020406370496092046,37.354437945192736,2,1184000.0
7.88172601948605e-05,101.33028035942473,4,0
0.0016211944781251413,95.75496590061141,3,534000.0
0.04564743724122254,21.225188974559135,2,1372000.0
2.7361187059262314e-05,105.51886771307618,4,0
0.23225529825732413,4.404333403678962,2,4720000.0
0.00044228398300783254,83.51631402588691,4,0
0.0008324661159336829,5.21195981127671,3,696000.0
0.012117895368875907,39.056671648614554,3,906000.0
0.0076497645136087995,67.89133598870202,2,3724000.0
0.008045138611741248,67.31248264706294,2,3714000.0
0.027930509050286188,25.30464407767816,2,1608000.0
0.15984851804151423,8.442409606990038,3,1836000.0
0.0005109754514425385,76.58076345225588,4,0
0.0053247994651794035,49.671050371591846,2,760000.0
0.005520568253720621,50.03948152868884,3,1480000.0
0.062063656166466495,20.180822744798135,3,2198000.0
0.025134763653999637,22.355930318909735,2,1416000.0
0.030607031395433235,28.37932446662774,3,1530000.0
0.008083093827712612,12.95897401751765,3,570341.8676
0.0021777078343130835,48.688799098686324,3,846000.0
2.9636994447906108e-05,104.89493843617912,4,0
0.015512668607967047,31.158125311282202,3,531928.9158
0.012509572520928802,44.52549128095936,2,1330000.0
0.03667827606516848,25.15284994949699,2,1478000.0
0.46748989804337726,3.3815564071597044,3,9468000.0
0.003263914877652601,56.900659597926904,3,928000.0
0.009230082833254234,44.44403805749236,3,972000.0
0.06474301432215826,13.661123009631028,2,1844000.0
0.005857706523249077,14.461336386657585,4,0
0.014970579875947113,8.534555800175882,3,577261.69046
0.01491637687567527,22.209370202803715,2,1162000.0
0.01110113865487434,41.70365034505304,2,4618000.0
0.0025741910405369774,81.28279422160246,3,621469.11765
0.0004433102403812293,93.39689713903132,3,528380.53754
0.6607775429344742,2.386504994656257,3,3132000.0
0.0002847631585019845,95.63749051135346,4,0
5.299907893141841e-05,67.8287106214764,3,586000.0
0.005918636238658254,27.157204648112366,3,1614000.0
0.0006023936948654162,94.144536051964,3,946308.71213
5.02330123545538e-05,95.23151155623532,4,0
0.00031065061528399735,86.5493382386565,4,0
0.00048110878050040584,102.23349319753821,4,0
0.0002218086422155915,102.51750696007494,4,0
0.00025407901654320245,101.02423471157363,4,0
0.013321796962931825,55.3758140993019,3,2948000.0
0.0030077359751281957,52.94523039645075,3,814000.0
0.0005053997312656789,96.94953051249836,4,0
0.669659761860414,2.017743123433396,3,7602000.0
0.003241107420712973,58.79077866463329,2,738000.0
0.0025028939613733485,54.59269062167905,3,1154000.0
0.037599767262662724,30.847319212044848,3,5284313.4328
0.00019912635887557817,100.39584593937417,4,0
0.009023861718648097,29.43873376293441,2,1878000.0
0.02331076797931634,30.367100501081122,2,1120000.0
0.00016611748284988052,74.04169091702747,3,543596.67332
0.04709845188084684,21.113619127891226,2,1178000.0
0.018984445694751738,33.61031183548057,2,1318000.0
0.003527929175394812,58.51039887868048,3,607629.7371
0.22411268365533218,6.365436324683075,3,2194000.0
0.036369211943830984,16.78316752218754,2,856000.0
0.0011669793570530788,78.40046840485928,3,545996.47497
0.00971981151620994,41.43877458397319,2,3576000.0
0.03695078546608522,25.035425859293717,3,1246000.0
0.03128548781375464,18.34482230814051,3,1342000.0
0.018770722378611295,35.63851189166174,2,7434000.0
0.0005242401720048741,87.89631595283198,4,0
0.0006917607615795788,93.04529702524323,3,943985.342
0.022279920080826982,29.10023146522539,3,9020000.0
0.0713668387139979,17.814958537399487,3,8060000.0
0.005548088645852812,81.28690290348784,2,1138000.0
0.000234058953483597,86.93277425186733,3,4765353.55689
0.00832352356010412,50.755583025844544,2,1010000.0
0.4145832183487983,2.608861372671066,2,2952000.0
0.03542619951715502,28.184163760935704,2,3290000.0
0.010765790735057845,51.36950161221367,3,872000.0
0.00018074237136311386,83.94429220001363,3,537525.17491
0.0005323012934470966,88.38687125966149,3,572204.62778
0.010970811183415783,78.16429217843435,2,1378000.0
0.8668410157746431,1.555757826118259,2,8082000.0
0.0020366500428857276,50.52972331165771,3,540574.69452
0.006191682210400886,7.652743954009412,3,553661.95878
0.0652946296085988,13.625922666380646,3,1478000.0
0.020426903717025043,23.159279259249118,3,1044000.0
0.017688287927401035,32.58692229280591,2,4370000.0
0.023220587240589688,31.758038557524074,3,8242000.0
0.000777184166626107,4.468235679690706,3,595739.73431
0.11906628341465192,9.25091068443489,2,1310000.0
0.0053045214247184665,61.41209766681559,2,1180000.0
0.03423373960629527,33.05803142321026,2,1822000.0
0.001024077481712208,75.51843976701905,3,586494.24982
0.004589122368381498,49.69664847789118,2,3420000.0
0.05052196947749149,21.307147507983814,2,3698000.0
0.015480767014606892,5.19991160844729,4,0
0.0773206933956447,16.816556004434247,3,9508000.0
6.473824371012195e-05,97.71366401746359,4,0
0.014400340342050379,34.852033535868806,3,1952000.0
0.2416157346470496,4.797847799704799,2,3094000.0
0.010914614931349586,74.97265203844287,2,7230000.0
0.1138774375764091,9.774100672074765,2,4530000.0
0.0019667183053366237,42.70481120409385,3,2774000.0
0.032644540691439614,22.60876521062922,3,4436000.0
0.005391080122682993,9.03738709444176,2,3284000.0
0.5635666387024038,1.664455678666853,2,1208000.0
0.08731104654146266,14.78384410885962,3,1512000.0
0.0051407021222471365,10.633559869348213,3,558190.28403
0.0014297231693627056,81.0865437343704,3,531093.27231
0.10549010964885787,7.751136121978996,2,1998000.0
0.016725910448008,44.986022567234826,2,2203246.34539
0.0005267928427221802,86.62715416553138,3,543424.55331
0.00013589315171442642,93.09148107107858,4,0
0.0031515682851278393,15.222057078982262,3,536967.70675
0.04363932191580211,1064867.0473713013,1,1172000.0
0.004238719215686342,30.15267278225038,3,774000.0
0.003453070886793769,51.328941563883006,3,814000.0
0.011670640447665038,50.12420635433073,2,1242413.06689
0.0032535911106126632,40.95614508559392,2,888000.0
0.006381194057660641,41.279422561465736,2,1032000.0
0.2565866094405942,5.880757549439997,3,992000.0
0.007030798234181105,44.30428387769958,2,672000.0
0.019185199680529917,31.26903962975673,2,3884000.0
0.0003414288357381558,92.434682166349,4,0
0.014510570882460789,22.713283630850043,3,810000.0
0.005867128442648782,8.386006895192336,3,585584.42683
0.025711269156490763,24.039796670746803,2,1972000.0
6.23487557201525e-05,100.50742490879712,4,0
0.0006282209197946326,88.83079121330195,4,0
0.02471880619331452,28.005184187489387,2,730000.0
0.0018665210940064661,29.701488223703656,3,698000.0
0.008625454079713954,5.602971106621582,3,668000.0
0.004501925076059452,31.467055786871423,2,1452000.0
5.099719570615595e-05,93.34128069976445,4,0
0.07982100368846616,16.59152991925788,3,7673222.01723
0.0013665780228284705,83.78648393568093,3,588545.03688
0.0002140324058891556,94.23581592751992,4,0
0.07599272959068198,16.839748754295194,3,982000.0
0.014180295614878187,5.592869090875864,4,0
0.07581981296565093,18.417586449827244,2,1654000.0
0.08279809498907446,16.338096434679837,3,2584365.27229
0.05126005152538367,19.874247656401018,2,924000.0
0.06212682614848286,17.673881381530894,3,982000.0
0.0017399782952471168,69.08354750273072,3,740000.0
0.26851117985535317,5.591047571358614,3,4804000.0
0.06985571166428395,18.198992529365384,3,1324000.0
0.10727864782390772,11.786532884509707,3,2208000.0
7.542768592458865e-05,91.17676711880364,3,552197.73284
0.007764316056034436,130.0750336908273,2,1726634.88626
5.8868430025541115e-05,79.27108222214235,3,563846.49046
0.0015085293478078559,91.81233862834175,3,1922610.19613
0.023651913268563928,13.334228138142544,2,4972000.0
9.99154390247131e-05,91.4997504333005,4,0
0.000560151140018894,101.52675042938728,3,2087484.23929
0.09288585697863753,11.714996591713478,2,1558000.0
0.0015488594993126829,61.66488896707597,3,3288000.0
0.005113896781718905,47.03994747218367,3,730000.0
0.00675925010876282,67.00071405113596,2,1646000.0
0.0026301121636831447,10.020328290015566,3,642219.89549
0.015218984380138459,42.61537062862436,2,678000.0
0.00026025497049180803,56.42634979090223,3,564458.16922
0.0153426068693683,55.70462500550422,2,1176000.0
0.0005691495300320469,95.24132991411253,4,0
0.0031516907908110212,37.707712961849495,2,1182000.0
0.052870877667566374,17.790976136071162,2,6846000.0
0.07614143524606036,18.44178738488753,2,1460000.0
0.007532861262601765,74.88906759045065,2,1436000.0
5.9934205408783325e-05,96.74801038399359,3,555645.54228
0.013038119377037184,31.946752769712358,2,672000.0
0.11489390739413173,8.708626305876399,3,650000.0
0.0029065235068056203,65.6698843867221,3,1396000.0
0.041134903549480246,19.423501354776832,2,2242000.0
0.06661254331410361,14.033034823604734,2,5886000.0
0.02965106712367275,30.632284503662284,2,2930000.0
0.016424061234123974,56.63982649504261,2,2308000.0
0.01875026974145085,29.64155979091754,4,0
0.8603753993186425,1.9509986299845852,3,4928000.0
0.0021931066680707374,81.79699110865866,2,932000.0
0.007024480944630043,14.117806051528358,3,573960.42775
0.011967507884217458,46.24536044292712,2,982000.0
0.00109989935363833,70.07001280570574,3,670000.0
0.01233215735771402,56.516921468271434,3,2584000.0
0.00046800324814363545,71.70432673285399,3,543027.99142
0.0014772288265712176,76.27350623436007,3,1012000.0
0.011034072168566894,34.895016747453894,2,1606000.0
3.086576247167307e-05,104.81419239852622,4,0
0.00022690302363965895,78.70390619513547,3,571615.44753
0.016376074076373218,54.757474114687305,2,3472000.0
0.05692969416102994,14.576195862875885,2,1676000.0
0.0009243707895490951,85.03778891152297,3,528811.06192
0.0029581295965536193,63.11901959596749,3,1780000.0
0.027891928120815274,29.818309053313552,3,884000.0
0.0028189930023492186,62.484453418828735,3,3854000.0
0.0004826805604773926,86.27718832818555,4,0
0.06776539060322244,16.701730532817596,2,3396000.0
0.0003357138351119757,89.53944540643899,4,0
0.0007627785453930894,79.51561561488857,3,537533.015
0.005769167802220789,54.76631330945591,3,1014000.0
0.005559030662526957,51.006724534074564,2,3736000.0
0.004954503875977794,62.179234323932725,3,1462000.0
0.008953110278967613,43.155996156679024,2,750000.0
0.004898883021023783,27.394864844098873,2,986000.0
0.009637745321285964,27.05440146760966,2,834000.0
0.050769001396320096,19.41222036352073,2,633309.36323
0.00730992776203781,37.40751623037327,2,1242000.0
0.038850124233888325,21.086570953894867,3,770000.0
0.001328286867392909,98.69285672465422,3,718608.79878
0.6620203968894712,2.25004237737736,3,718000.0
0.04251271006713758,13.98967880259761,3,6354000.0
0.00656481019883087,53.98844165668104,3,1809999.9
0.0005835732682315245,85.78014421819859,4,0
0.0001227360779941245,99.62899696554463,4,0
0.0005876416131085706,84.96480655898668,3,535663.01965
0.00011376460152759093,100.51593940443625,4,0
0.9657387469835135,0.3444413766907495,2,1592000.0
0.008449813878281535,35.40138733820703,2,2332000.0
0.019435699516001236,20.742471964258563,2,1730000.0
0.2405999439772448,5.434796586569456,2,1774000.0
0.016999304957545217,43.89670513901126,2,870000.0
0.23671783279570996,6.306042237905115,4,0
0.006785870834304568,6.065672892631199,4,0
0.00014230498176449346,43.40962555218245,3,540188.076
0.0009137353349896968,97.11362231875184,3,1010252.79849
0.002013942876134954,80.94309187895993,3,547979.31437
0.0031914077005154944,59.3508019812802,3,2626000.0
0.001371706758323437,83.42599646344442,3,532419.49009
0.040171597697449477,17.675878556278324,2,916000.0
0.560939129209671,2.663983026927748,3,1932965.88294
0.0001572174847315776,49.84464809329838,3,563660.81928
0.04001375075073642,28.64548728783656,2,1570000.0
0.00026108604237045307,77.50163311102531,3,553892.27137
0.003246626999846676,36.512949404318675,2,1402000.0
0.04193533182300679,27.769477377761795,3,1928000.0
0.006391054644324862,66.09901837051544,2,2214000.0
0.003669571853358173,61.32490486474723,3,2062000.0
0.0034410311321279915,65.8114594043917,2,1056000.0
0.0012896938227143953,80.71828851045392,3,551712.69657
0.003869761155837924,26.412379860212383,3,924000.0
0.0050587089157715795,44.46231750509781,2,1398000.0
0.04035609707275124,23.788847709781837,2,1470000.0
0.0013870999213775803,14.270090408459586,3,548061.69003
0.012658761271124227,15.023731931755684,3,774000.0
0.13477883049490566,9.781228698975076,2,4056000.0
0.002191967539858271,61.61078081440316,3,2012000.0
0.00014969589408729168,94.03693780565547,4,0
0.002726718104908497,38.31513997558246,2,3386000.0
0.000379470519186291,95.6841790942909,4,0
0.0005784699241768616,5.671074670363968,3,573895.47233
0.008418419676726817,37.04725443414147,3,1072000.0
0.0018424162685923315,74.91065248846171,3,559080.80753
0.04300971374840354,20.291600469518354,2,1186000.0
0.0035998504242292124,85.83915191625218,2,1016000.0
0.07168987546314716,18.967844600865902,3,2986000.0
0.06962939615869729,14.106687602389389,3,948000.0
0.00016931956351066673,99.03925616654193,3,996977.82597
0.013109790765465538,29.783245155394972,2,892000.0
0.009779368241004121,5.501139958484648,4,0
0.013288075301106279,23.845284691609827,2,712000.0
0.008238583103108156,46.48168552243319,3,2238000.0
0.010238993266730001,45.2343199463462,3,3514000.0
0.00631057512943143,8.494138051600244,3,568000.0
8.191768410552603e-05,95.97645476898387,4,0
0.00010075436156167833,95.04185937087706,4,0
0.024841503159637342,27.874822855830857,2,6314000.0
0.00010203859692505846,83.7875479232186,3,542912.10066
0.004931871940031863,47.06665939215254,2,1318000.0
0.000585788806225369,101.73123367939408,4,0
0.02593670937098376,36.99315109328637,3,716000.0
0.007531956581315456,55.70784970204867,3,1594000.0
0.00017230101297602377,94.67662529805936,4,0
0.00746548684788731,9.36938069320239,3,573836.08601
0.07556348124876408,23.461714553924207,2,1710000.0
0.002724794071952523,51.55238374146022,3,1062000.0
0.0034254466766311825,63.5694618832309,3,686000.0
0.00018989675606181678,95.55005348179623,4,0
0.0007837758275450057,99.36291829035255,3,1287806.96948
0.006217151906766106,35.38215663470984,2,1378000.0
0.01704866671778795,32.20630644636851,2,1542000.0
0.0011970886362057723,65.43586444887279,3,640000.0
0.0010871382716029676,65.93487685822589,3,1344000.0
0.00509823788385096,5.898118639583084,3,692000.0
0.006602962282124068,36.223637614960055,2,4400000.0
0.10699648259868949,9.715212137947454,2,1628000.0
0.007260657495330071,44.266005493704405,3,1852000.0
0.00024208868807250485,101.33588009762221,4,0
0.01561410006043358,40.47660875084254,2,2550000.0
0.0002250850890175483,97.7349591916487,3,1850892.68781
0.0016966890441315742,74.78173236944377,3,840000.0
0.0055008352992347185,48.49938850460734,2,708000.0
0.004878629012108203,45.81375084704126,3,1113214.72833
0.0026938185462249335,32.29801824515556,2,776000.0
0.00761074261805994,70.9594276313605,3,1582000.0
0.003310509523476368,29.480577615147894,2,1330000.0
0.04771573027617845,21.344485643095247,2,3882000.0
0.0032145255653412293,32.224272027191724,2,972000.0
5.709925508632525e-05,64.73811609080728,3,538769.48836
0.009622193768299269,33.574404359589884,2,720000.0
0.00018426481552093223,95.49962374712891,3,565533.0226
0.011726773398408748,39.996473263355135,2,645496.92841
0.407301883080027,2.643548195585764,2,1484000.0
7.456026190936615e-05,96.677051055126,3,538724.41331
0.005751312854237349,8.032230797908202,3,581543.88585
0.0003296097157275849,52.36422616630739,4,0
0.0029808968489053863,59.91037181685114,4,0
0.4864809320821112,2.1475848855999264,3,2840000.0
0.0067944132602589385,38.772189222165366,2,798000.0
0.006398825589385674,164.02882947332034,2,1134000.0
0.0076371878296168415,45.60845019283742,2,1113901.53149
0.0005274777578466554,90.24913096818632,3,7005585.76843
0.005609323239257848,65.18086256746943,3,1926000.0
0.0016808790043558106,73.39462215612734,3,1554000.0
0.003791380881351937,35.86309079279754,2,1732000.0
0.006918479908174616,62.99040970849544,3,1062000.0
0.29736929547896485,5.203508592146812,3,616707.68101
0.19459053521090494,7.419787130210901,3,824000.0
0.0019147936299941666,39.09269660874088,2,1198000.0
0.0003026668702017577,101.7142866777707,4,0
0.007740887828143417,268995.56586114055,1,686000.0
0.07855601077730068,23.295356516435902,2,2068000.0
0.01768135129052087,29.03275899420843,2,1316000.0
0.003018664992516816,62.736540250492,3,788000.0
0.0014684766356872323,74.23292366085731,3,1890000.0
0.0013192395462708413,78.75338345676793,3,557263.16996
0.22199910964341155,6.562486953389661,3,3006000.0
0.0014543353648898897,70.57035992042358,3,739810.21249
0.008664397129706939,61.467270171392876,2,1690000.0
0.02358966128610466,24.746159693360752,3,726000.0
0.5105056854991576,1.9066257868051837,2,2500000.0
0.011335503742580993,56.34594653417444,3,1966000.0
0.005321458660454821,58.25596716865919,3,1522000.0
0.08396882291436948,16.81884449513145,3,7356000.0
0.00023627870909899404,96.31417777635744,4,0
0.020274594202661925,27.15812247416964,3,9996000.0
0.0005548173978970519,77.68220244233207,4,0
0.09724669844649715,12.212726278359035,3,934000.0
0.0005810492632264316,71.62366906041099,3,598000.0
0.012199654182848851,6127395.712863798,1,1464000.0
0.0033777896937150706,70.04440970747713,3,772000.0
0.0011053293799384114,80.99582308017946,3,521563.34413
0.0037806076896536303,31.362769600042878,2,828000.0
4.857357734613643e-05,100.9136554236998,4,0
0.00823102020756721,38.51672009480361,2,1788000.0
0.0003838306299294465,7.339355683251648,2,587547.24814
0.0003515757582982204,63.32636065438506,4,0
0.004614372073345101,37.734590225047086,2,3458000.0
0.002108223207271024,28.384907495896343,2,5448000.0
0.02200505995773021,32.32935189945758,2,652543.82685
0.992552844815938,0.39311314339677655,3,1826000.0
0.1847803926307944,7.873862915973343,3,6234000.0
0.030909748204733214,23.313662645093082,2,1106000.0
0.004520845657629313,67.87400968221357,3,1598000.0
0.018908979144575507,41.13064993430775,3,1374000.0
0.01078906318902761,63.11851102359698,2,2502000.0
0.003269108298100526,22.137515543258157,2,578776.43768
0.06389235221450033,13.597443848654924,3,1146000.0
0.01025889513101657,32.379204051351024,2,1970423.5218
0.3689036484203223,4.082241091025191,3,774000.0
3.600115146708478e-05,87.3059267626961,3,545298.75027
0.001444906141331923,93.88478326690306,2,1588000.0
0.03539066311712623,24.321141044941367,2,2212000.0
0.0003643175944892501,95.24523484344653,4,0
0.08680107923040008,13.13795534206065,2,1014000.0
0.010944306780944347,33.2297679485437,2,2170000.0
0.01599496837212785,29.730796092496867,2,948000.0
0.017692001872465942,24.02806146188233,2,6536000.0
0.015180642354665593,29.41938596297533,2,1644000.0
0.8609972537573559,0.700897688630979,3,5614000.0
0.0008901054745206914,53.9990121100804,2,1536000.0
0.001535919022474762,62.65227916686835,3,1100000.0
5.4793874255750444e-05,94.96969990228054,4,0
0.0994946837539889,10.096795711343223,3,2564000.0
0.00033134072924491143,52.680584421345074,3,720000.0
0.007339035279058306,39.693754993436606,2,660000.0
0.052608144508394905,19.122697085507394,2,1210000.0
0.014543414868318028,39.86157843099103,3,1406000.0
0.0003178794977695789,79.929550166449,3,532808.02383
0.00035110357828296564,84.57471674077546,4,0
0.002568044894251608,49.179122871591154,2,1277255.70619
0.0027635514407099797,72.45319251301115,2,668909.64292
0.011165442038131902,48.25196309366188,2,764000.0
0.00021689033281939945,91.15460152464205,4,0
0.006468438479055497,50.14033950781352,2,2386000.0
0.007664999878114249,43.91098287695672,3,914000.0
9.000375344789171e-05,89.21072416958195,4,0
0.0005790157593114142,90.36574039863234,4,0
0.008286765348324043,84.2469832129123,2,1586000.0
0.0334146066840773,28.593067341921913,3,2790000.0
0.00022174430915934633,82.75608100635833,3,554448.83489
0.0031542419717630844,27.73848252810215,3,555899.33916
9.103583504233974e-05,100.57708238068052,4,0
0.0896796269900471,7.990387793456151,4,0
0.00372000918538867,78.28191375642804,2,4172000.0
0.008414569539007197,33.539590108358894,3,1096000.0
0.00025847210614100624,96.26664320990547,4,0
0.14306691381894185,10.512468718048337,3,5458000.0
0.0008926857672771045,100.63660123991419,3,1013221.2822
0.04922195669681092,28.222820413113656,2,1916000.0
0.03640760211639333,21.473580779220086,2,4722000.0
0.0007244302216208262,94.33599335532556,3,529027.22293
0.0001484286372934391,93.32513675126712,3,559323.55566
0.02029799669417824,29.328558165820606,2,4062000.0
0.017322843209322647,33.83780586395876,3,1536000.0
9.675649215962033e-05,95.93134988901603,4,0
0.010033711695580854,45.643856984773564,3,1424000.0
0.23414094527111076,6.239739720971236,3,1140000.0
0.02778380465931401,28.73381475035146,3,1752000.0
0.03669521449115961,18.66454048761656,2,1370000.0
0.02868494534100178,25.489905438559582,3,1951949.68561
0.22088919041887392,6.25621212505471,3,3390000.0
0.04053973480947288,18.750467476777196,2,608000.0
0.04055244774118419,16.098105180757653,3,2672000.0
0.00023900694693840095,100.01121443403598,4,0
0.00023460339372605364,88.28125413904725,4,0
0.0006110929630295051,59.20140212856513,3,702000.0
0.010205623476440322,57.03419284081521,4,0
0.5226326542881847,3.1180213213547483,4,0
0.0040792000307881375,50.5481816334711,3,1072000.0
0.009808599119443333,34.35387177618855,2,1020000.0
0.08643118689688851,12.534339904769807,2,3622000.0
0.00012245390610516607,100.51090829478292,4,0
0.006990605895739486,34.11383760842097,2,2048000.0
0.0001673566350310228,100.44519560322081,3,547376.76347
0.0010428893088069203,84.03397763470728,3,8170502.12364
0.0034393804936493303,95.79087483304002,2,635167.21105
0.020722929552788705,34.4623013442728,3,3128000.0
0.006009439411629555,59.09978996640561,3,888000.0
0.00025721399259342423,95.89709672522606,3,3137549.75707
0.0009092092500863888,80.17869159717068,4,0
0.018436932383827917,24.119207682246465,2,1578000.0
0.004062926436028508,39.40351004897974,3,1152000.0
0.015031615802737696,27.873162786289683,2,1284000.0
0.02321869254166933,30.60700437678686,2,2984000.0
0.2414451949223286,6.0170738440240745,3,1466000.0
0.008868045038059899,7.926042715076166,3,535338.96153
0.025439349324701863,28.24668591144231,2,968000.0
0.004629037384843943,10.05273439251222,3,565372.2531
0.017174673515575587,41.993956377792514,2,4698000.0
0.32650664767851073,3.4392180081690267,2,1952000.0
9.178726213249473e-05,95.308852692737,3,527550.51996
0.001134209431029925,82.96718305917044,3,534785.84907
0.0016805263003929973,93.84774403270607,3,933136.32072
0.0008349908129744435,76.24506554791625,4,0
0.00028101341868734243,85.37478683252422,4,0
0.15726400971416488,7.586644674494918,2,6650000.0
0.0017676527732869071,13.037804217726249,3,1424000.0
0.05016236686969605,8.639739776557777,3,2138000.0
0.0002066605955505749,69.75961623463711,3,578370.01611
0.053976942781462936,17.7232668548782,2,5404000.0
0.0016077106058462489,63.338985003076104,3,1240000.0
4.460598787604194e-05,103.94497588451792,4,0
0.004200600562940855,72.15176023023164,3,3056550.97205
0.00017788172020154834,78.789974269211,3,543131.80101
0.13045381849285226,9.590802534382217,3,1474000.0
0.00013863595345842933,94.05768373048744,4,0
0.022191300127904552,31.93369335895626,2,1646000.0
0.6897829040388556,1.0315699783026002,2,1766000.0
0.03310530124566977,18.83997390882312,2,1586000.0
0.0012893711026045382,61.458105097952284,3,824000.0
0.041653347100651605,23.60850053376983,2,3442000.0
0.044138252117135506,24.109207731485235,2,1982000.0
0.003277404770348137,66.86886480891269,3,1216000.0
0.0860725243110393,12.40080156316281,2,2250000.0
0.006181922355251144,6.672210910761837,3,554758.92024
0.0005658192422176114,98.82579404152966,3,5131393.45012
0.06637218101575168,14.806428931075848,2,1216000.0
0.009231540237224311,54.73117272330414,3,664000.0
0.004212850637894098,56.40635229193917,3,1104000.0
0.026160941510066794,19.057646162035912,2,3278000.0
0.004082582585045011,40.548410946153226,2,2266000.0
0.0012909262025592237,54.361440539151836,3,928000.0
0.004410980806669029,62.19733394312477,3,862000.0
0.0030923426996689834,14.58925112760143,3,576989.91179
0.0005077918963000595,100.00748619814394,4,0
0.003337851606800435,59.006801956117,3,1964000.0
0.024864702241274083,31.344580898478622,2,1406000.0
0.000555986505467172,86.83245253804495,4,0
5.76058618662014e-05,102.70147237883721,4,0
0.0002698758779425844,91.2502078351082,3,1697525.38936
0.0072511631877884035,34.91449546461302,3,1546000.0
0.009687177688788203,35.66893223680587,2,2568000.0
0.008847729477267401,7.943318385217396,3,537280.38249
8.658326825978477e-05,98.20495471706447,4,0
0.009204144501903254,78.3937978568437,2,2018000.0
0.015572627443947913,41.58851705661252,3,3678000.0
0.04940313735685287,13.440837074219859,2,926000.0
0.0014555086339346267,94.02702757245319,3,562821.86493
0.25966217057736174,5.767153082286708,3,1028000.0
0.0391530959362726,10.337926286595302,3,5480000.0
0.00046526259352972697,40.85223799473149,3,547769.96446
0.0007152462420541768,88.75787797212914,4,0
0.0043417221728091395,25.188758574687203,2,1290000.0
0.02899766929073333,33.04481308525697,3,9954000.0
0.0009082366779756776,82.13418029584174,3,2236000.0
0.0006949209932489418,81.9032192336009,4,0
0.01241871250131407,53.97422058921484,3,9266000.0
0.023453919898439233,30.06300420295689,3,7600000.0
0.0725493065959977,15.004737191263052,2,1084000.0
0.01018915011595615,6.131825627148731,3,596000.0
0.19311840658792007,8.125667534943652,3,4458000.0
0.010218198068654507,39.10694757109182,3,2016000.0
0.03920249364463558,23.26214727861437,2,756000.0
0.0006515690535851533,94.01193825429282,3,579217.01602
4.8895372032577886e-05,100.40643021258437,4,0
0.02154187210704605,33.394995253721035,3,4380000.0
0.019631892617391497,24.68753948338473,2,5974000.0
0.05059758796129085,21.05888131953561,2,734000.0
0.0024853670458480606,70.67219050993347,2,1800000.0
0.0031909783633728853,73.22514651823228,2,3712000.0
0.0007411690242853375,9.36837183517673,3,1640000.0
0.01527004071665272,34.11341070503729,2,3214000.0
0.004931398038908479,92.7980618269578,2,1429999.9
0.010644825563700732,31.311863249046933,3,1124000.0
0.0021980723514409273,46.37897013292713,3,798000.0
0.00566195875835441,26.318482649390578,2,1366000.0
0.0005846330848140052,90.23769288259169,4,0
0.012936779493811421,32.88274192942557,2,2510000.0
0.0009086415298094991,88.41488364738686,4,0
0.0003147486183255844,90.57479104223488,3,1024015.34529
0.0052292599456628,32.14057009605458,2,1222000.0
0.011404451656951354,37.034682142622046,2,1202000.0
0.03744721403122803,18.767068356344804,3,1686000.0
0.009813619535209352,10.018281783322074,3,644000.0
0.005845769755402545,44.746672289541344,2,4594000.0
0.00014409971666287782,91.02792976215893,3,561756.29632
0.01147596380832414,9.21327074725093,3,548000.0
0.0004016350281399603,95.99928800696112,4,0
0.12300573716054895,9.107301151709743,2,3684000.0
0.06081359885584396,18.64393375217701,3,1210000.0
0.06280856711497214,15.405926113649029,3,2494000.0
0.008612962770023682,52.58838878405858,3,642000.0
0.013087939029536817,66.21939348147903,2,746000.0
0.10417973865042947,4.2449086518546935,4,0
0.01153359462799436,31.6650705520429,2,1510000.0
0.01110960719695137,8.951090676460751,3,558484.01489
0.010266131980586981,4.2899014787735315,3,539692.25007
0.0017403593166698777,59.11762406805051,3,668000.0
0.022482130435336537,32.92427713261838,3,736000.0
0.007636223401043713,50.22940367250525,2,548818.40712
0.0074744487978063495,26.848723228639905,2,828000.0
0.5040659377748947,3.1271321162258303,2,1272000.0
0.0008954906001348304,7.215958844616007,3,966000.0
9.181107943615716e-05,91.37981765295558,3,544984.00878
0.0032556636971312696,142.18974260865699,2,712000.0
0.006342487223859593,40.997907576477424,2,3502000.0
0.0018373066629819462,54.57343762639017,2,1464000.0
0.1541467484842488,9.125709905124323,3,1252000.0
0.08036164401616416,11.218409100385301,2,878000.0
0.017518211550009596,40.048392924131804,2,1190000.0
0.000963369948303743,101.18386238694566,3,794825.74346
0.007820565035563578,69.95612359286183,2,2918338.15906
0.002803642843890031,119.92910043637545,2,4090000.0
0.004666317615694454,38.84173614656812,2,578000.0
0.0006124027950097041,82.8397740058395,4,0
0.007744035834612109,19.99939319089413,3,1626000.0
3.45222168095864e-05,97.52382961120546,4,0
0.011351101115371071,31.531715456125042,3,3758000.0
0.006383225546164027,47.51366104272954,2,2188000.0
0.004895869919924731,51.00110707508881,3,1548000.0
0.003231171522772978,46.52740837842057,3,1180000.0
0.05051298264294372,17.447340404283544,4,0
0.001246401960629212,69.05623549908387,3,1500000.0
1.4007383435538811e-05,98.89838364987314,3,538787.8765
0.005168604318536778,47.77079418754888,3,1354000.0
0.000991890233766794,68.72906487185661,2,972000.0
0.00011383144022074735,104.60676343950347,4,0
0.01655175407208424,34.44422160958759,2,4348000.0
0.00773447258743886,34.070699227972234,2,2394000.0
0.012742011727608582,57.50276461854836,2,2272784.03372
0.11575434883363916,12.708367756905053,2,668000.0
0.0027769393459073652,36.38864995901206,2,1414000.0
0.0011485799186069965,92.1662204609457,3,532792.90955
0.001321363867285394,86.32202519993481,3,1050637.26801
0.0032851747723359878,84.67601044533315,3,550355.08027
0.7024726415995354,1.1990932282724642,3,5038000.0
0.019420804679208672,22.889158716102475,2,900000.0
0.013179072914285776,7.039233792661955,4,0
0.013269452032868894,26.8271949848482,2,1166000.0
0.021827198773987373,29.987724418180097,3,925698.89032
0.10492926958081901,12.592308411253343,2,2358000.0
0.08022363881651154,17.30528007844724,3,1886000.0
0.0009033242986856837,41.901621768810486,3,529910.32366
0.00035601361406001065,98.85133273935422,4,0
0.024963658210732223,37.688196237790926,3,1094244.32825
0.002675516164020076,60.75730883969784,2,1176000.0
0.007331305097409934,6.87384582405961,3,562487.73653
0.0010631080673522881,93.06748594152315,3,5637164.47367
0.07862790737527862,12.149651706968088,2,4640000.0
0.713991141988829,2.4992257965712743,3,606141.03595
0.0005557011102919173,29.99460825931706,2,557029.33016
0.06299536176298362,18.390042252933338,2,1822000.0
0.0019505341065732052,49.44137231120253,2,1088000.0
0.0018962153862457718,34.48598050953245,3,678000.0
0.0024106142833643564,83.3866886827883,2,2082000.0
0.03456072415250899,34.9542868081384,2,6522000.0
0.019549366240393124,35.46892228587355,2,4610000.0
0.0015020360812761603,49.55116269839131,2,640069.32893
0.4263433572274571,3.8450543108033832,3,3666000.0
0.0018808067194920628,63.715943331251665,3,648000.0
0.16659206225112116,8.460310542889633,2,5574000.0
0.020014753197317995,19.37610383358933,2,1630000.0
0.00011378308924545595,101.22440921613867,3,1023835.99772
0.0003672988043121829,103.27556796609754,4,0
0.004598391612563997,43.07942696531094,2,876000.0
0.004400124408711721,70.6424592752127,3,570000.0
0.008131725958275384,58.125952185700854,3,2448000.0
0.0007690316239308558,82.82042139051295,4,0
0.007636396914243988,40.669197781215416,3,838000.0
0.016368183049550546,51.97733406713342,2,802000.0
0.08467924304224562,16.09888678871144,3,1788000.0
0.006476862030844896,47.079403745636505,2,697999.9
0.0004944504322184674,97.83999480255437,4,0
0.002149066859123413,70.43780520099884,4,0
4.8080441827318764e-05,94.36893780381642,4,0
0.06289653280927801,16.179072101641033,3,6848000.0
0.0002854773163470261,89.60867770689558,4,0
0.01642605133401875,36.31476370438005,3,4966000.0
0.0029831523640321523,9.075990367300706,3,1038000.0
0.00418469383058838,55.42497637068017,2,2866000.0
0.005871821869697367,39.627132178664596,2,1772000.0
0.009285480446399378,31.504635104757476,2,1278000.0
0.052091445922395674,34.87848701094299,2,3354000.0
0.007172839777908794,50.9222154850085,2,2432000.0
0.0033215828523091117,7.690820945156686,3,2150000.0
0.022950898091110564,29.170332376383072,2,1836000.0
0.005909365025534498,7.588042977897202,3,561488.42907
0.0005381536070715316,96.33989587453584,4,0
0.718983986869074,1.9679896798557177,3,612000.0
0.012972913882389909,44.098301050430074,3,5716000.0
0.0005423080400078574,71.91877427116584,3,550099.07349
0.45945928812243253,3.1796787962438966,2,1772000.0
0.0005265068748642403,92.77898434075638,3,1085131.34912
0.022778157012367094,28.39369752179953,3,1312000.0
0.000636270011530513,65.03843768327621,3,616000.0
0.00044935700217766544,95.4939487613703,4,0
0.0006499233035405877,74.01085750405501,3,531794.43508
0.00829274722114702,42.721339015004816,2,806000.0
0.020231616971294292,26.822894035147428,2,3614000.0
0.0018657250581859237,63.68765969561338,2,2032000.0
0.0074862637047179055,5.671397038058587,3,543181.30845
0.012504982328687264,4.587267479348707,3,554576.87893
0.0017945587592768893,45.64287172412934,3,557512.72312
0.00016649694869888377,104.55501465533034,4,0
0.007544499465549701,13.07080915817318,3,5160000.0
0.0032217514391305797,58.31562188139735,3,744000.0
0.0001326504288029308,91.07782540832929,3,1496295.76074
0.0004472013832318522,9.22525019932885,3,673783.94272
0.006166335871957347,36.63756142528395,2,1754000.0
0.05355781589591342,10.515942757925266,3,2254000.0
0.002122782726129477,12.570997917361698,3,563320.14533
0.00041638044752003795,103.86400422541439,3,1018179.35237
0.0005450544887893266,93.60071564360075,3,592997.24751
0.014951774515907679,3849378.140021381,1,2338000.0
0.04338943417114994,20.437540011630325,2,2156000.0
0.0020683657610963808,39.36495417226669,2,894000.0
0.0003187316814362135,93.96462471459127,3,910925.42279
0.005898518328583865,56.72331649824242,3,1484000.0
0.004522331138388382,59.98335922641621,3,628000.0
0.005148391090924733,38.58767589298448,2,1194000.0
0.0016554824002337715,25.412999200923583,3,732000.0
0.005437683958988608,46.553631734706556,2,633895.99016
0.027416823044761802,37.474497593082845,2,1280000.0
0.05572622423132132,19.99713948773517,3,8110000.0
0.014479937163136171,28.666300370547198,2,1998000.0
0.29835440319077416,4.075054924203599,3,4172000.0
0.0008135995314309105,62.993098617286456,3,542394.73519
0.005294534537978371,53.69983220980143,2,778000.0
0.00016963651386336153,90.71521307721564,4,0
0.019033453231787133,33.48675824307914,2,1028000.0
0.008870454464367072,5073037.629987405,1,1370000.0
0.8264445949107703,0.6561466170765301,2,1530000.0
0.0014081396611818028,50.453302817068646,2,1102000.0
0.0014955309837238948,83.78116770900239,3,556600.50644
0.0012282156777517273,5.113837890471722,4,0
1.914238008004874e-05,106.5003388815775,4,0
0.018227972325728158,42.57171590675964,2,2054000.0
0.0002499410381130114,36.28157812461037,2,1156000.0
0.005416536946328899,54.550191526636,2,1521095.16126
0.02875268613041517,26.055068974759887,2,858000.0
0.0003749673734763439,95.452024576554,4,0
0.015802660760677833,41.05741152126176,2,952000.0
0.00021814414859733813,89.64272511731912,4,0
0.02408951718794553,45.41351312655439,2,1384000.0
0.00039926358158368384,4.972813366093365,2,586227.21448
0.33352691650540117,4.130470628193362,3,1214000.0
0.021699332596885466,28.24597148347198,2,1682000.0
0.0007478444707827494,80.88240808055156,4,0
0.06562983474513184,2334437.4236037196,1,1152000.0
0.00019210867471924453,99.28084364339198,3,535423.90691
0.004384163488353591,11.985278048364227,3,553283.2555
0.011502554156201923,39.094612657759505,3,1474000.0
0.004055617405561843,32.785506586447156,2,6330000.0
0.25515065775498735,3.172219497688085,4,0
0.005017705323897974,48.23647594130005,2,1170000.0
0.005495040112037435,73.39104243369516,2,1172000.0
0.011924178918069073,38.78678177650637,2,1342000.0
0.008445907848911418,141.33880419160357,2,1718000.0
0.0005728100328404444,72.38754814662914,3,592000.0
0.1166524732142177,12.978253143542917,2,2696000.0
0.0141678821029963,18.126246399802667,3,874000.0
0.00022737401307758624,95.56885073369598,4,0
0.00456517729572865,46.427896400663535,2,1236000.0
0.009597877765217443,24.650197539671733,2,1892000.0
0.011096872382418594,40.79170958454535,2,966000.0
0.0009962939215241915,100.02114464082969,3,3902000.0
0.0008485970344175157,100.1378190987903,3,562377.10115
0.001005831073776728,63.62445460597664,3,6516000.0
0.008050689254103568,38.63940787438448,2,3348000.0
0.00041288329967578723,101.9105921265533,4,0
0.006749261618534087,76.45730503102007,2,1426000.0
0.007537173540967158,53.25646012397365,3,4482000.0
0.0040669608103852525,12.93052749756775,3,540061.67511
8.312068855143312e-05,99.7264904907678,4,0
0.007191158380540126,30.161199075528902,3,544825.14168
0.00017212670553948492,57.11772662796685,3,534141.43785
0.0007314319452498744,51.16301188939553,2,1168000.0
0.00014268416330403993,90.18139054218234,3,531034.68992
0.0004295376693043508,48.9497357256027,3,651694.05493
7.77644768892458e-05,29.955039195051274,3,561328.88416
0.017882363481904622,37.90294974632596,3,1058000.0
0.006224721474470918,49.73696820618083,2,688000.0
0.0003371810621948991,100.93167939011683,3,520838.45041
0.001110573073487447,57.50674297512818,3,994000.0
0.00037617409381153174,84.85090940554484,4,0
0.01635793715128064,32.31349952154932,2,676000.0
0.0019278377916390418,38.00431323155923,2,1984000.0
0.052733893265282675,20.01281095805725,3,758000.0
0.00021431627567105409,97.56938266983195,3,557118.28767
0.042408560784094024,25.004572929012852,2,988000.0
0.005938836733646637,28.015190675184886,3,2416000.0
0.002619684266799806,85.61248544775408,2,536732.05501
0.00037428157942757327,95.40225390907251,4,0
0.0003199759118198882,95.06856541071971,4,0
0.01973660999379547,26.59256858983834,3,706743.17856
0.0068922585306688995,41.62941265338859,2,876000.0
0.0019626998109697497,46.53475324971,3,608375.20144
0.0004670773235298664,91.86076349128928,3,5765899.86625
0.012930660870149378,33.73979883710966,2,1118000.0
0.0029289730559456445,103.69718525139587,2,950267.13352
0.0008114300418112426,45.11792795245187,3,541529.96028
0.007619202975998331,51.95941355113241,3,822000.0
0.00010873664021688696,96.17656922769248,4,0
0.0005047466074007334,96.00080332493621,4,0
9.564244263558048e-05,93.27461025026676,3,831172.04773
0.00046407797408062304,102.54421891658703,4,0
0.5338468902098245,1.7986890605327466,2,1982000.0
0.01705028527189759,27.271939000060687,2,1334000.0
5.559821431751842e-05,96.11267492620598,3,593615.18842
0.0002817678143006547,101.73444406512512,4,0
0.004406253138935185,4.51252320203699,3,1744000.0
0.02713102665481876,20.144186995825162,3,3504000.0
0.011054123919541976,4.816901801086462,3,550133.89018
0.007582022144611265,43.460911559649965,2,1654612.22679
0.0014290352502368295,111.63760332322678,3,7482000.0
0.012401175888936904,34.65111985267394,2,800000.0
2.964205245185644e-05,104.37121521300487,4,0
0.021554733784383672,37.64611390127958,2,2038219.96841
0.0005277096186004097,88.37361106469427,3,542510.09331
4.464612994723627e-05,100.90902192265972,3,539272.42078
0.001229247399267535,82.20405765997013,3,670014.33894
0.022861506881084796,31.735454497540843,3,5886000.0
0.004766133248536881,22.69258702435899,2,1090000.0
0.0008194731251639065,79.09363066439217,3,2295113.97535
0.0022889978750753573,81.65870761048419,3,6803841.45215
0.005849894954149651,30.344499510820306,2,1984000.0
0.01751941447400793,35.79252254128709,3,1582000.0
0.9013487066921164,1.643028389841954,2,4088000.0
0.006873439787811593,7.916901101071525,3,3755995.79714
0.0007456402338365605,84.52037914430355,3,575497.37771
0.09420100953655938,13.623618241418912,3,1208000.0
0.07961369273374266,10.099475742984628,3,2492000.0
0.04485797223076003,20.54250874709792,3,9050000.0
7.183581963609706e-05,89.54296224125648,4,0
0.08267177776866505,14.24834924051018,3,5256000.0
0.00024599601076717546,87.1172676605644,4,0
0.008865944893236801,61.44548830368043,2,626000.0
0.005575014256697741,52.439231136183665,2,912000.0
0.1228098899696381,8.365771528359788,2,2712000.0
0.4334816668858341,2.4997613188906613,3,1074000.0
0.0019599261830764146,76.72755669946432,3,632728.3305
0.00033054955999045393,86.59346357730188,3,553085.19401
0.0033133731672260096,47.43902520620832,2,1136000.0
0.000566168691305203,84.00965024916204,4,0
0.0032265789313679336,63.063927325808734,3,5240000.0
0.0005333427183117676,89.81663779566878,4,0
0.32134938227325704,3.7668422788302163,2,1910000.0
4.515506907589865e-05,100.41942359768022,4,0
0.003233855468057158,5.8676863452127686,3,668000.0
0.002770290916485104,17.989544744574612,3,546053.27619
0.6987622571838378,1.9904624755304712,3,6804000.0
0.05581787568034698,13.879373119160656,3,3266000.0
0.02483515239191751,27.029524824438152,3,1918000.0
0.0018242026505825384,73.71434471569756,3,898000.0
0.01605605088909736,43.353818448680634,2,2400000.0
0.007418116547503069,5.655781942449956,3,587933.35019
0.004981145475626396,10.685160719507914,3,540625.05828
0.011854986831125807,51.72283568645201,2,1370000.0
0.0016685749364046224,96.38263084069544,3,696464.15858
0.0024027571394494985,39.23483968043422,2,1002000.0
0.026930942781402477,38.5881247827772,2,2470000.0
0.01179906394775778,4.232287299259143,3,580073.91043
1.4937583821060177e-05,103.87239076933363,4,0
0.0008295245164507876,88.006233766636,3,968000.0
0.0013835870033886716,7.669769333163917,3,1414963.3181
0.0070331196328139904,38.67036333284431,2,1010000.0
0.029240660565078,19.57956253473656,2,1838000.0
0.00014956684369734027,99.68106682325376,3,609251.54003
0.002896156791575576,82.2819401707472,2,618000.0
0.09355814114010785,14.315336726292173,3,2062000.0
0.0006800720554281574,41.43171738706973,3,533822.94402
0.0014217596316454468,65.08287751257349,3,7826000.0
0.051778551383141455,19.429821854359243,2,2426000.0
0.019909473545305388,28.430129644571682,2,3102000.0
0.009509326730094594,29.900808613855336,2,1332000.0
0.11089637242144502,12.211404314221268,3,4096000.0
0.006781197292966249,29.348987103929723,2,938000.0
0.0005532838391826258,106.16659197799135,3,6457036.24612
0.00012079572753637648,99.06185592665179,4,0
0.008310429431203572,25.634977141757435,3,3904000.0
